uid,image,patient_id,group,main_split,fold,width,height,frame_ok,masks,split,ref_mm,ref_mm_1,ref_mm_2,ref_mm_3,ref_mm_4,ref_mm_5,ref_mm_6,ref_label,has_dash_zero,has_ambiguous_100_999,A_p05_px,A_p05_region_1_px,A_p05_region_2_px,A_p05_region_3_px,A_p05_region_4_px,A_p05_region_5_px,A_p05_region_6_px,A_p05_lipanchored_px,A_p05_lipanchored_region_1_px,A_p05_lipanchored_region_2_px,A_p05_lipanchored_region_3_px,A_p05_lipanchored_region_4_px,A_p05_lipanchored_region_5_px,A_p05_lipanchored_region_6_px,A_p10_px,A_p10_region_1_px,A_p10_region_2_px,A_p10_region_3_px,A_p10_region_4_px,A_p10_region_5_px,A_p10_region_6_px,A_p10_lipanchored_px,A_p10_lipanchored_region_1_px,A_p10_lipanchored_region_2_px,A_p10_lipanchored_region_3_px,A_p10_lipanchored_region_4_px,A_p10_lipanchored_region_5_px,A_p10_lipanchored_region_6_px,A_p25_px,A_p25_region_1_px,A_p25_region_2_px,A_p25_region_3_px,A_p25_region_4_px,A_p25_region_5_px,A_p25_region_6_px,A_p25_lipanchored_px,A_p25_lipanchored_region_1_px,A_p25_lipanchored_region_2_px,A_p25_lipanchored_region_3_px,A_p25_lipanchored_region_4_px,A_p25_lipanchored_region_5_px,A_p25_lipanchored_region_6_px,A_median_px,A_median_region_1_px,A_median_region_2_px,A_median_region_3_px,A_median_region_4_px,A_median_region_5_px,A_median_region_6_px,A_median_lipanchored_px,A_median_lipanchored_region_1_px,A_median_lipanchored_region_2_px,A_median_lipanchored_region_3_px,A_median_lipanchored_region_4_px,A_median_lipanchored_region_5_px,A_median_lipanchored_region_6_px,A_min_px,A_min_region_1_px,A_min_region_2_px,A_min_region_3_px,A_min_region_4_px,A_min_region_5_px,A_min_region_6_px,A_min_lipanchored_px,A_min_lipanchored_region_1_px,A_min_lipanchored_region_2_px,A_min_lipanchored_region_3_px,A_min_lipanchored_region_4_px,A_min_lipanchored_region_5_px,A_min_lipanchored_region_6_px,A_max_px,A_max_region_1_px,A_max_region_2_px,A_max_region_3_px,A_max_region_4_px,A_max_region_5_px,A_max_region_6_px,A_max_lipanchored_px,A_max_lipanchored_region_1_px,A_max_lipanchored_region_2_px,A_max_lipanchored_region_3_px,A_max_lipanchored_region_4_px,A_max_lipanchored_region_5_px,A_max_lipanchored_region_6_px,B_p05_px,B_p05_region_1_px,B_p05_region_2_px,B_p05_region_3_px,B_p05_region_4_px,B_p05_region_5_px,B_p05_region_6_px,B_p05_lipanchored_px,B_p05_lipanchored_region_1_px,B_p05_lipanchored_region_2_px,B_p05_lipanchored_region_3_px,B_p05_lipanchored_region_4_px,B_p05_lipanchored_region_5_px,B_p05_lipanchored_region_6_px,B_p10_px,B_p10_region_1_px,B_p10_region_2_px,B_p10_region_3_px,B_p10_region_4_px,B_p10_region_5_px,B_p10_region_6_px,B_p10_lipanchored_px,B_p10_lipanchored_region_1_px,B_p10_lipanchored_region_2_px,B_p10_lipanchored_region_3_px,B_p10_lipanchored_region_4_px,B_p10_lipanchored_region_5_px,B_p10_lipanchored_region_6_px,B_p25_px,B_p25_region_1_px,B_p25_region_2_px,B_p25_region_3_px,B_p25_region_4_px,B_p25_region_5_px,B_p25_region_6_px,B_p25_lipanchored_px,B_p25_lipanchored_region_1_px,B_p25_lipanchored_region_2_px,B_p25_lipanchored_region_3_px,B_p25_lipanchored_region_4_px,B_p25_lipanchored_region_5_px,B_p25_lipanchored_region_6_px,B_median_px,B_median_region_1_px,B_median_region_2_px,B_median_region_3_px,B_median_region_4_px,B_median_region_5_px,B_median_region_6_px,B_median_lipanchored_px,B_median_lipanchored_region_1_px,B_median_lipanchored_region_2_px,B_median_lipanchored_region_3_px,B_median_lipanchored_region_4_px,B_median_lipanchored_region_5_px,B_median_lipanchored_region_6_px,B_min_px,B_min_region_1_px,B_min_region_2_px,B_min_region_3_px,B_min_region_4_px,B_min_region_5_px,B_min_region_6_px,B_min_lipanchored_px,B_min_lipanchored_region_1_px,B_min_lipanchored_region_2_px,B_min_lipanchored_region_3_px,B_min_lipanchored_region_4_px,B_min_lipanchored_region_5_px,B_min_lipanchored_region_6_px,B_max_px,B_max_region_1_px,B_max_region_2_px,B_max_region_3_px,B_max_region_4_px,B_max_region_5_px,B_max_region_6_px,B_max_lipanchored_px,B_max_lipanchored_region_1_px,B_max_lipanchored_region_2_px,B_max_lipanchored_region_3_px,B_max_lipanchored_region_4_px,B_max_lipanchored_region_5_px,B_max_lipanchored_region_6_px,C_p05_px,C_p05_region_1_px,C_p05_region_2_px,C_p05_region_3_px,C_p05_region_4_px,C_p05_region_5_px,C_p05_region_6_px,C_p05_lipanchored_px,C_p05_lipanchored_region_1_px,C_p05_lipanchored_region_2_px,C_p05_lipanchored_region_3_px,C_p05_lipanchored_region_4_px,C_p05_lipanchored_region_5_px,C_p05_lipanchored_region_6_px,C_p10_px,C_p10_region_1_px,C_p10_region_2_px,C_p10_region_3_px,C_p10_region_4_px,C_p10_region_5_px,C_p10_region_6_px,C_p10_lipanchored_px,C_p10_lipanchored_region_1_px,C_p10_lipanchored_region_2_px,C_p10_lipanchored_region_3_px,C_p10_lipanchored_region_4_px,C_p10_lipanchored_region_5_px,C_p10_lipanchored_region_6_px,C_p25_px,C_p25_region_1_px,C_p25_region_2_px,C_p25_region_3_px,C_p25_region_4_px,C_p25_region_5_px,C_p25_region_6_px,C_p25_lipanchored_px,C_p25_lipanchored_region_1_px,C_p25_lipanchored_region_2_px,C_p25_lipanchored_region_3_px,C_p25_lipanchored_region_4_px,C_p25_lipanchored_region_5_px,C_p25_lipanchored_region_6_px,C_median_px,C_median_region_1_px,C_median_region_2_px,C_median_region_3_px,C_median_region_4_px,C_median_region_5_px,C_median_region_6_px,C_median_lipanchored_px,C_median_lipanchored_region_1_px,C_median_lipanchored_region_2_px,C_median_lipanchored_region_3_px,C_median_lipanchored_region_4_px,C_median_lipanchored_region_5_px,C_median_lipanchored_region_6_px,C_min_px,C_min_region_1_px,C_min_region_2_px,C_min_region_3_px,C_min_region_4_px,C_min_region_5_px,C_min_region_6_px,C_min_lipanchored_px,C_min_lipanchored_region_1_px,C_min_lipanchored_region_2_px,C_min_lipanchored_region_3_px,C_min_lipanchored_region_4_px,C_min_lipanchored_region_5_px,C_min_lipanchored_region_6_px,C_max_px,C_max_region_1_px,C_max_region_2_px,C_max_region_3_px,C_max_region_4_px,C_max_region_5_px,C_max_region_6_px,C_max_lipanchored_px,C_max_lipanchored_region_1_px,C_max_lipanchored_region_2_px,C_max_lipanchored_region_3_px,C_max_lipanchored_region_4_px,C_max_lipanchored_region_5_px,C_max_lipanchored_region_6_px,selected_method,selected_px_per_mm,selected_mm,selected_label,selected_region_1_mm,selected_region_2_mm,selected_region_3_mm,selected_region_4_mm,selected_region_5_mm,selected_region_6_mm,selected_mm_corrected,clipped,selected_label_corrected,offset_px,selected_region_1_mm_corrected,selected_region_2_mm_corrected,selected_region_3_mm_corrected,selected_region_4_mm_corrected,selected_region_5_mm_corrected,selected_region_6_mm_corrected,A_p25_mm,gap_median_px,n_gingiva_instances,n_lip_instances,n_zeniths_found,qc_flags,alignment_uncertain,mask_missing,empty_prediction,gt_mm,gt_label,gt_mm_1,gt_mm_2,gt_mm_3,gt_mm_4,gt_mm_5,gt_mm_6,gt_alignment_uncertain
high/IMG_7307_jpg,IMG_7307_jpg,high/IMG_7307_jpg,high,valid,2.0,2697,1798,True,oof,holdout,2.8623333333333334,2.511,5.022,0.661,3.172,2.908,2.9,E1,False,False,29.73333333333333,37.4,43.4,22.4,0.0,35.4,39.8,32.266666666666666,39.4,47.4,26.0,0.0,37.4,43.4,36.266666666666666,44.8,54.6,23.0,0.0,45.6,49.6,38.13333333333333,46.6,57.8,26.0,0.0,47.6,50.8,44.0,55.0,67.0,24.0,0.0,55.0,63.0,45.833333333333336,55.0,71.0,28.0,0.0,58.0,63.0,50.666666666666664,61.0,71.0,31.0,14.0,61.0,66.0,52.833333333333336,62.0,75.0,34.0,16.0,64.0,66.0,24.0,32.0,36.0,22.0,0.0,27.0,27.0,26.833333333333332,34.0,39.0,26.0,0.0,29.0,33.0,86.5,95.0,102.0,74.0,74.0,88.0,86.0,88.5,97.0,104.0,76.0,76.0,90.0,88.0,35.11666666666667,37.85,23.0,0.0,54.0,63.0,32.85,37.11666666666667,39.85,26.0,0.0,56.0,63.0,37.85,37.733333333333334,45.0,24.0,0.0,54.0,63.0,40.4,39.78333333333333,47.0,27.0,0.0,57.0,64.0,43.7,43.375,55.25,30.0,0.0,56.0,65.0,54.0,44.5,56.0,33.0,0.0,59.0,65.0,54.0,58.166666666666664,61.0,61.5,30.0,61.0,71.0,64.5,59.833333333333336,63.0,64.5,32.0,64.0,71.0,64.5,32.833333333333336,32.0,22.0,0.0,53.0,63.0,27.0,35.333333333333336,34.0,26.0,0.0,56.0,63.0,33.0,87.66666666666667,100.0,102.0,74.0,88.0,88.0,74.0,89.33333333333333,102.0,104.0,76.0,90.0,90.0,74.0,43.5,56.0,66.0,22.0,0.0,54.0,63.0,45.449999999999996,57.7,70.0,26.0,0.0,56.0,63.0,43.666666666666664,56.0,67.0,22.0,0.0,54.0,63.0,45.666666666666664,58.0,70.0,26.0,0.0,57.0,63.0,44.583333333333336,58.5,67.0,23.0,0.0,55.0,64.0,46.5,60.0,71.0,26.0,0.0,58.0,64.0,46.333333333333336,62.0,69.0,24.0,0.0,57.0,66.0,48.5,64.0,73.0,27.0,0.0,60.0,67.0,43.166666666666664,55.0,66.0,22.0,0.0,53.0,63.0,45.166666666666664,57.0,69.0,26.0,0.0,56.0,63.0,54.166666666666664,73.0,75.0,28.0,0.0,75.0,74.0,55.833333333333336,75.0,78.0,31.0,0.0,77.0,74.0,C_p25,16.8397,2.6475135146904836,E1,3.4739336211452696,3.978693207123642,1.3658200561767726,0.0,3.266091438683587,3.8005427650136285,1.8755282655470902,False,E1,-13.0,2.701948372001876,3.206707957980249,0.5938348070333794,0.0,2.4941061895401937,3.028557515870235,2.5828015263093,2.0,2,1,6,"gingiva_multi_component,region_zero",False,False,False,1.8483108368913934,E1,2.627726292326506,2.820723138655572,0.2969182251216391,0.1781509350729834,2.672264026094752,2.4941130910217684,True
high/IMG_6921_jpg,IMG_6921_jpg,high/IMG_6921_jpg,high,test,4.0,2697,1798,True,oof,dev,2.5318333333333336,1.091,2.909,4.091,4.1,3.0,0.0,E1,True,False,62.28333333333333,24.0,67.0,82.0,93.9,85.0,21.8,63.46666666666666,25.0,68.0,84.0,95.9,86.0,21.9,64.76666666666667,24.0,67.0,83.0,98.0,85.0,31.6,66.26666666666667,26.0,68.0,84.8,100.0,87.0,31.8,74.91666666666667,31.0,72.0,85.0,109.5,87.0,65.0,76.08333333333333,32.0,73.0,86.0,111.5,88.0,66.0,87.0,41.0,90.5,93.0,129.0,95.5,73.0,88.83333333333333,43.0,91.5,95.0,132.0,96.5,75.0,58.333333333333336,23.0,66.0,82.0,90.0,85.0,4.0,61.5,24.0,67.0,84.0,91.0,86.0,17.0,141.83333333333334,103.0,149.0,152.0,162.0,158.0,127.0,143.5,103.0,150.0,154.0,166.0,160.0,128.0,56.51666666666666,24.0,67.0,82.4,85.0,67.0,13.7,58.125,25.0,68.0,84.0,86.0,67.75,18.0,57.98333333333333,24.0,67.0,83.0,86.0,68.5,19.4,59.36666666666667,26.0,68.0,85.0,87.0,69.5,20.7,63.958333333333336,32.0,71.5,87.0,88.0,73.0,32.25,64.95833333333333,33.0,72.5,89.0,89.0,74.0,32.25,81.08333333333333,43.0,90.0,104.0,102.0,90.5,57.0,82.16666666666667,44.0,90.0,106.0,104.0,91.5,57.5,54.166666666666664,23.0,66.0,82.0,85.0,65.0,4.0,57.333333333333336,24.0,67.0,84.0,86.0,66.0,17.0,139.5,108.0,150.0,162.0,162.0,158.0,97.0,141.66666666666666,108.0,152.0,166.0,166.0,159.0,99.0,62.28333333333333,24.0,67.0,82.0,93.9,85.0,21.8,63.46666666666666,25.0,68.0,84.0,95.9,86.0,21.9,64.76666666666667,24.0,67.0,83.0,98.0,85.0,31.6,66.26666666666667,26.0,68.0,84.8,100.0,87.0,31.8,74.91666666666667,31.0,72.0,85.0,109.5,87.0,65.0,76.08333333333333,32.0,73.0,86.0,111.5,88.0,66.0,87.0,41.0,90.5,93.0,129.0,95.5,73.0,88.83333333333333,43.0,91.5,95.0,132.0,96.5,75.0,58.333333333333336,23.0,66.0,82.0,90.0,85.0,4.0,61.5,24.0,67.0,84.0,91.0,86.0,17.0,141.83333333333334,103.0,149.0,152.0,162.0,158.0,127.0,143.5,103.0,150.0,154.0,166.0,160.0,128.0,C_p25,16.8397,4.4488124293584015,E2-E3,1.8408879018034763,4.2756106106403315,5.047595859783725,6.502491137015505,5.166362821190401,3.8599262457169665,3.676827180215008,False,E1-E2,-13.0,1.0689026526600829,3.5036253614969386,4.2756106106403315,5.730505887872112,4.3943775720470075,3.087940996573573,4.397610932106176,1.0,1,1,0,zenith_detection_failed,True,False,False,2.731640112353545,E1,0.8907546753649174,2.8504149611677354,4.572540666873242,3.919320571605637,3.2067168313137024,0.9501383203892452,False
high/IMG_2843_jpg,IMG_2843_jpg,high/IMG_2843_jpg,high,train,0.0,2699,1799,True,oof,holdout,4.334666666666666,3.975,4.623,3.283,4.45,5.616,4.061,E2-E3,False,False,69.36666666666667,33.8,99.0,65.0,71.8,98.0,48.6,72.53333333333335,34.8,101.0,70.0,74.8,101.0,53.6,74.06666666666666,38.6,99.0,65.0,78.6,99.0,64.2,77.39999999999999,39.6,102.0,70.0,81.6,102.0,69.2,89.5,61.0,102.0,67.0,94.0,115.0,98.0,92.16666666666667,62.0,104.0,71.0,97.0,119.0,100.0,102.16666666666667,90.0,108.0,82.0,98.0,126.0,109.0,104.83333333333333,92.0,111.0,84.0,101.0,129.0,112.0,64.0,31.0,93.0,64.0,68.0,97.0,31.0,67.66666666666667,32.0,97.0,69.0,71.0,100.0,37.0,141.0,115.0,143.0,142.0,135.0,161.0,150.0,143.83333333333334,118.0,146.0,146.0,138.0,162.0,153.0,77.75,36.0,99.0,65.0,94.0,125.0,47.5,80.75,36.0,102.0,70.0,97.0,127.0,52.5,81.83333333333333,44.0,100.0,66.0,94.0,125.0,62.0,84.83333333333333,45.0,102.0,70.0,98.0,127.0,67.0,94.08333333333333,76.0,102.0,68.0,98.0,126.0,94.5,96.41666666666667,77.0,104.0,71.0,100.0,128.0,98.5,104.16666666666667,93.0,110.0,80.0,101.0,134.0,107.0,106.83333333333333,95.0,113.0,83.0,104.0,136.0,110.0,73.66666666666667,31.0,99.0,64.0,93.0,124.0,31.0,77.16666666666667,32.0,101.0,69.0,97.0,127.0,37.0,149.66666666666666,142.0,143.0,142.0,161.0,160.0,150.0,152.0,145.0,146.0,146.0,162.0,161.0,152.0,94.83333333333333,89.0,99.0,65.0,93.0,124.0,99.0,97.83333333333333,92.0,101.0,69.0,97.0,127.0,101.0,95.06666666666666,89.0,99.0,65.0,93.0,125.0,99.4,98.23333333333333,92.4,102.0,70.0,97.0,127.0,101.0,96.16666666666667,91.0,100.0,65.0,94.0,125.0,102.0,99.16666666666667,94.0,102.0,70.0,98.0,127.0,104.0,98.66666666666667,95.0,102.0,66.0,95.0,126.0,108.0,101.83333333333333,99.0,104.0,70.0,99.0,128.0,111.0,94.5,88.0,99.0,64.0,93.0,124.0,99.0,97.5,91.0,101.0,69.0,97.0,127.0,100.0,111.5,115.0,125.0,71.0,101.0,138.0,119.0,113.83333333333333,118.0,127.0,74.0,104.0,140.0,120.0,C_p25,16.8397,5.710711394304332,E2-E3,5.403896744003752,5.938348070333794,3.8599262457169665,5.582047186113766,7.422935087917243,6.05711503174047,4.938726145160939,False,E2-E3,-13.0,4.6319114948603595,5.166362821190401,3.087940996573573,4.810061936970373,6.650949838773849,5.285129782597077,5.253653104651871,3.0,1,1,6,,False,False,False,4.763050014746898,E2-E3,2.4792671797656864,6.057131792481438,4.02324195039821,4.691307956921898,6.636122331468634,4.691307956921898,True
high/IMG_8575_jpg,IMG_8575_jpg,high/IMG_8575_jpg,high,train,1.0,2699,1799,True,oof,holdout,4.541166666666666,6.107,4.287,0.352,3.817,5.461,7.223,E2-E3,False,False,62.81666666666666,63.0,78.0,16.0,61.0,73.0,85.9,66.98333333333333,68.0,81.0,18.0,65.0,78.0,91.9,68.14999999999999,75.0,79.0,16.0,62.0,79.0,97.9,72.46666666666665,79.0,82.0,18.9,66.0,85.0,103.9,83.29166666666667,95.0,86.0,20.75,64.0,111.0,123.0,86.41666666666667,96.0,90.0,23.75,68.0,113.0,127.75,98.83333333333333,113.0,106.5,33.5,81.0,125.0,134.0,101.83333333333333,113.0,110.5,36.5,84.0,130.0,137.0,55.5,44.0,77.0,15.0,60.0,67.0,70.0,60.666666666666664,55.0,80.0,17.0,64.0,72.0,76.0,150.0,149.0,149.0,116.0,138.0,177.0,171.0,153.5,149.0,152.0,119.0,142.0,186.0,173.0,73.77499999999999,57.6,111.75,16.35,61.0,112.0,83.95,76.99166666666667,63.3,111.75,19.0,65.0,113.0,89.9,77.51666666666667,64.2,112.0,19.0,62.0,113.0,94.9,80.88333333333334,69.2,112.0,22.0,66.0,114.3,101.8,89.125,81.5,114.75,34.75,65.0,119.0,119.75,92.29166666666667,85.0,114.75,38.0,69.0,121.25,125.75,109.58333333333333,95.0,128.5,81.0,80.5,142.5,130.0,112.75,97.0,128.5,84.5,86.0,146.5,134.0,68.33333333333333,44.0,111.0,15.0,60.0,110.0,70.0,72.33333333333333,55.0,111.0,17.0,64.0,111.0,76.0,161.66666666666666,149.0,148.0,149.0,176.0,177.0,171.0,165.83333333333334,149.0,150.0,152.0,185.0,186.0,173.0,78.23333333333333,80.7,77.0,16.0,61.0,111.0,123.7,80.89999999999999,83.7,80.0,17.0,65.0,112.0,127.7,79.06666666666666,83.4,77.0,16.0,61.0,112.0,125.0,81.73333333333333,86.4,81.0,17.0,65.0,113.0,128.0,81.41666666666667,93.5,78.0,16.0,62.0,113.0,126.0,84.33333333333333,96.0,82.0,18.0,65.0,115.0,130.0,84.0,95.0,82.0,17.0,62.0,118.0,130.0,87.33333333333333,97.0,85.0,21.0,66.0,121.0,134.0,77.16666666666667,78.0,77.0,15.0,60.0,110.0,123.0,80.16666666666667,82.0,80.0,17.0,64.0,111.0,127.0,106.66666666666667,127.0,98.0,29.0,71.0,169.0,146.0,109.5,127.0,102.0,32.0,76.0,170.0,150.0,C_p25,16.8397,4.834805053930098,E2-E3,5.552355445762098,4.6319114948603595,0.9501356912534071,3.6817758036069526,6.710333319477187,7.482318568620581,4.062819804786705,False,E2-E3,-13.0,4.780370196618705,3.8599262457169665,0.17815044211001382,2.909790554463559,5.938348070333794,6.710333319477187,4.8892237226252755,4.0,1,1,6,,False,False,False,4.231073000112828,E2-E3,5.760213567359799,4.038087861654292,0.4750691601946226,2.998874073728555,5.285144407165176,6.8291191777977,False
high/IMG_6842_jpg,IMG_6842_jpg,high/IMG_6842_jpg,high,train,4.0,2698,1799,True,oof,dev,2.698500000000001,3.714,3.81,1.619,1.81,2.381,2.857,E1,False,False,51.900000000000006,39.8,77.0,42.0,45.0,51.0,56.6,54.699999999999996,44.6,80.8,44.0,47.0,53.0,58.8,55.79999999999999,50.2,78.0,43.0,46.0,52.0,65.6,58.300000000000004,53.2,81.6,45.0,48.0,54.0,68.0,63.166666666666664,76.0,86.0,44.0,48.0,56.0,69.0,65.5,81.0,87.0,46.0,50.0,58.0,71.0,79.33333333333333,102.0,92.0,56.0,69.0,78.0,79.0,81.58333333333333,104.0,93.0,58.5,72.0,80.0,82.0,47.666666666666664,32.0,76.0,41.0,44.0,49.0,44.0,50.833333333333336,35.0,79.0,44.0,47.0,51.0,49.0,127.83333333333333,137.0,139.0,122.0,134.0,127.0,108.0,130.5,138.0,141.0,127.0,138.0,129.0,110.0,53.449999999999996,39.4,86.0,42.0,45.0,51.0,57.3,55.85,43.8,87.0,45.0,47.0,53.0,59.3,56.96666666666667,48.8,86.0,43.0,46.0,52.0,66.0,58.96666666666667,51.8,87.0,45.0,48.0,54.0,68.0,64.16666666666667,74.0,88.0,50.0,48.0,55.0,70.0,66.33333333333333,79.0,89.0,52.0,50.0,56.0,72.0,81.5,102.0,96.0,79.0,60.0,72.0,80.0,83.91666666666667,104.0,96.5,83.0,63.0,74.0,83.0,49.5,32.0,86.0,41.0,44.0,50.0,44.0,52.166666666666664,35.0,86.0,44.0,47.0,52.0,49.0,132.5,133.0,137.0,139.0,134.0,125.0,127.0,134.66666666666666,134.0,139.0,141.0,138.0,127.0,129.0,60.78333333333333,86.0,76.0,41.0,45.0,50.7,66.0,63.0,86.0,80.0,44.0,47.0,52.0,69.0,61.06666666666666,86.0,77.0,41.4,45.0,51.0,66.0,63.333333333333336,87.0,80.0,44.0,47.0,53.0,69.0,61.75,86.0,77.5,42.0,46.0,52.0,67.0,64.16666666666667,87.0,81.0,45.0,48.0,54.0,70.0,64.0,88.0,80.0,43.0,47.0,55.0,71.0,66.16666666666667,89.0,83.0,45.0,49.0,57.0,74.0,60.333333333333336,86.0,76.0,41.0,44.0,50.0,65.0,62.666666666666664,86.0,79.0,44.0,47.0,52.0,68.0,83.5,137.0,95.0,48.0,54.0,76.0,91.0,85.5,138.0,98.0,50.0,56.0,78.0,93.0,C_p25,16.8397,3.666929933431118,E1-E2,5.106979340487063,4.602219754508691,2.4941061895401937,2.731640112353545,3.087940996573573,3.978693207123642,2.894944684287725,False,E1,-13.0,4.3349940913436695,3.8302345053652975,1.7221209403968003,1.959654863210152,2.3159557474301797,3.206707957980249,3.7078855245122146,2.0,1,1,6,,False,False,False,2.786074969664938,E1,4.275622441751604,3.9490123941178,1.9596602858028185,1.5439747706325233,2.0784275758514736,2.909798606192063,False
high/IMG_7304_jpg,IMG_7304_jpg,high/IMG_7304_jpg,high,train,4.0,2700,1800,True,oof,dev,4.720666666666666,4.331,5.977,5.631,4.505,4.678,3.202,E2-E3,False,False,102.60833333333333,101.0,141.0,125.0,106.1,100.05,42.5,108.89999999999999,106.0,144.0,127.0,109.1,104.0,63.300000000000004,107.46666666666668,101.0,141.0,126.0,109.2,102.0,65.60000000000001,112.23333333333333,107.0,144.0,128.0,112.0,105.0,77.4,113.83333333333333,105.0,143.0,130.0,117.0,108.0,80.0,117.5,112.0,146.0,131.0,118.0,112.0,86.0,124.5,125.0,147.0,139.0,132.0,112.0,92.0,127.83333333333333,132.0,150.0,140.0,133.0,116.0,96.0,85.16666666666667,41.0,134.0,124.0,103.0,99.0,10.0,94.0,52.0,138.0,127.0,106.0,103.0,38.0,178.16666666666666,182.0,176.0,192.0,217.0,150.0,152.0,181.83333333333334,187.0,181.0,195.0,219.0,154.0,155.0,88.68333333333334,60.1,101.0,126.0,101.0,107.0,37.0,96.68333333333334,71.1,106.0,128.0,104.0,111.0,60.0,99.23333333333333,94.8,102.0,128.6,102.0,108.0,60.0,105.8,105.8,107.0,131.0,105.0,112.0,74.0,108.375,109.0,105.0,139.0,110.25,109.0,78.0,113.41666666666667,119.5,111.0,140.0,113.0,113.0,84.0,119.58333333333333,119.0,127.0,146.0,120.5,118.0,87.0,124.33333333333333,127.0,134.0,148.0,122.0,122.0,93.0,80.16666666666667,41.0,100.0,124.0,99.0,107.0,10.0,89.33333333333333,52.0,105.0,127.0,103.0,111.0,38.0,174.5,130.0,180.0,216.0,217.0,152.0,152.0,178.33333333333334,137.0,186.0,218.0,219.0,155.0,155.0,102.60833333333333,101.0,141.0,125.0,106.1,100.05,42.5,108.89999999999999,106.0,144.0,127.0,109.1,104.0,63.300000000000004,107.46666666666668,101.0,141.0,126.0,109.2,102.0,65.60000000000001,112.23333333333333,107.0,144.0,128.0,112.0,105.0,77.4,113.83333333333333,105.0,143.0,130.0,117.0,108.0,80.0,117.5,112.0,146.0,131.0,118.0,112.0,86.0,124.5,125.0,147.0,139.0,132.0,112.0,92.0,127.83333333333333,132.0,150.0,140.0,133.0,116.0,96.0,85.16666666666667,41.0,134.0,124.0,103.0,99.0,10.0,94.0,52.0,138.0,127.0,106.0,103.0,38.0,178.16666666666666,182.0,176.0,192.0,217.0,150.0,152.0,181.83333333333334,187.0,181.0,195.0,219.0,154.0,155.0,C_p25,16.8397,6.759819553396635,E3,6.235265473850484,8.491837740577326,7.719852491433933,6.947867242290539,6.413415915960498,4.750678456267035,5.9878343042532425,False,E2-E3,-13.0,5.46328022470709,7.719852491433933,6.947867242290539,6.175881993147146,5.641430666817104,3.978693207123642,6.682020615413832,4.0,1,1,0,zenith_detection_failed,True,False,False,5.720608641088221,E2-E3,5.403911697213832,6.947886467846355,7.007270112870683,5.403911697213832,5.700829922335471,3.859936926581309,False
high/IMG_6573-_jpg,IMG_6573-_jpg,high/IMG_6573-_jpg,high,train,4.0,2698,1799,True,oof,holdout,1.8875,1.554,1.777,1.554,3.22,2.221,0.999,E1,False,False,33.525,17.15,37.0,27.0,46.0,48.0,26.0,36.358333333333334,19.15,39.0,30.0,49.0,53.0,28.0,35.333333333333336,24.0,38.0,27.0,47.0,49.0,27.0,37.833333333333336,24.0,40.0,31.0,49.0,54.0,29.0,38.75,28.0,42.0,29.75,48.0,51.0,33.75,41.333333333333336,30.0,43.0,33.0,50.0,57.0,35.0,48.916666666666664,33.0,56.5,35.0,59.0,62.0,48.0,52.0,34.0,58.0,37.0,62.0,70.5,50.5,32.5,14.0,37.0,26.0,46.0,47.0,25.0,35.333333333333336,17.0,39.0,30.0,48.0,51.0,27.0,94.5,64.0,108.0,114.0,112.0,100.0,69.0,97.0,65.0,108.0,115.0,114.0,109.0,71.0,29.833333333333332,15.0,28.0,37.0,27.0,46.0,26.0,32.5,18.0,30.0,39.0,30.0,49.0,29.0,30.666666666666668,15.0,28.0,38.0,27.0,47.0,29.0,33.333333333333336,19.0,30.0,40.0,31.0,49.0,31.0,36.166666666666664,23.75,29.25,40.0,30.0,49.0,45.0,37.666666666666664,23.75,31.0,42.0,33.0,50.25,46.0,44.5,32.0,38.5,52.0,40.0,53.5,51.0,47.083333333333336,32.0,40.0,53.0,43.0,58.5,56.0,29.333333333333332,14.0,28.0,37.0,26.0,46.0,25.0,31.666666666666668,17.0,29.0,39.0,30.0,48.0,27.0,97.66666666666667,62.0,88.0,111.0,114.0,111.0,100.0,100.16666666666667,63.0,88.0,112.0,115.0,114.0,109.0,35.0,28.0,37.0,26.0,46.0,47.0,26.0,37.833333333333336,29.0,39.0,30.0,48.0,53.0,28.0,35.333333333333336,28.0,37.0,27.0,46.0,48.0,26.0,38.166666666666664,30.0,39.0,30.0,49.0,53.0,28.0,35.833333333333336,28.0,38.0,27.0,47.0,48.0,27.0,38.833333333333336,30.0,40.0,31.0,49.0,54.0,29.0,37.333333333333336,29.0,40.0,28.0,47.0,50.0,30.0,40.0,31.0,41.0,31.0,49.0,56.0,32.0,34.833333333333336,28.0,37.0,26.0,46.0,47.0,25.0,37.666666666666664,29.0,39.0,30.0,48.0,53.0,27.0,47.666666666666664,38.0,49.0,34.0,50.0,59.0,56.0,50.0,40.0,50.0,37.0,52.0,64.0,57.0,C_p25,16.8397,2.1279080585362764,E1,1.6627374596934623,2.2565722667268417,1.6033539789901246,2.791023593056883,2.850407073760221,1.6033539789901246,1.3559228093928832,False,E1,-13.0,0.8907522105500691,1.4845870175834486,0.8313687298467312,2.0190383439134902,2.0784218246168282,0.8313687298467312,2.2746263441928494,2.0,1,1,6,,False,False,False,1.9794493567779317,E1,1.36582383555954,2.019043930827146,1.5439747706325233,2.73164767111908,3.384867766386686,0.8313710303405896,False
high/IMG_2695_jpg,IMG_2695_jpg,high/IMG_2695_jpg,high,train,1.0,2698,1799,True,oof,dev,2.3015000000000003,1.406,2.77,2.522,1.571,3.101,2.439,E1,False,False,48.0,21.5,62.0,57.0,45.5,74.0,28.0,52.25,25.5,64.0,61.0,51.0,79.0,33.0,50.166666666666664,27.0,62.0,58.0,46.0,75.0,33.0,54.5,31.0,65.0,62.0,51.0,80.0,38.0,58.333333333333336,41.0,69.0,61.5,48.0,80.0,50.5,62.375,43.0,71.25,67.5,53.0,84.0,55.5,70.58333333333333,48.0,87.0,71.0,62.0,93.5,62.0,75.25,51.0,90.0,78.0,69.0,97.5,66.0,45.666666666666664,16.0,61.0,56.0,45.0,73.0,23.0,50.166666666666664,20.0,63.0,61.0,51.0,78.0,28.0,126.5,76.0,136.0,156.0,141.0,139.0,111.0,132.0,79.0,139.0,167.0,148.0,144.0,115.0,48.56666666666666,23.1,62.0,57.0,45.3,74.0,30.0,52.833333333333336,27.0,64.0,61.0,51.0,79.0,35.0,51.03333333333333,30.0,62.0,58.0,46.0,74.7,35.5,55.36666666666667,34.0,65.0,62.0,51.0,79.7,40.5,58.833333333333336,42.0,66.0,62.0,48.0,79.0,56.0,63.0,45.0,69.0,68.0,53.0,83.0,60.0,72.0,55.0,82.0,72.0,62.0,92.0,69.0,76.16666666666667,57.0,84.5,79.0,68.0,96.5,72.0,45.666666666666664,16.0,61.0,56.0,45.0,73.0,23.0,50.166666666666664,20.0,63.0,61.0,51.0,78.0,28.0,141.5,123.0,136.0,154.0,156.0,141.0,139.0,147.66666666666666,126.0,139.0,165.0,167.0,145.0,144.0,55.5,40.0,61.0,56.0,45.0,74.0,57.0,59.78333333333333,43.0,63.7,61.0,51.0,79.0,61.0,56.0,41.0,62.0,56.0,45.0,74.0,58.0,60.166666666666664,44.0,64.0,61.0,51.0,79.0,62.0,56.666666666666664,41.0,62.0,57.0,46.0,74.0,60.0,61.0,45.0,65.0,62.0,51.0,79.0,64.0,59.0,45.0,65.0,58.0,46.0,77.0,63.0,63.333333333333336,48.0,68.0,63.0,52.0,81.0,68.0,55.166666666666664,40.0,61.0,56.0,45.0,73.0,56.0,59.333333333333336,43.0,63.0,61.0,51.0,78.0,60.0,74.0,73.0,78.0,65.0,53.0,85.0,90.0,78.33333333333333,76.0,81.0,69.0,62.0,89.0,93.0,C_p25,16.8397,3.3650639065224834,E1-E2,2.4347227088368557,3.6817758036069526,3.3848584000902626,2.731640112353545,4.3943775720470075,3.5630088422002766,2.59307865737909,False,E1,-13.0,1.6627374596934623,2.909790554463559,2.6128731509468697,1.959654863210152,3.6223923229036146,2.791023593056883,3.424168690182784,4.0,1,1,6,,False,False,False,2.7365887357454906,E1,1.7221257057055068,2.73164767111908,2.672264026094752,2.0784275758514736,3.919320571605637,3.295792298850194,False
high/IMG_8568_jpg,IMG_8568_jpg,high/IMG_8568_jpg,high,train,3.0,2698,1799,True,oof,dev,4.766333333333333,5.285,5.461,3.465,3.934,5.99,4.463,E2-E3,False,False,60.79999999999999,45.6,92.0,57.0,67.8,69.0,33.400000000000006,64.4,51.8,94.0,60.0,70.0,74.0,36.6,65.96666666666667,55.6,93.0,57.0,70.0,70.0,50.2,69.46666666666667,61.6,94.0,61.0,73.0,75.0,52.2,78.79166666666667,82.0,96.0,59.0,74.0,80.75,81.0,82.25,89.0,99.75,62.0,76.0,84.75,82.0,96.0,105.0,107.0,76.0,88.0,105.0,95.0,98.41666666666667,110.0,107.5,79.0,92.0,107.0,95.0,56.333333333333336,38.0,91.0,57.0,64.0,69.0,19.0,60.333333333333336,45.0,93.0,60.0,67.0,74.0,23.0,140.0,137.0,149.0,139.0,126.0,156.0,133.0,142.83333333333334,142.0,149.0,142.0,130.0,160.0,134.0,66.78333333333333,44.0,97.0,92.0,57.0,69.0,41.7,70.48333333333333,51.0,100.0,93.0,60.2,74.0,44.7,72.06666666666666,54.0,98.0,92.0,57.0,70.0,61.400000000000006,75.73333333333333,61.0,101.0,94.0,61.0,74.0,63.400000000000006,82.5,77.0,102.0,94.0,60.0,72.0,90.0,85.75,84.0,104.5,96.0,64.0,76.0,90.0,98.08333333333333,105.0,114.0,108.5,73.0,84.0,104.0,100.75,109.0,115.0,110.5,76.0,88.0,106.0,61.666666666666664,38.0,96.0,91.0,57.0,69.0,19.0,65.66666666666667,45.0,100.0,93.0,60.0,73.0,23.0,147.33333333333334,137.0,148.0,149.0,139.0,155.0,156.0,149.83333333333334,141.0,148.0,149.0,142.0,159.0,160.0,84.28333333333333,96.7,91.0,57.0,69.0,104.0,88.0,86.5,100.0,93.0,60.0,73.0,105.0,88.0,84.66666666666667,97.0,92.0,57.0,69.0,104.0,89.0,86.8,100.4,93.0,60.0,73.4,105.0,89.0,85.33333333333333,98.0,92.5,57.0,69.5,104.0,91.0,87.83333333333333,101.0,94.0,61.0,74.0,106.0,91.0,87.66666666666667,103.0,94.0,58.0,70.0,107.0,94.0,89.83333333333333,105.0,96.0,61.0,74.0,109.0,94.0,83.83333333333333,96.0,91.0,57.0,69.0,104.0,86.0,86.16666666666667,100.0,93.0,60.0,73.0,105.0,86.0,104.0,137.0,107.0,63.0,77.0,133.0,107.0,106.16666666666667,142.0,108.0,66.0,80.0,134.0,107.0,C_p25,16.8397,5.067390353351504,E2-E3,5.819581108927118,5.49297196505876,3.3848584000902626,4.127151908881987,6.175881993147146,5.403896744003752,4.295405104208111,False,E2-E3,-13.0,5.047595859783725,4.720986715915367,2.6128731509468697,3.3551666597385936,5.403896744003752,4.6319114948603595,4.625073566525461,3.0,1,1,6,,False,False,False,4.240970246896718,E2-E3,5.285144407165176,4.631924311897571,3.1473331862893748,3.0879495412650466,5.106993472092193,4.186546974215111,False
high/IMG_6460-_jpg,IMG_6460-_jpg,high/IMG_6460-_jpg,high,test,3.0,2599,1733,False,oof,dev,1.1495,1.035,2.069,0.776,0.517,1.552,0.948,E1,False,False,33.391666666666666,35.0,50.45,29.0,29.0,33.0,23.9,35.225,37.0,52.45,30.0,32.0,36.0,23.9,36.0,36.0,54.0,29.0,29.0,35.0,33.0,38.46666666666667,38.0,57.0,30.0,32.0,38.0,35.8,40.708333333333336,42.0,56.0,30.0,30.0,44.0,42.25,43.375,44.0,59.0,32.0,33.0,49.0,43.25,50.833333333333336,60.0,65.5,40.0,36.0,48.5,55.0,53.166666666666664,61.0,68.0,42.0,39.0,51.5,57.5,29.166666666666668,34.0,44.0,28.0,28.0,32.0,9.0,32.166666666666664,36.0,45.0,29.0,32.0,35.0,16.0,72.83333333333333,74.0,93.0,77.0,66.0,61.0,66.0,75.16666666666667,76.0,96.0,79.0,69.0,63.0,68.0,31.941666666666666,44.85,35.0,29.0,29.0,33.0,20.8,33.94166666666667,46.85,37.0,30.0,32.0,36.0,21.8,35.05,48.7,37.0,29.0,29.0,35.0,31.6,36.88333333333333,50.7,39.0,30.0,32.0,38.0,31.6,43.375,57.25,48.5,30.0,30.0,44.0,50.5,45.25,59.0,50.5,31.75,33.0,46.75,50.5,50.166666666666664,62.5,58.0,39.5,37.0,49.0,55.0,52.666666666666664,63.0,61.0,42.0,40.0,52.0,58.0,28.666666666666668,41.0,34.0,28.0,28.0,32.0,9.0,31.833333333333332,43.0,36.0,29.0,32.0,35.0,16.0,77.83333333333333,72.0,93.0,93.0,77.0,66.0,66.0,80.33333333333333,75.0,96.0,95.0,79.0,69.0,68.0,36.699999999999996,34.6,53.6,28.0,28.0,44.0,32.0,39.699999999999996,36.0,56.6,29.0,32.0,49.0,35.6,37.06666666666666,35.0,54.0,29.0,28.2,44.0,32.2,40.166666666666664,37.0,57.0,30.0,32.0,49.0,36.0,37.833333333333336,36.0,55.0,29.0,29.0,45.0,33.0,40.666666666666664,38.0,58.0,30.0,32.0,49.0,37.0,39.0,38.0,56.0,29.0,29.0,46.0,36.0,42.0,40.0,59.0,31.0,33.0,50.0,39.0,36.5,34.0,53.0,28.0,28.0,44.0,32.0,39.5,36.0,56.0,29.0,32.0,49.0,35.0,51.333333333333336,63.0,69.0,34.0,33.0,55.0,54.0,54.333333333333336,66.0,72.0,36.0,37.0,59.0,56.0,C_p25,16.8397,2.2466750199429524,E1,2.1378053053201658,3.266091438683587,1.7221209403968003,1.7221209403968003,2.6722566316502077,1.959654863210152,1.474689770799559,False,E1,-13.0,1.3658200561767726,2.4941061895401937,0.9501356912534071,0.9501356912534071,1.9002713825068143,1.1876696140667589,2.389580578791843,2.0,1,1,6,frame_uncertain,False,False,False,1.5043815111512275,E1,1.1282892554622286,2.4941130910217684,1.6627420606811791,0.5344528052189504,2.019043930827146,1.1876729004865565,False
high/IMG_6706_jpg,IMG_6706_jpg,high/IMG_6706_jpg,high,train,0.0,2699,1799,True,oof,holdout,2.4723333333333333,1.978,3.857,2.868,2.176,2.373,1.582,E1,False,False,45.15,27.95,81.0,63.0,42.0,48.0,8.95,47.99166666666667,31.95,81.0,64.0,46.0,49.0,16.0,47.46666666666667,33.0,81.0,63.0,42.0,49.0,16.8,50.133333333333326,37.9,81.0,64.0,46.0,49.0,22.9,55.333333333333336,47.0,85.0,64.0,45.0,53.0,38.0,57.458333333333336,51.0,85.0,66.0,48.75,54.0,40.0,64.41666666666667,55.0,100.0,72.0,52.5,64.0,43.0,66.75,59.0,101.0,73.5,56.0,66.0,45.0,43.0,21.0,81.0,62.0,41.0,47.0,6.0,45.833333333333336,26.0,81.0,63.0,45.0,48.0,12.0,121.66666666666667,102.0,124.0,144.0,150.0,112.0,98.0,123.33333333333333,103.0,124.0,146.0,152.0,115.0,100.0,45.06666666666666,28.0,81.0,63.0,42.0,48.0,8.4,47.88333333333333,32.3,81.0,64.0,46.0,48.0,16.0,47.23333333333334,33.6,81.0,63.0,43.0,48.0,14.8,49.96666666666667,38.0,81.0,64.0,46.0,49.0,21.8,55.333333333333336,49.0,83.0,66.0,46.0,51.0,37.0,56.916666666666664,52.0,83.0,67.0,49.0,51.5,39.0,65.16666666666667,56.0,93.0,78.5,57.5,64.0,42.0,67.0,59.0,94.0,79.5,60.5,65.0,44.0,43.0,21.0,81.0,62.0,41.0,47.0,6.0,45.833333333333336,26.0,81.0,63.0,45.0,48.0,12.0,122.66666666666667,105.0,122.0,150.0,150.0,111.0,98.0,124.33333333333333,106.0,122.0,152.0,152.0,114.0,100.0,54.06666666666666,53.0,81.0,62.7,41.7,48.0,38.0,55.949999999999996,56.7,81.0,64.0,46.0,48.0,40.0,54.23333333333333,53.4,81.0,63.0,42.0,48.0,38.0,56.0,57.0,81.0,64.0,46.0,48.0,40.0,54.666666666666664,54.0,81.0,63.0,42.0,49.0,39.0,56.583333333333336,58.0,81.0,64.0,46.0,49.0,41.5,56.166666666666664,55.0,83.0,64.0,44.0,50.0,41.0,58.0,59.0,83.0,65.0,47.0,51.0,43.0,53.333333333333336,52.0,81.0,62.0,41.0,47.0,37.0,55.333333333333336,56.0,81.0,63.0,45.0,48.0,39.0,71.66666666666667,63.0,103.0,69.0,49.0,96.0,50.0,73.16666666666667,64.0,103.0,70.0,52.0,97.0,53.0,C_p25,16.8397,3.2462969451158075,E1-E2,3.206707957980249,4.810061936970373,3.7411592843102905,2.4941061895401937,2.909790554463559,2.3159557474301797,2.474311695972414,False,E1,-13.0,2.4347227088368557,4.0380766878269805,2.969174035166897,1.7221209403968003,2.1378053053201658,1.5439704982867866,3.248068586116241,2.0,1,1,6,,False,False,False,2.5213236181958902,E1,2.004198019571064,5.047609827067865,2.4347294459974407,1.1876729004865565,2.3159621559487853,2.1378112208758018,True
high/IMG_3079_jpg,IMG_3079_jpg,high/IMG_3079_jpg,high,test,2.0,2698,1799,True,oof,dev,2.7695000000000003,1.882,2.846,1.561,2.387,4.223,3.718,E1,False,False,52.275000000000006,28.0,56.0,48.55,63.0,89.0,29.1,57.18333333333334,33.0,60.0,53.0,67.0,92.0,38.1,55.56666666666667,34.1,59.2,49.0,64.0,89.0,38.1,59.88333333333333,38.1,64.2,53.0,67.0,93.0,44.0,63.166666666666664,51.0,75.0,50.0,65.0,92.0,46.0,67.5,55.0,78.0,55.0,70.0,95.0,52.0,76.16666666666667,66.5,84.0,65.0,66.0,104.0,71.5,80.5,71.5,88.0,68.5,71.0,107.0,77.0,45.5,22.0,52.0,48.0,63.0,83.0,5.0,51.0,28.0,57.0,53.0,66.0,87.0,15.0,121.66666666666667,107.0,118.0,99.0,143.0,140.0,123.0,125.33333333333333,110.0,122.0,104.0,146.0,144.0,126.0,55.833333333333336,32.3,49.0,63.0,89.0,76.0,25.700000000000003,60.89166666666667,37.0,53.0,67.0,92.0,80.8,35.550000000000004,59.81666666666666,42.6,49.0,64.0,89.0,77.6,36.7,64.16666666666667,47.0,53.0,67.0,93.0,82.0,43.0,65.33333333333333,59.0,51.0,65.0,90.0,84.0,43.0,69.91666666666667,63.5,56.0,70.0,94.0,88.0,48.0,78.58333333333333,79.0,60.0,67.5,102.0,105.0,58.0,82.33333333333333,82.0,65.0,72.0,105.0,108.0,62.0,50.166666666666664,22.0,48.0,63.0,89.0,74.0,5.0,55.333333333333336,28.0,53.0,66.0,92.0,78.0,15.0,130.5,118.0,117.0,143.0,142.0,140.0,123.0,134.0,122.0,122.0,146.0,145.0,143.0,126.0,66.66666666666667,50.0,74.0,48.0,63.0,89.0,76.0,70.45,54.0,77.0,53.0,66.7,92.0,80.0,67.06666666666666,51.0,75.0,48.0,63.0,89.0,76.4,71.0,55.0,78.0,53.0,67.0,92.0,81.0,68.66666666666667,54.5,76.0,49.0,64.0,89.0,79.5,72.41666666666667,58.5,79.0,53.0,67.0,93.0,84.0,72.33333333333333,63.0,79.0,49.0,65.0,91.0,87.0,76.16666666666667,67.0,82.0,54.0,68.0,95.0,91.0,66.16666666666667,49.0,74.0,48.0,63.0,89.0,74.0,70.0,54.0,77.0,53.0,66.0,92.0,78.0,96.83333333333333,86.0,96.0,55.0,81.0,140.0,123.0,100.5,90.0,99.0,60.0,84.0,144.0,126.0,C_p25,16.8397,4.077665674962539,E2-E3,3.236399698331918,4.5131445334536835,2.909790554463559,3.8005427650136285,5.285129782597077,4.720986715915367,3.305680425819146,False,E1-E2,-13.0,2.4644144491885247,3.7411592843102905,2.1378053053201658,3.028557515870235,4.5131445334536835,3.949001466771973,3.7078855245122146,4.0,1,1,6,,False,False,False,3.7461079077022355,E1-E2,2.8504149611677354,4.038087861654292,2.909798606192063,3.028565896240719,5.492987164750324,4.156855151702947,False
high/IMG_2665_jpg,IMG_2665_jpg,high/IMG_2665_jpg,high,train,2.0,2698,1799,True,oof,holdout,2.9755,3.288,4.111,2.173,1.585,3.171,3.525,E1,False,False,50.224999999999994,35.0,73.0,48.0,47.0,72.7,25.65,54.275,37.0,78.0,54.0,50.0,77.0,29.65,52.550000000000004,39.3,73.0,49.0,48.0,74.0,32.0,55.93333333333334,41.0,78.0,54.0,50.3,78.0,34.3,60.875,52.0,77.0,51.0,49.0,78.0,58.25,64.04166666666667,54.0,81.0,56.0,52.0,82.0,59.25,73.75,66.0,96.0,57.5,56.0,90.0,77.0,77.66666666666667,70.0,99.0,62.0,61.0,94.0,80.0,47.5,32.0,72.0,48.0,47.0,66.0,20.0,51.5,34.0,77.0,53.0,49.0,71.0,25.0,115.66666666666667,109.0,122.0,107.0,119.0,125.0,112.0,120.16666666666667,113.0,126.0,113.0,124.0,129.0,116.0,50.44166666666666,35.25,73.0,48.0,47.0,73.0,26.4,54.4,37.0,78.0,54.0,50.0,77.0,30.4,52.88333333333333,40.5,73.0,49.0,48.0,74.0,32.8,56.25,41.5,78.0,54.0,51.0,78.0,35.0,61.708333333333336,53.0,76.0,51.25,50.0,77.0,63.0,65.16666666666667,56.0,80.0,57.0,53.0,81.0,64.0,73.25,67.5,84.5,63.5,62.0,83.0,79.0,77.66666666666667,72.0,89.0,68.0,67.0,88.0,82.0,48.5,32.0,72.0,48.0,47.0,72.0,20.0,52.333333333333336,34.0,77.0,53.0,49.0,76.0,25.0,122.33333333333333,121.0,122.0,122.0,119.0,125.0,125.0,126.16666666666667,125.0,126.0,124.0,124.0,129.0,129.0,61.949999999999996,57.0,73.0,48.0,47.0,73.0,73.7,66.23333333333333,62.0,78.0,53.7,49.7,77.0,77.0,62.23333333333333,58.4,73.0,48.0,47.0,73.0,74.0,66.56666666666666,63.4,78.0,54.0,50.0,77.0,77.0,63.833333333333336,62.0,73.0,49.0,48.0,75.0,76.0,67.83333333333333,67.0,78.0,54.0,50.0,79.0,79.0,66.16666666666667,68.0,74.0,49.0,48.0,78.0,80.0,70.5,72.0,80.0,55.0,51.0,81.0,84.0,61.166666666666664,56.0,72.0,48.0,47.0,72.0,72.0,65.33333333333333,61.0,77.0,53.0,49.0,76.0,76.0,82.83333333333333,98.0,84.0,53.0,58.0,104.0,100.0,87.0,102.0,89.0,58.0,62.0,109.0,102.0,C_p25,16.8397,3.7906455182297387,E1-E2,3.6817758036069526,4.3349940913436695,2.909790554463559,2.850407073760221,4.4537610527503455,4.5131445334536835,3.0186602690863458,False,E1-E2,-13.0,2.909790554463559,3.5630088422002766,2.1378053053201658,2.0784218246168282,3.6817758036069526,3.7411592843102905,3.5733646116836053,4.0,1,1,6,,False,False,False,3.424447387225821,E1-E2,3.3254841213623583,4.156855151702947,3.919320571605637,2.4347294459974407,3.41455958889885,3.295792298850194,False
high/IMG_6758_jpg,IMG_6758_jpg,high/IMG_6758_jpg,high,train,0.0,2732,1821,False,oof,dev,2.134,1.998,2.452,0.999,2.27,2.815,2.27,E1,False,False,37.333333333333336,27.0,52.0,22.0,37.0,62.0,24.0,39.083333333333336,29.0,54.0,26.0,39.0,62.0,24.5,39.983333333333334,32.900000000000006,52.0,23.0,37.0,64.0,31.0,41.483333333333334,34.900000000000006,54.0,26.0,39.0,64.0,31.0,48.416666666666664,47.0,57.5,26.0,39.0,70.0,51.0,49.833333333333336,47.0,59.0,29.0,41.0,71.0,52.0,58.583333333333336,51.0,71.0,37.0,49.0,86.5,57.0,59.583333333333336,51.5,72.0,39.0,50.5,87.5,57.0,32.666666666666664,19.0,51.0,21.0,36.0,61.0,8.0,36.166666666666664,23.0,53.0,25.0,38.0,61.0,17.0,112.66666666666667,82.0,126.0,115.0,132.0,123.0,98.0,114.5,82.0,128.0,119.0,136.0,124.0,98.0,37.833333333333336,28.0,52.0,22.0,37.0,62.0,26.0,39.5,30.0,54.0,26.0,39.0,62.0,26.0,40.78333333333333,36.0,52.0,23.0,37.0,63.0,33.7,42.11666666666667,37.0,54.0,26.0,39.0,63.0,33.7,47.75,48.0,55.0,26.5,39.0,65.0,53.0,49.0,48.0,57.0,29.0,41.0,65.0,54.0,58.666666666666664,55.0,68.0,41.0,52.5,77.0,58.5,59.75,55.5,69.0,43.0,54.0,78.0,59.0,32.666666666666664,19.0,51.0,21.0,36.0,61.0,8.0,36.166666666666664,23.0,53.0,25.0,38.0,61.0,17.0,118.0,92.0,126.0,132.0,132.0,121.0,105.0,119.83333333333333,92.0,128.0,136.0,136.0,122.0,105.0,44.78333333333333,47.0,52.0,21.0,36.7,61.0,51.0,46.166666666666664,47.0,53.0,25.0,39.0,61.0,52.0,45.23333333333333,47.0,52.0,22.0,37.0,62.0,51.4,46.56666666666666,47.0,54.0,25.0,39.0,62.0,52.4,45.916666666666664,47.0,52.0,22.0,37.0,63.0,54.5,47.333333333333336,47.0,54.0,26.0,39.0,63.0,55.0,47.833333333333336,49.0,55.0,23.0,38.0,65.0,57.0,49.166666666666664,49.0,56.0,27.0,40.0,65.0,58.0,44.166666666666664,46.0,51.0,21.0,36.0,61.0,50.0,45.666666666666664,46.0,53.0,25.0,38.0,61.0,51.0,63.5,76.0,65.0,28.0,41.0,84.0,87.0,64.66666666666667,76.0,66.0,31.0,44.0,84.0,87.0,C_p25,16.8397,2.7266914889616003,E1,2.791023593056883,3.087940996573573,1.3064365754734348,2.1971887860235038,3.7411592843102905,3.236399698331918,1.9547062398182071,False,E1,-13.0,2.0190383439134902,2.3159557474301797,0.5344513263300414,1.4252035368801106,2.969174035166897,2.4644144491885247,2.8420600128517104,1.0,1,1,6,frame_uncertain,False,False,False,2.177394292455724,E1,2.197194865900129,2.8504149611677354,0.7126037402919339,2.0784275758514736,3.2067168313137024,2.019043930827146,False
high/IMG_2574_jpeg,IMG_2574_jpeg,high/IMG_2574_jpeg,high,test,1.0,2698,1799,True,oof,dev,2.7046666666666668,3.448,3.402,1.011,1.241,3.31,3.816,E1,False,False,53.458333333333336,57.5,77.0,30.0,33.0,72.0,51.25,59.875,62.25,80.0,41.0,37.0,76.0,63.0,60.449999999999996,72.0,77.6,31.0,34.0,74.6,73.5,65.91666666666667,76.0,81.0,41.0,38.0,79.0,80.5,71.66666666666667,83.0,96.0,35.0,40.0,88.0,88.0,76.29166666666667,85.0,99.0,45.0,43.25,92.5,93.0,94.83333333333333,110.5,121.0,50.5,57.5,114.0,115.5,99.58333333333333,114.0,124.0,60.0,61.0,119.0,119.5,42.0,43.0,75.0,29.0,32.0,69.0,4.0,49.5,47.0,78.0,40.0,36.0,73.0,23.0,154.5,141.0,157.0,157.0,158.0,158.0,156.0,158.83333333333334,144.0,160.0,163.0,163.0,162.0,161.0,55.775000000000006,61.5,76.0,30.5,33.0,70.05,63.6,61.68333333333334,65.5,79.0,41.0,37.0,75.0,72.6,62.43333333333334,78.0,77.0,31.0,34.0,72.0,82.6,67.43333333333334,80.5,80.0,41.0,38.400000000000006,76.1,88.6,68.95833333333333,86.75,82.0,36.0,40.0,77.0,92.0,73.83333333333333,89.75,85.0,46.0,44.0,81.25,97.0,92.33333333333333,116.0,109.0,57.0,61.0,94.0,117.0,96.5,119.0,111.0,65.0,64.0,98.0,122.0,42.0,43.0,75.0,29.0,32.0,69.0,4.0,49.5,47.0,78.0,40.0,36.0,73.0,23.0,157.16666666666666,156.0,157.0,157.0,158.0,158.0,157.0,161.0,158.0,159.0,163.0,163.0,162.0,161.0,61.73333333333333,78.7,76.0,29.0,32.0,69.7,85.0,66.95,81.0,79.0,40.0,37.0,74.7,90.0,62.300000000000004,79.4,76.0,30.0,33.0,70.4,85.0,67.46666666666667,82.4,79.0,40.4,37.0,75.0,91.0,64.0,82.0,77.0,31.0,34.0,73.0,87.0,68.83333333333333,84.5,80.0,41.0,38.0,77.5,92.0,67.16666666666667,86.0,81.0,31.0,35.0,78.0,92.0,72.16666666666667,89.0,84.0,42.0,39.0,82.0,97.0,61.333333333333336,78.0,75.0,29.0,32.0,69.0,85.0,66.16666666666667,80.0,78.0,40.0,36.0,73.0,90.0,98.83333333333333,140.0,108.0,36.0,44.0,109.0,156.0,103.66666666666667,143.0,111.0,47.0,47.0,113.0,161.0,C_p25,16.8397,3.8005427650136285,E1-E2,4.869445417673711,4.5725280141570215,1.8408879018034763,2.0190383439134902,4.3349940913436695,5.166362821190401,3.028557515870235,False,E1-E2,-13.0,4.0974601685303185,3.8005427650136285,1.0689026526600829,1.2470530947700968,3.5630088422002766,4.3943775720470075,4.206835819367421,4.0,3,1,6,gingiva_multi_component,False,False,False,3.637238193079449,E1-E2,5.374219874701668,4.899150714507045,1.6627420606811791,1.692433883193343,3.4442514114110137,4.750691601946226,False
high/IMG_6768_jpg,IMG_6768_jpg,high/IMG_6768_jpg,high,train,0.0,2623,1748,False,oof,holdout,2.6296666666666666,3.222,4.0,1.667,1.778,3.111,2.0,E1,False,False,45.93333333333334,62.75,68.0,32.0,26.0,59.75,27.1,49.30833333333334,66.75,73.0,35.0,28.0,61.0,32.1,48.56666666666666,66.0,69.0,32.0,26.0,61.0,37.4,51.0,67.0,73.0,36.0,29.0,62.0,39.0,52.041666666666664,68.0,73.5,35.0,27.0,65.75,43.0,54.666666666666664,70.0,77.0,39.0,30.0,67.0,45.0,64.75,82.0,92.0,46.0,37.0,82.5,49.0,67.08333333333333,83.5,94.0,50.0,39.0,84.0,52.0,40.833333333333336,56.0,68.0,31.0,25.0,58.0,7.0,45.833333333333336,60.0,73.0,35.0,28.0,60.0,19.0,116.83333333333333,117.0,140.0,127.0,103.0,125.0,89.0,119.0,118.0,141.0,132.0,106.0,126.0,91.0,48.150000000000006,60.3,66.0,68.0,32.0,26.0,36.6,51.05833333333334,64.65,67.0,73.0,35.0,28.1,38.6,49.550000000000004,63.3,66.0,69.0,32.0,26.0,41.0,52.666666666666664,68.0,67.0,73.0,36.0,29.0,43.0,54.583333333333336,77.5,69.5,71.0,34.5,27.0,48.0,57.625,81.25,70.0,75.0,38.5,30.0,51.0,67.16666666666667,87.0,82.0,86.0,45.0,40.0,63.0,68.83333333333333,88.0,83.0,88.0,49.0,41.0,64.0,42.166666666666664,56.0,66.0,68.0,31.0,25.0,7.0,47.0,60.0,67.0,73.0,35.0,28.0,19.0,128.5,116.0,139.0,140.0,127.0,125.0,124.0,130.0,116.0,140.0,141.0,132.0,126.0,125.0,48.1,66.0,68.0,31.0,25.0,58.6,40.0,50.93333333333334,67.0,73.0,35.0,28.0,60.6,42.0,48.23333333333333,66.0,68.0,31.2,25.2,59.0,40.0,51.0,67.0,73.0,35.0,28.0,61.0,42.0,49.333333333333336,67.0,69.0,32.0,26.0,60.0,42.0,51.666666666666664,67.0,73.0,36.0,29.0,62.0,43.0,51.166666666666664,70.0,70.0,33.0,26.0,62.0,46.0,53.333333333333336,70.0,74.0,37.0,29.0,63.0,47.0,48.0,66.0,68.0,31.0,25.0,58.0,40.0,50.666666666666664,67.0,73.0,35.0,28.0,60.0,41.0,70.0,107.0,79.0,41.0,36.0,72.0,85.0,72.5,108.0,82.0,47.0,37.0,74.0,87.0,C_p25,16.8397,2.929585048031339,E1,3.978693207123642,4.0974601685303185,1.9002713825068143,1.5439704982867866,3.5630088422002766,2.4941061895401937,2.1575997988879454,False,E1,-13.0,3.206707957980249,3.3254749193869246,1.1282861333634209,0.7719852491433933,2.791023593056883,1.7221209403968003,3.0548476385987837,2.0,1,1,6,frame_uncertain,False,False,False,2.0883190714007176,E1,3.0879495412650466,3.681785991508325,0.9501383203892452,0.8313710303405896,2.197194865900129,1.7815093507298347,False
high/IMG_3068_jpg,IMG_3068_jpg,high/IMG_3068_jpg,high,train,2.0,2699,1799,True,oof,holdout,3.4160000000000004,3.306,4.628,4.011,2.336,3.526,2.689,E1-E2,False,False,68.275,65.85,98.0,77.0,46.0,76.0,46.8,75.46666666666667,71.0,104.0,85.0,52.0,87.0,53.8,71.26666666666667,69.0,99.0,78.0,46.0,78.0,57.6,77.93333333333334,73.0,105.0,86.0,52.0,88.0,63.6,75.91666666666667,72.0,106.0,81.0,48.25,83.25,65.0,82.375,77.0,112.0,89.0,55.0,92.25,69.0,84.66666666666667,77.0,125.0,87.0,55.0,96.0,68.0,91.5,83.0,130.0,95.0,63.0,105.0,73.0,62.666666666666664,53.0,97.0,76.0,45.0,75.0,30.0,70.0,59.0,103.0,84.0,51.0,86.0,37.0,122.66666666666667,119.0,158.0,122.0,113.0,135.0,89.0,129.5,124.0,165.0,129.0,122.0,145.0,92.0,68.88333333333334,66.8,98.0,77.0,46.0,76.0,49.5,75.84166666666667,71.8,103.0,85.0,52.0,87.0,56.25,72.0,69.0,99.0,78.0,46.0,77.0,63.0,78.5,73.0,104.0,86.0,52.0,88.0,68.0,75.25,73.0,102.0,81.5,49.0,80.0,66.0,81.83333333333333,78.0,108.0,89.0,56.0,90.0,70.0,83.08333333333333,78.0,115.0,88.0,59.0,89.0,69.5,90.0,84.0,120.0,96.0,66.0,99.0,75.0,62.666666666666664,53.0,97.0,76.0,45.0,75.0,30.0,70.0,59.0,103.0,84.0,51.0,86.0,37.0,140.5,136.0,156.0,158.0,133.0,135.0,125.0,148.5,141.0,163.0,165.0,143.0,145.0,134.0,72.28333333333333,73.0,98.0,76.7,45.0,76.0,65.0,79.16666666666667,80.0,103.0,85.0,51.0,87.0,69.0,72.56666666666666,74.0,98.0,77.0,45.4,76.0,65.0,79.46666666666665,81.4,103.0,85.0,51.4,87.0,69.0,73.33333333333333,75.0,99.0,78.0,46.0,77.0,65.0,80.0,82.0,104.0,85.0,52.0,88.0,69.0,75.16666666666667,78.0,101.0,79.0,46.0,80.0,67.0,82.0,85.0,106.0,87.0,53.0,90.0,71.0,71.66666666666667,73.0,97.0,76.0,45.0,75.0,64.0,78.83333333333333,80.0,103.0,84.0,51.0,86.0,69.0,87.33333333333333,91.0,112.0,88.0,50.0,99.0,84.0,94.16666666666667,96.0,119.0,97.0,57.0,108.0,88.0,C_p25,16.8397,4.354788584911449,E2-E3,4.4537610527503455,5.878964589630456,4.6319114948603595,2.731640112353545,4.5725280141570215,3.8599262457169665,3.5828033357680558,False,E1-E2,-13.0,3.6817758036069526,5.106979340487063,3.8599262457169665,1.959654863210152,3.8005427650136285,3.087940996573573,4.456310966795024,7.0,1,1,6,,False,False,False,4.146946402449766,E2-E3,4.24593061923944,5.760213567359799,4.453773376824587,2.73164767111908,4.542848844361078,3.1473331862893748,False
high/IMG_6849-_jpg,IMG_6849-_jpg,high/IMG_6849-_jpg,high,train,3.0,2698,1799,True,oof,dev,3.2745,4.588,4.118,2.353,2.706,3.882,2.0,E1-E2,False,False,45.69166666666666,46.0,64.7,40.0,48.75,54.0,20.7,48.19166666666666,48.0,66.0,42.0,51.75,57.7,23.7,48.96666666666666,47.0,65.0,41.0,54.0,54.4,32.4,51.300000000000004,50.0,67.0,43.0,57.0,58.0,32.8,53.0,48.0,68.0,42.5,60.0,56.0,43.5,55.083333333333336,51.0,70.5,44.5,62.0,59.0,43.5,67.33333333333333,57.0,76.0,53.0,69.0,76.0,73.0,69.0,59.0,78.0,55.0,71.0,78.0,73.0,41.0,42.0,64.0,40.0,45.0,54.0,1.0,45.0,44.0,65.0,42.0,48.0,57.0,14.0,96.0,89.0,111.0,86.0,87.0,105.0,98.0,98.5,91.0,114.0,90.0,89.0,109.0,98.0,49.166666666666664,47.0,64.0,40.0,54.0,74.0,16.0,51.666666666666664,49.0,66.0,43.0,58.0,74.0,20.0,51.166666666666664,47.0,65.0,41.0,55.0,74.0,25.0,53.333333333333336,50.0,67.0,43.0,58.0,75.0,27.0,55.333333333333336,50.0,67.0,44.0,56.0,76.0,39.0,57.208333333333336,53.0,69.75,45.5,59.0,77.0,39.0,66.66666666666667,71.5,74.0,54.0,65.0,83.5,52.0,68.75,74.0,77.0,57.0,67.0,85.5,52.0,45.666666666666664,42.0,64.0,40.0,54.0,73.0,1.0,49.333333333333336,44.0,65.0,42.0,57.0,74.0,14.0,102.66666666666667,111.0,111.0,87.0,104.0,105.0,98.0,105.5,114.0,114.0,90.0,108.0,109.0,98.0,45.69166666666666,46.0,64.7,40.0,48.75,54.0,20.7,48.19166666666666,48.0,66.0,42.0,51.75,57.7,23.7,48.96666666666666,47.0,65.0,41.0,54.0,54.4,32.4,51.300000000000004,50.0,67.0,43.0,57.0,58.0,32.8,53.0,48.0,68.0,42.5,60.0,56.0,43.5,55.083333333333336,51.0,70.5,44.5,62.0,59.0,43.5,67.33333333333333,57.0,76.0,53.0,69.0,76.0,73.0,69.0,59.0,78.0,55.0,71.0,78.0,73.0,41.0,42.0,64.0,40.0,45.0,54.0,1.0,45.0,44.0,65.0,42.0,48.0,57.0,14.0,96.0,89.0,111.0,86.0,87.0,105.0,98.0,98.5,91.0,114.0,90.0,89.0,109.0,98.0,C_p25,16.8397,3.147324477276911,E1-E2,2.850407073760221,4.0380766878269805,2.5237979298918627,3.5630088422002766,3.3254749193869246,2.5831814105952007,2.3753392281335177,False,E1,-13.0,2.0784218246168282,3.266091438683587,1.7518126807484693,2.791023593056883,2.5534896702435317,1.8111961614518073,3.1111018385089295,2.0,1,1,0,zenith_detection_failed,True,False,False,2.870201567328001,E1,3.859936926581309,3.26610047633803,2.197194865900129,2.73164767111908,3.681785991508325,1.4845911256081956,False
high/IMG_3110_jpg,IMG_3110_jpg,high/IMG_3110_jpg,high,valid,2.0,2698,1799,True,oof,holdout,4.2218333333333335,2.028,4.434,5.236,5.708,4.764,3.161,E2-E3,False,False,76.825,31.0,92.45,100.0,119.0,97.0,21.5,82.16666666666667,31.0,96.0,113.0,125.0,102.0,26.0,81.83333333333333,48.0,94.0,100.0,119.0,97.0,33.0,87.33333333333333,49.0,97.0,114.0,126.0,102.0,36.0,91.125,56.0,100.25,101.0,121.5,105.0,63.0,97.04166666666667,60.0,104.0,115.0,129.0,109.25,65.0,103.75,58.0,115.0,108.0,127.0,136.5,78.0,111.75,65.0,122.0,125.0,135.0,141.5,82.0,71.16666666666667,20.0,90.0,99.0,118.0,96.0,4.0,78.16666666666667,20.0,94.0,113.0,124.0,101.0,17.0,152.66666666666666,112.0,157.0,166.0,164.0,170.0,147.0,161.0,116.0,164.0,179.0,177.0,177.0,153.0,76.0,28.6,91.75,100.0,119.0,97.0,19.65,81.325,28.6,95.0,113.0,125.0,101.7,24.65,81.53333333333333,47.4,93.5,100.0,120.0,97.0,31.3,86.86666666666666,48.4,96.5,114.0,126.0,102.0,34.3,89.91666666666667,56.0,97.0,102.0,123.0,103.0,58.5,95.83333333333333,60.0,101.0,115.0,130.0,107.5,61.5,101.58333333333333,57.0,109.5,112.0,131.5,124.0,75.5,108.41666666666667,64.0,113.5,126.0,140.0,128.0,79.0,71.16666666666667,20.0,90.0,99.0,118.0,96.0,4.0,78.16666666666667,20.0,94.0,113.0,124.0,101.0,17.0,153.16666666666666,111.0,156.0,166.0,170.0,170.0,146.0,160.83333333333334,116.0,162.0,179.0,179.0,177.0,152.0,87.56666666666666,55.0,91.0,100.0,118.7,96.0,64.7,93.39999999999999,58.7,95.0,113.0,125.0,101.0,67.7,88.36666666666666,55.0,91.4,100.0,119.0,96.4,68.4,94.23333333333333,60.0,95.0,113.0,125.0,101.0,71.4,89.91666666666667,56.0,94.0,100.0,119.0,97.0,73.5,96.08333333333333,60.0,97.0,114.0,126.0,102.0,77.5,91.5,56.0,97.0,100.0,120.0,101.0,75.0,98.33333333333333,62.0,101.0,115.0,127.0,106.0,79.0,86.5,53.0,90.0,99.0,118.0,96.0,63.0,92.16666666666667,56.0,94.0,113.0,124.0,101.0,65.0,103.83333333333333,59.0,108.0,104.0,124.0,130.0,98.0,111.16666666666667,65.0,112.0,121.0,132.0,135.0,102.0,C_p25,16.8397,5.33956463990847,E2-E3,3.3254749193869246,5.582047186113766,5.938348070333794,7.066634203697215,5.76019762822378,4.364685831695339,4.5675793907650775,False,E2-E3,-13.0,2.5534896702435317,4.810061936970373,5.166362821190401,6.294648954553822,4.988212379080387,3.5927005825519456,5.349040661021249,6.0,1,1,6,,False,False,False,4.958520638728718,E2-E3,2.5089590022778507,5.968056324944946,6.53220095267606,6.2946663725787495,5.344528052189504,3.1027954525211285,True
high/IMG_8584_jpg,IMG_8584_jpg,high/IMG_8584_jpg,high,train,1.0,2700,1800,True,oof,dev,4.4463333333333335,7.318,6.202,3.969,2.605,3.721,2.863,E2-E3,False,False,66.2,63.1,94.0,62.0,53.0,66.1,59.0,70.38333333333334,70.2,99.0,66.0,57.0,70.0,60.1,68.23333333333333,71.2,96.0,62.0,53.0,67.2,60.0,72.01666666666667,76.4,99.2,66.3,57.2,71.0,62.0,76.83333333333333,102.5,101.0,64.0,55.5,72.0,66.0,80.83333333333333,106.5,105.0,69.0,61.0,76.0,67.5,89.75,121.0,123.0,71.5,66.0,81.0,76.0,93.08333333333333,124.0,125.0,74.5,72.0,85.0,78.0,61.666666666666664,52.0,93.0,61.0,52.0,65.0,47.0,66.16666666666667,60.0,98.0,65.0,56.0,69.0,49.0,127.0,153.0,146.0,141.0,103.0,113.0,106.0,131.0,155.0,148.0,144.0,112.0,117.0,110.0,66.26666666666667,62.7,94.9,62.0,53.0,66.0,59.0,70.30833333333332,69.7,99.0,66.0,57.0,70.0,60.15,68.06666666666666,70.4,96.0,62.0,53.0,67.0,60.0,72.33333333333333,76.0,100.0,67.0,58.0,71.0,62.0,77.58333333333333,100.5,106.0,65.0,57.0,71.0,66.0,81.33333333333333,104.5,110.0,69.0,61.75,75.0,67.75,90.16666666666667,120.0,124.0,71.0,68.5,81.5,76.0,93.75,123.0,127.0,75.0,74.0,85.5,78.0,61.666666666666664,52.0,93.0,61.0,52.0,65.0,47.0,66.16666666666667,60.0,98.0,65.0,56.0,69.0,49.0,129.66666666666666,153.0,153.0,140.0,113.0,113.0,106.0,132.66666666666666,155.0,155.0,143.0,116.0,117.0,110.0,75.78333333333333,123.0,94.0,61.0,52.0,65.7,59.0,79.06666666666666,125.0,98.0,65.0,56.0,69.7,60.7,75.89999999999999,123.0,94.0,61.0,52.4,66.0,59.0,79.39999999999999,125.0,98.4,65.0,57.0,70.0,61.0,76.83333333333333,123.0,95.0,62.0,53.0,67.0,61.0,80.33333333333333,126.0,99.0,66.0,57.0,71.0,63.0,79.33333333333333,126.0,97.0,63.0,54.0,71.0,65.0,82.66666666666667,128.0,101.0,67.0,58.0,75.0,67.0,75.16666666666667,122.0,93.0,61.0,52.0,65.0,58.0,78.83333333333333,125.0,98.0,65.0,56.0,69.0,60.0,94.5,140.0,109.0,66.0,59.0,91.0,102.0,98.83333333333333,142.0,114.0,73.0,66.0,95.0,103.0,C_p25,16.8397,4.562630767373132,E2-E3,7.304168126510567,5.641430666817104,3.6817758036069526,3.147324477276911,3.978693207123642,3.6223923229036146,3.7906455182297383,False,E1-E2,-13.0,6.532182877367174,4.869445417673711,2.909790554463559,2.3753392281335177,3.206707957980249,2.850407073760221,4.510119331926466,3.0,1,1,6,,False,False,False,3.4887794913211043,E1-E2,5.552370809774652,4.750691601946226,2.8504149611677354,2.197194865900129,2.9691822512163912,2.612880381070424,False
high/111 (1)_jpg,111 (1)_jpg,high/111 (1)_jpg,high,valid,2.0,2699,1799,True,oof,dev,2.4516666666666667,1.018,3.207,2.392,2.138,3.97,1.985,E1,False,False,41.74166666666667,32.0,49.0,47.0,40.0,67.0,15.45,45.40833333333333,34.0,52.0,51.0,42.0,70.0,23.45,44.449999999999996,33.9,53.0,47.0,40.0,67.0,25.8,48.28333333333333,35.9,56.0,51.0,43.0,71.0,32.8,53.0,41.25,70.0,47.25,41.0,71.5,47.0,56.208333333333336,43.25,74.0,51.0,44.0,75.0,50.0,61.833333333333336,58.5,73.0,52.5,45.0,83.0,59.0,65.08333333333333,60.5,76.0,56.5,48.5,87.0,62.0,38.166666666666664,28.0,48.0,46.0,39.0,67.0,1.0,43.666666666666664,32.0,52.0,50.0,42.0,69.0,17.0,111.16666666666667,102.0,101.0,124.0,110.0,120.0,110.0,114.16666666666667,103.0,103.0,129.0,114.0,122.0,114.0,40.36666666666667,31.95,47.0,40.0,67.0,47.0,9.25,44.291666666666664,34.0,51.0,42.0,70.0,50.0,18.75,41.583333333333336,33.0,47.0,40.0,67.0,49.0,13.5,45.53333333333333,35.0,51.0,43.0,71.0,51.7,21.5,46.291666666666664,38.0,50.0,42.0,70.0,54.0,23.75,50.125,40.0,54.0,45.0,74.0,57.0,30.75,61.333333333333336,51.5,72.0,51.0,80.5,71.5,41.5,64.91666666666667,54.0,75.0,55.0,83.5,75.0,47.0,37.833333333333336,28.0,46.0,39.0,67.0,46.0,1.0,43.0,32.0,50.0,42.0,69.0,48.0,17.0,110.5,101.0,123.0,124.0,119.0,111.0,85.0,114.0,102.0,128.0,129.0,121.0,115.0,89.0,50.23333333333333,31.7,70.0,46.0,40.0,67.0,46.7,53.0,33.0,74.0,50.0,42.0,70.0,49.0,50.5,32.0,70.0,47.0,40.0,67.0,47.0,53.5,34.0,74.0,51.0,42.0,70.0,50.0,51.583333333333336,34.5,71.0,47.0,40.0,67.0,50.0,54.833333333333336,36.0,75.0,51.0,43.0,71.0,53.0,54.0,40.0,72.0,47.0,41.0,69.0,55.0,57.0,41.0,75.0,51.0,43.0,73.0,59.0,49.833333333333336,31.0,70.0,46.0,39.0,67.0,46.0,52.5,32.0,74.0,50.0,42.0,69.0,48.0,65.0,57.0,80.0,49.0,44.0,82.0,78.0,68.0,60.0,83.0,52.0,48.0,85.0,80.0,C_p25,16.8397,3.063197879613849,E1-E2,2.0487300842651592,4.216227129936994,2.791023593056883,2.3753392281335177,3.978693207123642,2.969174035166897,2.2912126304704556,False,E1,-13.0,1.2767448351217658,3.4442418807936006,2.0190383439134902,1.6033539789901246,3.206707957980249,2.1971887860235038,3.1111018385089295,3.0,1,1,6,,False,False,False,2.7712290994891036,E1,0.8313710303405896,3.622402346483997,3.26610047633803,2.256578510924457,4.186546974215111,2.4644212685096045,False
high/IMG_2848_jpg,IMG_2848_jpg,high/IMG_2848_jpg,high,valid,4.0,2698,1799,True,oof,holdout,1.5296666666666665,0.478,1.673,1.386,1.673,2.486,1.482,E1,False,False,34.68333333333334,25.0,41.0,34.0,37.0,47.05,24.05,35.69166666666667,25.0,41.0,40.0,37.0,47.1,24.05,36.53333333333333,27.0,43.0,34.0,37.0,51.1,27.1,37.699999999999996,27.0,43.0,40.0,37.0,52.1,27.1,41.333333333333336,31.0,46.0,36.0,41.0,60.0,34.0,42.166666666666664,31.0,46.0,41.0,41.0,60.0,34.0,51.5,42.0,59.0,43.0,59.0,66.0,40.0,52.333333333333336,42.0,59.0,48.0,59.0,66.0,40.0,33.166666666666664,24.0,40.0,34.0,36.0,45.0,20.0,34.333333333333336,24.0,41.0,40.0,36.0,45.0,20.0,94.16666666666667,81.0,109.0,102.0,94.0,97.0,82.0,95.33333333333333,81.0,109.0,102.0,101.0,97.0,82.0,32.15833333333334,29.8,25.0,41.0,34.0,37.0,26.15,33.15833333333334,29.8,25.0,41.0,40.0,37.0,26.15,34.0,31.0,26.0,42.0,35.0,37.0,33.0,35.0,31.0,27.0,42.0,40.0,37.0,33.0,38.208333333333336,38.0,30.25,45.0,38.0,42.0,36.0,39.041666666666664,38.0,30.25,45.0,43.0,42.0,36.0,52.833333333333336,56.0,42.0,54.0,51.0,54.0,60.0,53.5,56.0,42.0,54.0,55.0,54.0,60.0,30.333333333333332,28.0,24.0,40.0,34.0,36.0,20.0,31.5,28.0,24.0,41.0,40.0,36.0,20.0,95.16666666666667,78.0,81.0,109.0,109.0,97.0,97.0,95.83333333333333,78.0,81.0,109.0,109.0,101.0,97.0,37.949999999999996,24.7,41.0,34.0,36.0,59.0,33.0,39.11666666666667,24.7,41.0,40.0,37.0,59.0,33.0,38.233333333333334,25.0,41.0,34.0,37.0,59.0,33.4,39.233333333333334,25.0,41.0,40.0,37.0,59.0,33.4,39.083333333333336,27.0,42.5,34.0,37.0,60.0,34.0,40.166666666666664,27.0,43.0,40.0,37.0,60.0,34.0,41.5,30.0,45.0,36.0,39.0,62.0,37.0,42.333333333333336,30.0,45.0,41.0,39.0,62.0,37.0,37.5,24.0,40.0,34.0,36.0,59.0,32.0,38.666666666666664,24.0,41.0,40.0,36.0,59.0,32.0,50.333333333333336,40.0,55.0,40.0,47.0,74.0,46.0,51.333333333333336,40.0,55.0,46.0,47.0,74.0,46.0,C_p25,16.8397,2.3209043708221246,E1,1.6033539789901246,2.5237979298918627,2.0190383439134902,2.1971887860235038,3.5630088422002766,2.0190383439134902,1.5489191216787315,False,E1,-13.0,0.8313687298467312,1.7518126807484693,1.2470530947700968,1.4252035368801106,2.791023593056883,1.2470530947700968,2.426268100472373,0.0,1,1,6,,False,False,False,1.9745007333859865,E1,1.7221257057055068,1.9002766407784903,2.019043930827146,1.6627420606811791,2.9394904287042274,1.6033584156568512,False
high/IMG_3098_jpg,IMG_3098_jpg,high/IMG_3098_jpg,high,train,3.0,2698,1799,True,oof,holdout,4.068833333333333,5.097,5.193,3.106,2.087,4.271,4.659,E2-E3,False,False,66.62500000000001,62.35,100.0,65.0,48.0,76.35,48.05,71.9,71.35,104.0,68.0,51.0,80.35,56.7,73.3,75.7,100.7,66.0,48.0,87.0,62.4,78.06666666666666,84.7,105.0,68.0,51.0,92.0,67.7,87.58333333333333,109.75,108.75,67.0,51.0,89.0,100.0,91.375,113.75,113.0,70.0,54.75,94.0,102.75,99.66666666666667,119.0,133.0,74.0,59.0,102.5,110.5,103.16666666666667,120.0,137.0,78.0,63.5,107.5,113.0,55.0,49.0,100.0,65.0,47.0,65.0,4.0,62.833333333333336,56.0,103.0,67.0,50.0,69.0,32.0,150.66666666666666,179.0,163.0,151.0,128.0,143.0,140.0,154.5,181.0,166.0,157.0,134.0,146.0,143.0,73.41666666666667,57.9,119.0,100.0,65.0,48.0,50.6,77.60833333333333,65.35,119.0,104.0,68.0,51.0,58.3,77.78333333333335,66.8,119.0,100.0,66.0,49.900000000000006,65.0,81.56666666666666,75.8,119.0,104.0,68.0,53.0,69.6,90.41666666666667,90.25,123.0,105.0,68.0,55.25,101.0,93.91666666666667,96.5,123.0,110.0,71.0,60.0,103.0,108.5,111.0,139.0,123.0,76.0,88.0,114.0,111.58333333333333,115.0,139.0,127.0,80.0,92.5,116.0,63.833333333333336,49.0,118.0,100.0,65.0,47.0,4.0,71.0,56.0,118.0,103.0,67.0,50.0,32.0,159.33333333333334,178.0,179.0,163.0,151.0,143.0,142.0,162.5,180.0,181.0,166.0,157.0,146.0,145.0,86.33333333333333,119.0,100.0,65.0,47.0,87.0,100.0,89.11666666666667,119.0,103.7,67.0,51.0,92.0,102.0,86.5,119.0,100.0,65.0,48.0,87.0,100.0,89.5,119.0,104.0,68.0,51.0,92.0,103.0,87.16666666666667,119.0,100.0,66.0,48.0,88.0,102.0,89.83333333333333,119.0,104.0,68.0,51.0,93.0,104.0,89.66666666666667,123.0,104.0,67.0,49.0,90.0,105.0,92.33333333333333,123.0,107.0,69.0,53.0,95.0,107.0,86.0,118.0,100.0,65.0,47.0,87.0,99.0,88.66666666666667,118.0,103.0,67.0,50.0,92.0,102.0,104.66666666666667,140.0,115.0,75.0,54.0,109.0,135.0,107.66666666666667,140.0,120.0,78.0,57.0,113.0,138.0,C_p25,16.8397,5.176260067974291,E2-E3,7.066634203697215,5.938348070333794,3.919309726420304,2.850407073760221,5.225746301893739,6.05711503174047,4.404274818830897,False,E2-E3,-13.0,6.294648954553822,5.166362821190401,3.147324477276911,2.0784218246168282,4.4537610527503455,5.285129782597077,5.1411447048315795,4.0,2,1,6,gingiva_multi_component,False,False,False,4.359737208303394,E2-E3,6.235282727554422,6.205590905042257,3.5036350564353413,2.672264026094752,4.335006086775931,3.2067168313137024,False
high/IMG_6855-_jpg,IMG_6855-_jpg,high/IMG_6855-_jpg,high,test,1.0,2699,1800,True,oof,dev,4.747833333333333,3.679,6.517,3.364,5.361,9.566,0.0,E2-E3,True,False,51.166666666666664,43.5,84.5,70.0,109.0,0.0,0.0,52.916666666666664,46.5,87.0,73.0,111.0,0.0,0.0,54.5,52.0,96.0,70.0,109.0,0.0,0.0,56.166666666666664,55.0,97.0,73.0,112.0,0.0,0.0,69.5,72.0,126.0,72.0,113.0,0.0,34.0,71.16666666666667,76.0,126.0,76.0,115.0,0.0,34.0,89.16666666666667,88.0,131.0,80.0,122.0,49.0,65.0,109.16666666666667,91.0,133.0,84.0,125.0,157.0,65.0,48.166666666666664,34.0,77.0,69.0,109.0,0.0,0.0,50.166666666666664,38.0,81.0,71.0,111.0,0.0,0.0,132.5,109.0,154.0,130.0,144.0,157.0,101.0,134.83333333333334,112.0,154.0,136.0,147.0,159.0,101.0,51.800000000000004,41.6,73.0,70.0,109.0,0.0,17.2,53.800000000000004,44.6,77.0,73.0,111.0,0.0,17.2,55.23333333333333,48.2,74.0,71.0,110.0,0.0,28.2,57.4,51.2,78.0,75.0,112.0,0.0,28.2,63.958333333333336,61.0,79.25,78.0,114.0,0.0,51.5,65.91666666666667,63.0,83.0,82.0,116.0,0.0,51.5,89.25,88.0,103.0,112.5,128.0,33.0,71.0,91.58333333333333,92.0,106.5,116.5,130.5,33.0,71.0,48.666666666666664,34.0,72.0,69.0,109.0,0.0,8.0,50.666666666666664,38.0,76.0,71.0,111.0,0.0,8.0,138.5,109.0,153.0,154.0,157.0,157.0,101.0,139.66666666666666,112.0,153.0,154.0,159.0,159.0,101.0,51.166666666666664,43.5,84.5,70.0,109.0,0.0,0.0,52.916666666666664,46.5,87.0,73.0,111.0,0.0,0.0,54.5,52.0,96.0,70.0,109.0,0.0,0.0,56.166666666666664,55.0,97.0,73.0,112.0,0.0,0.0,69.5,72.0,126.0,72.0,113.0,0.0,34.0,71.16666666666667,76.0,126.0,76.0,115.0,0.0,34.0,89.16666666666667,88.0,131.0,80.0,122.0,49.0,65.0,109.16666666666667,91.0,133.0,84.0,125.0,157.0,65.0,48.166666666666664,34.0,77.0,69.0,109.0,0.0,0.0,50.166666666666664,38.0,81.0,71.0,111.0,0.0,0.0,132.5,109.0,154.0,130.0,144.0,157.0,101.0,134.83333333333334,112.0,154.0,136.0,147.0,159.0,101.0,C_p25,16.8397,4.127151908881987,E2-E3,4.2756106106403315,7.482318568620581,4.2756106106403315,6.710333319477187,0.0,2.0190383439134902,3.3551666597385936,False,E1-E2,-13.0,3.5036253614969386,6.710333319477187,3.5036253614969386,5.938348070333794,0.0,1.2470530947700968,4.079652410874917,3.0,2,1,0,"gingiva_multi_component,region_zero,zenith_detection_failed",True,False,False,3.300731802427201,E1-E2,3.5036350564353413,6.131361348761848,3.3254841213623583,5.403911697213832,0.1781509350729834,1.2619024567669663,True
high/IMG_3105_jpg,IMG_3105_jpg,high/IMG_3105_jpg,high,valid,1.0,2699,1799,True,oof,holdout,0.8685,0.618,1.104,1.634,0.795,1.06,0.0,E1,True,False,30.333333333333332,32.0,46.0,45.0,25.0,32.0,2.0,31.616666666666664,33.0,47.0,45.0,25.0,32.0,7.7,31.233333333333334,33.0,47.0,45.0,25.0,33.0,4.4,32.333333333333336,34.0,48.0,45.0,25.0,33.0,9.0,35.25,36.0,53.0,46.0,26.0,38.0,12.5,35.625,37.0,53.25,46.0,26.0,38.0,13.5,47.0,46.0,68.0,63.0,28.0,50.0,27.0,47.166666666666664,46.0,68.0,64.0,28.0,50.0,27.0,29.333333333333332,32.0,45.0,44.0,24.0,30.0,1.0,30.666666666666668,33.0,45.0,45.0,24.0,30.0,7.0,79.5,76.0,104.0,93.0,75.0,79.0,50.0,80.0,76.0,104.0,95.0,75.0,80.0,50.0,26.174999999999997,39.45,32.0,45.0,25.0,4.0,11.600000000000001,27.10833333333333,39.45,33.0,45.0,25.0,8.600000000000001,11.600000000000001,27.599999999999998,41.0,33.0,45.0,25.0,6.0,15.600000000000001,28.583333333333332,41.0,34.0,45.900000000000006,25.0,10.0,15.600000000000001,35.166666666666664,49.25,36.0,46.75,26.0,28.0,25.0,35.375,49.25,37.0,47.0,26.0,28.0,25.0,45.916666666666664,60.5,52.0,55.5,34.5,39.0,34.0,46.166666666666664,60.5,52.0,56.5,35.0,39.0,34.0,24.333333333333332,37.0,32.0,44.0,24.0,1.0,8.0,25.666666666666668,37.0,33.0,45.0,24.0,7.0,8.0,84.0,75.0,104.0,103.0,93.0,79.0,50.0,84.33333333333333,75.0,104.0,103.0,95.0,79.0,50.0,30.333333333333332,32.0,46.0,45.0,25.0,32.0,2.0,31.616666666666664,33.0,47.0,45.0,25.0,32.0,7.7,31.233333333333334,33.0,47.0,45.0,25.0,33.0,4.4,32.333333333333336,34.0,48.0,45.0,25.0,33.0,9.0,35.25,36.0,53.0,46.0,26.0,38.0,12.5,35.625,37.0,53.25,46.0,26.0,38.0,13.5,47.0,46.0,68.0,63.0,28.0,50.0,27.0,47.166666666666664,46.0,68.0,64.0,28.0,50.0,27.0,29.333333333333332,32.0,45.0,44.0,24.0,30.0,1.0,30.666666666666668,33.0,45.0,45.0,24.0,30.0,7.0,79.5,76.0,104.0,93.0,75.0,79.0,50.0,80.0,76.0,104.0,95.0,75.0,80.0,50.0,C_p25,16.8397,2.0932676947926625,E1,2.1378053053201658,3.147324477276911,2.731640112353545,1.5439704982867866,2.2565722667268417,0.7422935087917243,1.3212824456492693,False,E1,-13.0,1.3658200561767726,2.3753392281335177,1.959654863210152,0.7719852491433933,1.4845870175834486,0.0,2.0691762227818824,0.0,1,2,0,zenith_detection_failed,True,False,False,1.118388886579531,E1,0.7126037402919339,2.019043930827146,2.375345800973113,0.1781509350729834,1.1282892554622286,0.2969182251216391,True
high/IMG_6591-_jpg,IMG_6591-_jpg,high/IMG_6591-_jpg,high,train,1.0,2698,1799,True,oof,holdout,4.391666666666667,4.185,6.183,3.9,4.281,4.947,2.854,E2-E3,False,False,76.89999999999999,51.6,106.6,80.0,81.0,98.0,44.2,82.3,58.0,110.6,85.0,86.0,101.0,53.2,82.36666666666667,62.400000000000006,115.4,80.0,81.0,103.4,52.0,87.33333333333333,69.2,119.4,86.0,86.0,106.4,57.0,91.16666666666667,86.0,132.0,81.0,83.0,109.0,56.0,95.83333333333333,94.0,134.0,87.0,88.0,111.0,61.0,98.5,96.0,135.0,87.0,89.0,115.0,69.0,102.83333333333333,103.0,137.0,92.0,93.0,118.0,74.0,70.5,41.0,97.0,79.0,80.0,93.0,33.0,76.16666666666667,49.0,101.0,85.0,85.0,95.0,42.0,143.5,147.0,161.0,140.0,142.0,146.0,125.0,147.33333333333334,151.0,164.0,145.0,147.0,148.0,129.0,68.95,59.5,80.0,81.0,106.0,52.0,35.2,74.675,65.5,85.0,86.0,109.0,57.95,44.6,72.39999999999999,75.0,80.0,81.0,107.0,53.0,38.4,78.71666666666665,84.0,86.0,86.0,110.0,58.9,47.4,79.25,93.0,83.0,83.75,110.0,58.75,47.0,84.5,99.25,88.0,88.0,113.0,63.75,55.0,94.66666666666667,129.5,95.0,94.0,116.0,74.5,59.0,99.25,133.0,100.0,99.0,119.0,78.5,66.0,64.83333333333333,41.0,79.0,80.0,105.0,51.0,33.0,70.83333333333333,49.0,85.0,85.0,108.0,56.0,42.0,136.16666666666666,160.0,161.0,146.0,146.0,125.0,79.0,139.33333333333334,163.0,164.0,148.0,148.0,129.0,84.0,88.78333333333335,85.7,130.0,79.0,80.0,106.0,52.0,93.83333333333333,94.0,133.0,85.0,85.0,109.0,57.0,89.3,86.0,131.0,79.4,81.0,106.4,52.0,94.39999999999999,94.4,134.0,85.0,86.0,109.0,58.0,90.75,89.5,132.0,80.0,81.0,108.0,54.0,95.41666666666667,97.0,134.0,86.0,86.0,110.5,59.0,93.16666666666667,94.0,132.0,81.0,82.0,110.0,60.0,97.66666666666667,100.0,135.0,86.0,87.0,113.0,65.0,88.33333333333333,85.0,130.0,79.0,80.0,105.0,51.0,93.5,94.0,133.0,85.0,85.0,108.0,56.0,103.33333333333333,107.0,143.0,86.0,86.0,119.0,79.0,108.33333333333333,114.0,147.0,91.0,92.0,122.0,84.0,C_p25,16.8397,5.389050873827919,E2-E3,5.314821522948746,7.838619452840608,4.750678456267035,4.810061936970373,6.413415915960498,3.206707957980249,4.617065624684525,False,E2-E3,-13.0,4.542836273805353,7.066634203697215,3.978693207123642,4.0380766878269805,5.641430666817104,2.4347227088368557,5.351486495799952,5.0,1,1,6,,False,False,False,4.735832586091201,E2-E3,4.542848844361078,7.422955628040977,3.770861459044817,3.859936926581309,5.819597212384126,2.998874073728555,False
high/IMG_6933_jpg,IMG_6933_jpg,high/IMG_6933_jpg,high,train,0.0,2698,1799,True,oof,holdout,3.493,4.304,4.584,2.994,2.62,3.649,2.807,E1-E2,False,False,67.03333333333333,90.0,94.0,62.0,49.0,76.8,30.4,71.56666666666666,94.0,99.0,65.0,53.0,79.0,39.4,70.13333333333334,91.0,95.0,62.0,50.0,79.0,43.8,73.93333333333334,95.8,100.0,65.0,53.0,80.0,49.8,75.66666666666667,101.0,99.0,63.0,52.0,82.0,57.0,79.5,107.0,103.0,66.0,55.0,83.0,63.0,92.33333333333333,145.0,113.0,70.0,63.0,95.0,68.0,96.41666666666667,151.0,116.0,75.0,66.5,97.0,73.0,63.166666666666664,89.0,93.0,61.0,49.0,66.0,21.0,68.66666666666667,93.0,98.0,64.0,52.0,72.0,33.0,134.33333333333334,165.0,148.0,136.0,122.0,125.0,110.0,138.16666666666666,171.0,152.0,141.0,127.0,127.0,111.0,73.89166666666667,107.75,90.0,94.0,62.0,49.0,40.6,78.88333333333334,115.5,94.0,99.0,65.0,53.0,46.8,77.75,114.5,91.0,95.0,62.0,50.0,54.0,82.71666666666667,122.0,95.7,99.0,65.0,53.0,61.6,83.95833333333333,129.75,96.75,97.25,63.0,52.0,65.0,88.29166666666667,135.75,101.75,101.25,66.0,55.0,70.0,99.41666666666667,145.5,128.5,107.0,70.5,63.0,82.0,103.33333333333333,151.5,132.5,110.0,75.5,66.5,84.0,69.0,101.0,89.0,93.0,61.0,49.0,21.0,74.83333333333333,109.0,93.0,98.0,64.0,52.0,33.0,143.66666666666666,164.0,165.0,148.0,136.0,124.0,125.0,147.83333333333334,170.0,171.0,152.0,140.0,127.0,127.0,71.78333333333333,89.7,94.0,61.0,49.0,78.0,59.0,74.83333333333333,93.0,98.0,64.0,52.0,79.0,63.0,72.06666666666666,90.0,94.0,61.0,49.0,78.4,60.0,75.2,94.0,98.4,64.4,52.0,79.4,63.0,73.08333333333333,90.0,95.0,62.0,50.0,80.0,61.5,76.08333333333333,94.5,99.0,65.0,53.0,80.0,65.0,74.83333333333333,92.0,97.0,62.0,51.0,81.0,66.0,78.0,97.0,101.0,65.0,53.0,82.0,70.0,71.5,89.0,93.0,61.0,49.0,78.0,59.0,74.66666666666667,93.0,98.0,64.0,52.0,79.0,62.0,91.66666666666667,149.0,106.0,65.0,56.0,89.0,85.0,96.16666666666667,155.0,110.0,68.0,62.0,90.0,92.0,C_p25,16.8397,4.339942714735614,E2-E3,5.344513263300415,5.641430666817104,3.6817758036069526,2.969174035166897,4.750678456267035,3.6520840632552836,3.567957465592221,False,E1-E2,-13.0,4.5725280141570215,4.869445417673711,2.909790554463559,2.1971887860235038,3.978693207123642,2.88009881411189,4.441635958122812,4.0,1,1,6,,False,False,False,3.6817758036069526,E1-E2,4.275622441751604,4.691307956921898,3.1473331862893748,2.4941130910217684,4.453773376824587,3.028565896240719,False
high/IMG_6519-_jpg,IMG_6519-_jpg,high/IMG_6519-_jpg,high,test,4.0,2699,1799,True,oof,dev,5.754166666666666,4.195,6.668,6.776,7.421,7.529,1.936,E2-E3,False,False,103.7,59.6,132.0,129.0,139.0,143.0,19.6,107.70833333333333,70.3,134.0,133.0,144.35,145.0,19.6,106.0,63.0,132.0,129.0,140.0,144.0,28.0,110.76666666666667,77.6,135.0,133.0,145.0,146.0,28.0,117.16666666666667,73.0,140.0,132.0,142.0,153.0,63.0,122.08333333333333,86.5,143.5,136.0,147.0,156.5,63.0,144.25,123.0,166.0,148.0,153.5,184.0,91.0,148.41666666666666,132.0,170.0,151.0,158.5,188.0,91.0,99.0,50.0,131.0,128.0,139.0,143.0,3.0,102.5,58.0,133.0,132.0,144.0,145.0,3.0,221.33333333333334,200.0,227.0,239.0,226.0,223.0,213.0,224.83333333333334,202.0,232.0,242.0,228.0,229.0,216.0,103.55833333333332,57.55,132.0,129.0,140.0,143.0,19.8,107.31666666666666,67.1,134.0,133.0,145.0,145.0,19.8,106.0,63.0,132.0,129.0,140.0,144.0,28.0,110.36666666666667,77.0,134.2,133.0,145.0,145.0,28.0,115.70833333333333,67.75,135.0,134.25,145.0,149.25,63.0,120.29166666666667,80.75,138.0,138.0,150.0,152.0,63.0,137.16666666666666,86.0,160.0,154.5,162.0,169.5,91.0,141.83333333333334,98.0,163.0,158.0,166.0,175.0,91.0,99.0,50.0,131.0,128.0,139.0,143.0,3.0,102.5,58.0,133.0,132.0,144.0,145.0,3.0,223.33333333333334,200.0,225.0,237.0,239.0,223.0,216.0,226.83333333333334,202.0,230.0,239.0,242.0,229.0,219.0,113.95,63.0,131.0,128.7,139.0,143.0,79.0,118.5,77.0,133.0,133.0,144.0,145.0,79.0,114.3,63.0,131.4,129.0,139.0,143.0,80.4,118.96666666666665,78.0,133.4,133.0,144.0,145.0,80.4,115.66666666666667,65.5,132.0,129.0,140.0,144.0,83.5,120.25,79.5,134.5,133.0,145.0,146.0,83.5,119.83333333333333,73.0,134.0,130.0,141.0,148.0,93.0,124.5,87.0,136.0,134.0,146.0,151.0,93.0,113.66666666666667,62.0,131.0,128.0,139.0,143.0,79.0,118.0,75.0,133.0,132.0,144.0,145.0,79.0,143.83333333333334,102.0,153.0,137.0,148.0,192.0,131.0,148.0,112.0,156.0,141.0,153.0,195.0,131.0,C_p25,16.8397,6.8686892680194225,E3,3.8896179860686355,7.838619452840608,7.660469010730595,8.313687298467313,8.551221221280663,4.958520638728718,6.0967040188760295,False,E3,-13.0,3.117632736925242,7.066634203697215,6.888483761587201,7.541702049323919,7.779235972137271,4.186535389585325,6.877687397709992,3.0,1,1,6,,False,False,False,6.1659847463632556,E3,3.978704216629964,6.710351887749044,6.53220095267606,7.244804692967994,7.660490208138289,4.869458891994881,True
high/IMG_6745_jpg,IMG_6745_jpg,high/IMG_6745_jpg,high,train,0.0,2698,1799,True,oof,dev,2.571333333333333,3.0,2.357,2.464,1.607,2.786,3.214,E1,False,False,47.76666666666667,38.8,62.0,49.0,31.0,54.0,51.8,49.1,40.8,62.0,51.0,33.0,54.0,53.8,50.26666666666667,44.6,63.0,50.0,31.0,55.0,58.0,51.6,46.6,63.0,52.0,33.0,55.0,60.0,58.833333333333336,65.0,69.0,57.0,34.0,61.0,67.0,60.0,66.0,69.0,59.0,36.0,61.0,69.0,78.41666666666667,75.0,94.0,79.0,57.5,92.0,73.0,79.5,75.0,94.0,81.0,60.0,93.0,74.0,44.833333333333336,32.0,62.0,48.0,30.0,54.0,43.0,46.166666666666664,34.0,62.0,50.0,32.0,54.0,45.0,120.83333333333333,111.0,130.0,126.0,126.0,133.0,99.0,121.83333333333333,111.0,130.0,128.0,129.0,133.0,100.0,48.324999999999996,40.95,62.0,49.0,31.0,54.0,53.0,49.49166666666667,41.95,62.0,51.0,33.0,54.0,55.0,51.15,49.900000000000006,62.0,50.0,31.0,55.0,59.0,52.48333333333333,51.900000000000006,62.0,52.0,33.0,55.0,61.0,58.375,67.0,65.5,57.0,35.0,56.75,69.0,59.208333333333336,67.0,65.5,59.0,37.0,56.75,70.0,76.0,81.0,89.0,78.0,64.0,67.0,77.0,76.91666666666667,81.0,89.0,80.0,66.0,67.0,78.5,44.833333333333336,32.0,62.0,48.0,30.0,54.0,43.0,46.166666666666664,34.0,62.0,50.0,32.0,54.0,45.0,129.66666666666666,129.0,130.0,126.0,127.0,133.0,133.0,130.33333333333334,129.0,130.0,128.0,129.0,133.0,133.0,54.78333333333333,66.0,62.0,48.7,30.0,54.0,68.0,55.61666666666667,66.0,62.0,50.7,32.0,54.0,69.0,55.06666666666666,66.4,62.0,49.0,31.0,54.0,68.0,55.800000000000004,66.4,62.0,51.0,32.4,54.0,69.0,55.833333333333336,68.0,62.0,50.0,31.0,55.0,69.0,56.666666666666664,68.0,62.0,52.0,33.0,55.0,70.0,58.333333333333336,73.0,65.0,52.0,32.0,57.0,71.0,59.333333333333336,73.0,65.0,55.0,34.0,57.0,72.0,54.5,65.0,62.0,48.0,30.0,54.0,68.0,55.333333333333336,65.0,62.0,50.0,32.0,54.0,69.0,81.66666666666667,107.0,103.0,72.0,41.0,68.0,99.0,82.33333333333333,107.0,103.0,73.0,43.0,68.0,100.0,C_p25,16.8397,3.3155776726030353,E1-E2,4.0380766878269805,3.6817758036069526,2.969174035166897,1.8408879018034763,3.266091438683587,4.0974601685303185,2.543592423459642,False,E1,-13.0,3.266091438683587,2.909790554463559,2.1971887860235038,1.0689026526600829,2.4941061895401937,3.3254749193869246,3.4535187075272082,1.0,1,1,6,,False,False,False,2.4842089427563043,E1,2.998874073728555,2.256578510924457,2.4941130910217684,1.336132013047376,2.4941130910217684,3.3254841213623583,False
high/IMG_3811-_jpg,IMG_3811-_jpg,high/IMG_3811-_jpg,high,test,1.0,2699,1799,True,oof,holdout,3.4345,4.485,4.866,1.989,2.031,3.385,3.851,E1-E2,False,False,60.61666666666667,71.3,70.05,52.0,48.0,92.05,30.299999999999997,65.61666666666666,74.4,74.05,58.0,56.0,97.05,34.2,69.25,88.4,79.1,52.0,48.0,94.0,54.0,74.08333333333333,92.4,82.1,58.0,56.0,98.0,58.0,86.0,114.0,110.5,53.0,49.0,97.0,92.5,90.83333333333333,116.0,113.5,59.5,57.0,101.0,98.0,94.33333333333333,120.0,118.0,61.0,57.0,108.0,102.0,99.16666666666667,123.0,121.0,69.0,63.0,113.0,106.0,52.333333333333336,55.0,64.0,51.0,47.0,79.0,18.0,57.833333333333336,59.0,67.0,58.0,56.0,83.0,24.0,144.66666666666666,164.0,156.0,138.0,117.0,151.0,142.0,151.16666666666666,167.0,159.0,150.0,129.0,155.0,147.0,67.60000000000001,69.0,113.0,52.0,48.0,94.0,29.6,72.26666666666667,72.0,116.0,58.0,56.0,98.0,33.6,73.93333333333334,85.0,113.0,52.0,48.0,94.2,51.400000000000006,78.83333333333333,89.0,116.0,58.0,56.0,99.0,55.00000000000001,87.16666666666667,112.0,116.0,55.0,51.0,97.0,92.0,92.375,115.0,119.25,61.0,59.0,102.0,98.0,99.0,120.0,129.0,69.0,65.0,110.0,101.0,103.91666666666667,122.0,132.0,76.0,73.5,114.0,106.0,62.666666666666664,55.0,112.0,51.0,47.0,93.0,18.0,68.33333333333333,59.0,115.0,58.0,56.0,98.0,24.0,153.5,160.0,164.0,156.0,151.0,150.0,140.0,157.33333333333334,163.0,167.0,159.0,155.0,155.0,145.0,84.5,112.0,112.0,51.0,47.0,94.0,91.0,90.0,115.0,116.0,58.0,56.0,98.0,97.0,85.23333333333333,114.0,113.0,51.0,47.4,94.0,92.0,90.23333333333333,116.0,116.0,58.0,56.0,98.0,97.4,86.08333333333333,115.0,113.0,52.0,48.0,94.5,94.0,91.08333333333333,117.5,117.0,58.0,56.0,99.0,99.0,88.33333333333333,120.0,116.0,52.0,48.0,96.0,98.0,93.66666666666667,122.0,119.0,60.0,57.0,101.0,103.0,84.33333333333333,112.0,112.0,51.0,47.0,93.0,91.0,89.5,114.0,115.0,58.0,56.0,98.0,96.0,97.0,127.0,127.0,61.0,52.0,106.0,109.0,103.16666666666667,130.0,131.0,71.0,63.0,110.0,114.0,C_p25,16.8397,5.111927963879007,E2-E3,6.829100280883863,6.710333319477187,3.087940996573573,2.850407073760221,5.611738926465436,5.582047186113766,4.339942714735614,False,E2-E3,-13.0,6.05711503174047,5.938348070333794,2.3159557474301797,2.0784218246168282,4.839753677322042,4.810061936970373,5.0482029832409046,4.0,1,1,6,,False,False,False,4.052922558002814,E2-E3,5.760213567359799,5.671138099823307,2.3159621559487853,1.7815093507298347,4.394389731800259,4.394389731800259,False
high/IMG_6918_jpg,IMG_6918_jpg,high/IMG_6918_jpg,high,valid,3.0,2698,1799,True,oof,dev,3.1235,3.44,4.617,3.984,2.988,2.444,1.268,E1-E2,False,False,56.13333333333333,31.0,78.6,79.0,78.0,58.0,12.200000000000001,60.46666666666667,35.0,81.6,85.0,82.0,61.0,18.200000000000003,61.11666666666667,38.1,80.2,79.0,81.0,60.0,28.400000000000002,65.28333333333335,42.1,83.2,85.0,85.0,63.0,33.400000000000006,72.29166666666667,58.75,89.0,80.0,90.0,69.0,47.0,76.79166666666667,61.75,93.0,86.0,97.0,73.0,50.0,82.33333333333333,82.0,95.0,85.0,100.5,73.5,58.0,86.83333333333333,84.0,99.0,92.0,106.5,77.5,62.0,52.0,24.0,76.0,78.0,76.0,57.0,1.0,57.166666666666664,29.0,79.0,85.0,80.0,60.0,10.0,112.16666666666667,102.0,131.0,119.0,124.0,112.0,85.0,116.5,104.0,135.0,123.0,130.0,117.0,90.0,55.84166666666667,33.8,88.0,79.0,69.45,57.0,7.800000000000001,61.1,38.8,93.0,85.0,74.0,60.8,15.0,60.20000000000001,44.6,89.0,79.0,70.0,58.0,20.6,64.86666666666667,48.6,93.0,85.0,75.0,61.0,26.6,70.45833333333333,72.0,91.75,81.0,75.0,60.0,43.0,74.16666666666667,75.0,95.0,87.0,79.0,63.0,46.0,80.5,85.0,100.0,89.0,86.0,69.0,54.0,84.83333333333333,88.0,104.5,96.0,90.5,72.0,58.0,52.833333333333336,24.0,88.0,78.0,69.0,57.0,1.0,58.166666666666664,29.0,92.0,85.0,73.0,60.0,10.0,117.66666666666667,130.0,131.0,124.0,124.0,112.0,85.0,122.5,133.0,135.0,130.0,130.0,117.0,90.0,56.13333333333333,31.0,78.6,79.0,78.0,58.0,12.200000000000001,60.46666666666667,35.0,81.6,85.0,82.0,61.0,18.200000000000003,61.11666666666667,38.1,80.2,79.0,81.0,60.0,28.400000000000002,65.28333333333335,42.1,83.2,85.0,85.0,63.0,33.400000000000006,72.29166666666667,58.75,89.0,80.0,90.0,69.0,47.0,76.79166666666667,61.75,93.0,86.0,97.0,73.0,50.0,82.33333333333333,82.0,95.0,85.0,100.5,73.5,58.0,86.83333333333333,84.0,99.0,92.0,106.5,77.5,62.0,52.0,24.0,76.0,78.0,76.0,57.0,1.0,57.166666666666664,29.0,79.0,85.0,80.0,60.0,10.0,112.16666666666667,102.0,131.0,119.0,124.0,112.0,85.0,116.5,104.0,135.0,123.0,130.0,117.0,90.0,C_p25,16.8397,4.292930792512139,E2-E3,3.4887794913211043,5.285129782597077,4.750678456267035,5.344513263300415,4.0974601685303185,2.791023593056883,3.5209455433687458,False,E1-E2,-13.0,2.716794242177711,4.5131445334536835,3.978693207123642,4.5725280141570215,3.3254749193869246,2.0190383439134902,4.2435233410479505,4.0,1,1,0,zenith_detection_failed,True,False,False,3.9094124796364143,E1-E2,3.919320571605637,5.1960689396286845,5.285144407165176,4.275622441751604,2.998874073728555,1.7815093507298347,False
high/IMG_8648_jpg,IMG_8648_jpg,high/IMG_8648_jpg,high,train,4.0,2699,1799,True,oof,holdout,6.260833333333334,7.429,7.857,4.286,5.429,7.85,4.714,E3,False,False,71.51666666666667,45.1,104.0,62.0,67.0,110.0,41.0,74.28333333333333,49.55,104.0,64.0,69.0,110.6,48.55,75.9,52.1,109.2,62.0,68.0,111.0,53.1,78.06666666666668,56.1,109.2,65.0,69.0,111.0,58.1,83.125,69.75,112.0,64.0,70.0,113.0,70.0,85.58333333333333,74.75,114.0,66.0,71.75,114.0,73.0,96.25,101.0,116.0,76.0,79.5,122.0,83.0,98.25,103.0,118.0,78.5,81.0,123.0,86.0,66.83333333333333,36.0,101.0,62.0,66.0,106.0,30.0,70.33333333333333,42.0,101.0,64.0,69.0,109.0,37.0,129.0,142.0,137.0,119.0,110.0,145.0,121.0,131.66666666666666,146.0,137.0,124.0,112.0,146.0,125.0,65.14166666666667,42.55,100.0,62.0,67.0,81.0,38.3,68.425,47.55,100.0,64.35,69.0,84.0,45.65,67.88333333333334,50.0,101.0,63.0,68.0,82.0,43.3,70.88333333333334,53.0,102.0,65.0,70.0,85.0,50.3,77.75,60.75,106.0,72.75,75.0,85.0,67.0,80.58333333333333,66.5,107.0,75.0,76.0,89.0,70.0,98.5,88.5,120.0,104.0,109.5,98.0,71.0,101.0,93.0,121.0,107.0,110.0,101.0,74.0,62.0,36.0,98.0,62.0,66.0,80.0,30.0,65.5,42.0,98.0,64.0,69.0,83.0,37.0,138.0,142.0,142.0,136.0,142.0,145.0,121.0,140.33333333333334,146.0,145.0,137.0,143.0,146.0,125.0,83.89999999999999,99.0,110.0,62.0,67.0,110.0,55.4,85.89999999999999,99.0,113.0,64.0,69.0,110.0,60.4,85.06666666666666,100.0,111.0,62.0,67.0,110.0,60.4,86.8,100.0,113.0,64.0,69.0,110.4,64.4,86.83333333333333,102.0,111.0,62.0,67.0,111.0,68.0,88.75,102.5,114.0,64.5,69.0,111.5,71.0,89.0,108.0,113.0,63.0,68.0,112.0,70.0,90.83333333333333,108.0,115.0,65.0,71.0,113.0,73.0,82.83333333333333,98.0,110.0,62.0,66.0,110.0,51.0,85.0,98.0,112.0,64.0,69.0,110.0,57.0,102.83333333333333,139.0,122.0,71.0,73.0,122.0,90.0,104.83333333333333,142.0,124.0,73.0,75.0,123.0,92.0,C_p25,16.8397,5.1564655744065115,E2-E3,6.05711503174047,6.591566358070512,3.6817758036069526,3.978693207123642,6.591566358070512,4.0380766878269805,4.384480325263118,False,E2-E3,-13.0,5.285129782597077,5.819581108927118,2.909790554463559,3.206707957980249,5.819581108927118,3.266091438683587,4.879440383510468,2.0,1,1,6,,False,False,False,4.869445417673711,E2-E3,5.819597212384126,6.1165154375057655,3.563018701459669,3.2364086538258663,6.502509130163896,3.978704216629964,False
high/IMG_6847_jpg,IMG_6847_jpg,high/IMG_6847_jpg,high,train,3.0,2819,1879,False,oof,holdout,2.1455,1.08,3.654,1.163,1.578,4.069,1.329,E1,False,False,41.0,37.0,36.0,44.0,46.0,39.0,44.0,42.375,38.0,37.0,45.0,48.0,41.0,45.25,43.416666666666664,43.5,38.5,44.0,46.0,40.0,48.5,44.833333333333336,45.5,39.5,45.0,48.0,42.0,49.0,56.958333333333336,71.0,56.25,45.0,47.0,48.25,74.25,58.583333333333336,73.0,57.25,46.5,50.25,50.25,74.25,76.16666666666667,81.0,91.0,53.0,54.5,88.5,89.0,78.83333333333333,83.0,92.5,57.0,60.0,90.5,90.0,38.333333333333336,36.0,35.0,43.0,45.0,38.0,33.0,39.833333333333336,37.0,36.0,44.0,47.0,40.0,35.0,109.5,103.0,107.0,106.0,115.0,109.0,117.0,113.16666666666667,105.0,107.0,115.0,124.0,111.0,117.0,46.99166666666667,65.25,36.0,44.0,46.0,39.0,51.7,48.324999999999996,67.25,37.0,45.0,48.0,41.0,51.7,50.93333333333334,71.0,36.0,44.0,46.0,40.0,68.6,52.31666666666666,72.5,37.0,45.0,48.0,42.0,69.4,56.583333333333336,76.0,40.0,48.0,48.0,44.0,83.5,58.583333333333336,78.0,41.0,50.0,53.0,46.0,83.5,71.41666666666667,84.0,57.0,73.0,63.0,61.5,90.0,74.33333333333333,85.0,58.0,79.0,70.0,63.0,91.0,42.0,58.0,35.0,43.0,45.0,38.0,33.0,43.666666666666664,60.0,36.0,44.0,47.0,40.0,35.0,112.0,103.0,107.0,113.0,115.0,117.0,117.0,115.33333333333333,105.0,107.0,122.0,124.0,117.0,117.0,56.96666666666667,35.0,90.8,43.0,45.0,39.0,89.0,58.300000000000004,36.0,92.0,44.0,48.0,40.8,89.0,57.43333333333334,36.0,91.0,43.0,46.0,39.0,89.6,58.93333333333334,37.0,93.0,45.0,48.0,41.0,89.6,58.166666666666664,36.0,91.0,44.0,46.0,40.0,92.0,59.5,37.0,93.0,45.0,48.0,42.0,92.0,60.0,38.0,93.0,45.0,47.0,41.0,96.0,61.333333333333336,40.0,94.0,45.0,49.0,43.0,97.0,56.666666666666664,35.0,90.0,43.0,45.0,38.0,89.0,58.0,36.0,92.0,44.0,47.0,40.0,89.0,70.83333333333333,57.0,103.0,48.0,49.0,58.0,110.0,73.16666666666667,59.0,105.0,51.0,55.0,59.0,110.0,C_p25,16.8397,3.4541391275774904,E1-E2,2.1378053053201658,5.403896744003752,2.6128731509468697,2.731640112353545,2.3753392281335177,5.46328022470709,2.682153878434097,False,E1,-13.0,1.3658200561767726,4.6319114948603595,1.8408879018034763,1.959654863210152,1.6033539789901246,4.6912949755636975,3.3434561424856186,2.0,1,2,6,frame_uncertain,False,False,False,2.4941061895401937,E1,1.5439747706325233,3.3254841213623583,2.375345800973113,2.375345800973113,2.0784275758514736,3.26610047633803,True
high/IMG_2718-_jpg,IMG_2718-_jpg,high/IMG_2718-_jpg,high,train,1.0,2697,1798,True,oof,holdout,1.6761666666666664,0.561,2.152,1.778,1.216,3.134,1.216,E1,False,False,33.75,27.1,43.0,42.0,26.0,29.1,35.3,37.391666666666666,28.0,45.0,56.0,28.1,31.1,36.15,35.666666666666664,28.0,44.0,42.0,26.0,31.0,43.0,39.5,29.0,46.0,56.0,29.0,33.0,44.0,41.541666666666664,35.0,48.75,44.0,31.0,41.5,49.0,46.166666666666664,36.0,51.0,57.0,39.5,44.5,49.0,62.166666666666664,45.0,67.0,49.0,69.0,78.0,65.0,67.75,45.0,69.5,63.0,83.0,80.0,66.0,30.166666666666668,27.0,41.0,41.0,25.0,28.0,19.0,34.0,28.0,44.0,55.0,28.0,29.0,20.0,109.5,93.0,112.0,116.0,101.0,118.0,117.0,114.66666666666667,95.0,114.0,119.0,120.0,121.0,119.0,40.108333333333334,27.75,42.6,42.0,26.0,71.0,31.3,43.88333333333333,28.0,45.0,56.0,29.0,73.0,32.3,42.38333333333333,28.0,44.0,42.0,27.0,72.0,41.3,45.949999999999996,29.0,46.0,56.0,29.400000000000002,73.0,42.3,46.875,36.5,48.0,44.0,30.0,75.75,47.0,50.5,36.75,50.0,58.0,34.0,77.0,47.25,59.0,47.5,63.0,53.0,44.0,90.5,56.0,63.666666666666664,47.5,65.0,68.0,52.0,92.5,57.0,37.333333333333336,27.0,41.0,41.0,25.0,71.0,19.0,41.166666666666664,28.0,44.0,55.0,28.0,72.0,20.0,115.16666666666667,111.0,112.0,116.0,118.0,118.0,116.0,118.0,113.0,115.0,120.0,121.0,121.0,118.0,41.73333333333333,27.0,42.0,41.0,25.7,71.0,43.7,45.28333333333333,28.0,44.0,55.0,28.0,72.0,44.7,41.9,27.0,42.0,41.0,26.0,71.0,44.4,45.73333333333333,28.0,45.0,55.0,28.0,73.0,45.4,43.333333333333336,28.0,44.0,42.0,26.0,72.0,48.0,47.083333333333336,29.0,46.0,56.0,29.0,73.5,49.0,46.5,33.0,46.0,43.0,28.0,77.0,52.0,50.333333333333336,34.0,48.0,57.0,31.0,79.0,53.0,41.333333333333336,27.0,41.0,41.0,25.0,71.0,43.0,45.166666666666664,28.0,44.0,55.0,28.0,72.0,44.0,65.66666666666667,73.0,61.0,49.0,33.0,110.0,68.0,70.0,73.0,63.0,61.0,43.0,111.0,69.0,C_p25,16.8397,2.573284163811311,E1,1.6627374596934623,2.6128731509468697,2.4941061895401937,1.5439704982867866,4.2756106106403315,2.850407073760221,1.8012989146679177,False,E1,-13.0,0.8907522105500691,1.8408879018034763,1.7221209403968003,0.7719852491433933,3.5036253614969386,2.0784218246168282,2.4384972743658824,2.0,1,1,6,,False,False,False,2.4446199556207446,E1,0.9501383203892452,4.156855151702947,2.8504149611677354,2.1378112208758018,2.3159621559487853,2.256578510924457,True
high/IMG_6474-_jpg,IMG_6474-_jpg,high/IMG_6474-_jpg,high,train,3.0,2699,1799,True,oof,holdout,2.9173333333333336,2.373,4.747,3.659,2.769,2.67,1.286,E1,False,False,48.333333333333336,39.25,66.25,65.0,50.0,53.0,16.5,52.699999999999996,42.25,69.25,70.2,55.0,57.0,22.5,53.666666666666664,46.5,74.5,66.0,50.0,55.0,30.0,57.666666666666664,49.5,77.5,71.0,56.0,57.0,35.0,59.5,54.0,90.0,67.0,54.0,57.0,35.0,63.208333333333336,57.0,92.0,72.0,60.0,59.25,39.0,71.83333333333333,65.0,96.0,71.0,84.0,67.5,47.5,75.25,68.0,98.0,76.0,89.0,69.5,51.0,43.5,30.0,60.0,65.0,50.0,50.0,6.0,48.166666666666664,34.0,63.0,70.0,55.0,55.0,12.0,120.5,89.0,136.0,144.0,125.0,133.0,96.0,124.5,92.0,141.0,149.0,129.0,139.0,97.0,45.675000000000004,34.8,54.0,65.0,50.0,55.15,15.100000000000001,49.93333333333333,38.8,57.0,71.0,55.0,57.15,20.650000000000002,49.116666666666674,39.6,55.0,66.0,50.0,56.0,28.1,53.03333333333333,42.6,58.0,71.0,55.4,58.0,33.2,55.625,52.0,68.0,67.0,53.0,59.75,34.0,59.125,55.0,71.0,72.0,57.0,61.75,38.0,70.66666666666667,75.0,90.0,76.5,64.0,73.5,45.0,74.0,78.0,92.0,81.0,69.0,75.0,49.0,43.166666666666664,30.0,53.0,65.0,50.0,55.0,6.0,47.333333333333336,34.0,56.0,70.0,55.0,57.0,12.0,122.66666666666667,88.0,144.0,144.0,133.0,132.0,95.0,127.0,91.0,149.0,149.0,139.0,137.0,97.0,57.5,53.0,89.0,65.0,50.0,55.0,33.0,60.833333333333336,56.0,91.0,70.0,55.0,57.0,36.0,57.9,53.0,90.0,65.0,50.0,55.4,34.0,61.133333333333326,56.0,92.0,70.0,55.0,57.4,36.4,58.5,54.0,90.0,66.0,50.0,57.0,34.0,61.833333333333336,57.0,92.0,71.0,55.0,59.0,37.0,61.0,57.0,92.0,66.0,51.0,60.0,40.0,64.83333333333333,60.0,95.0,72.0,56.0,62.0,44.0,57.5,53.0,89.0,65.0,50.0,55.0,33.0,60.666666666666664,56.0,91.0,70.0,55.0,57.0,35.0,73.83333333333333,78.0,99.0,70.0,55.0,76.0,65.0,77.33333333333333,81.0,102.0,75.0,61.0,77.0,68.0,C_p25,16.8397,3.4739336211452696,E1-E2,3.206707957980249,5.344513263300415,3.919309726420304,2.969174035166897,3.3848584000902626,2.0190383439134902,2.701948372001876,False,E1,-13.0,2.4347227088368557,4.5725280141570215,3.147324477276911,2.1971887860235038,2.6128731509468697,1.2470530947700968,3.49265206398644,4.0,1,1,6,,False,False,False,2.6425648912985387,E1,2.0784275758514736,4.275622441751604,3.028565896240719,1.9002766407784903,2.73164767111908,1.8408929957541624,True
high/IMG_6857-_jpg,IMG_6857-_jpg,high/IMG_6857-_jpg,high,train,2.0,2699,1799,True,oof,holdout,1.3786666666666667,2.275,1.909,0.364,0.361,1.727,1.636,E1,False,False,26.458333333333332,50.25,45.0,0.0,4.0,42.0,17.5,27.3,51.25,45.3,0.0,4.0,42.0,21.25,30.099999999999998,52.0,46.0,0.0,4.0,45.6,33.0,30.599999999999998,53.0,46.0,0.0,4.0,45.6,35.0,38.25,61.0,55.0,12.5,8.0,49.0,44.0,39.208333333333336,61.25,56.0,17.0,8.0,49.0,44.0,55.916666666666664,81.5,72.0,30.5,29.5,61.0,61.0,56.5,82.5,73.0,31.5,29.5,61.0,61.5,22.0,43.0,45.0,0.0,3.0,40.0,1.0,23.333333333333332,43.0,45.0,0.0,3.0,40.0,9.0,97.66666666666667,109.0,101.0,98.0,99.0,90.0,89.0,98.16666666666667,110.0,101.0,99.0,99.0,91.0,89.0,24.933333333333334,48.1,45.0,0.0,4.0,40.0,12.5,26.099999999999998,48.1,46.0,0.0,4.0,41.0,17.5,28.600000000000005,54.2,46.0,0.0,5.400000000000002,41.0,25.0,29.26666666666667,54.2,47.0,0.0,5.400000000000002,41.0,28.0,42.25,70.0,54.0,15.75,22.0,43.0,48.75,42.958333333333336,70.5,55.0,18.0,22.5,43.0,48.75,58.916666666666664,84.0,69.0,34.5,50.0,53.0,63.0,59.416666666666664,85.0,69.0,35.5,51.0,53.0,63.0,22.0,43.0,45.0,0.0,3.0,40.0,1.0,23.333333333333332,43.0,45.0,0.0,3.0,40.0,9.0,98.5,106.0,109.0,98.0,99.0,90.0,89.0,99.33333333333333,108.0,110.0,99.0,99.0,91.0,89.0,31.28333333333333,52.0,45.0,0.0,4.0,46.7,40.0,31.400000000000002,52.7,45.0,0.0,4.0,46.7,40.0,31.333333333333332,52.0,45.0,0.0,4.0,47.0,40.0,31.833333333333332,53.0,45.0,0.0,4.0,48.0,41.0,32.333333333333336,54.0,46.0,0.0,4.0,48.0,42.0,32.583333333333336,55.0,46.0,0.0,4.0,48.5,42.0,34.5,57.0,50.0,1.0,5.0,50.0,44.0,34.833333333333336,58.0,50.0,1.0,5.0,51.0,44.0,30.833333333333332,51.0,45.0,0.0,3.0,46.0,40.0,31.0,52.0,45.0,0.0,3.0,46.0,40.0,57.0,94.0,83.0,21.0,24.0,63.0,57.0,57.666666666666664,95.0,83.0,22.0,24.0,65.0,57.0,C_p25,16.8397,1.9200658760745937,E1,3.206707957980249,2.731640112353545,0.0,0.23753392281335178,2.850407073760221,2.4941061895401937,1.1480806269312003,False,E1,-13.0,2.4347227088368557,1.959654863210152,0.0,0.0,2.0784218246168282,1.7221209403968003,2.2452763268484257,1.0,2,1,6,gingiva_multi_component,False,False,False,2.2714181369026765,E1,3.384867766386686,2.8504149611677354,0.8907546753649174,1.009521965413573,2.820723138655572,2.672264026094752,False
high/IMG_6724_jpg,IMG_6724_jpg,high/IMG_6724_jpg,high,train,1.0,2700,1800,True,oof,dev,1.598,0.599,2.197,0.599,0.899,3.296,1.998,E1,False,False,34.03333333333333,19.0,33.05,19.0,31.0,70.05,32.1,36.525,19.0,36.05,22.0,35.0,72.0,35.1,38.06666666666666,21.1,44.1,19.0,31.0,71.0,42.2,40.53333333333333,21.1,47.0,22.0,35.0,73.0,45.1,44.875,31.25,47.0,23.0,34.0,77.0,57.0,46.75,31.25,49.0,25.0,38.0,79.25,58.0,61.5,45.5,63.0,52.0,48.5,95.5,64.5,63.666666666666664,46.5,65.5,54.0,52.0,98.5,65.5,27.166666666666668,0.0,27.0,18.0,30.0,70.0,18.0,29.666666666666668,0.0,29.0,21.0,34.0,72.0,22.0,131.16666666666666,112.0,134.0,138.0,133.0,158.0,112.0,133.66666666666666,115.0,136.0,140.0,135.0,163.0,113.0,36.18333333333333,18.0,46.0,19.0,31.0,70.0,33.1,38.516666666666666,18.0,48.0,22.0,35.0,72.0,36.1,38.53333333333333,20.0,46.0,19.1,31.0,71.0,44.1,40.96666666666666,20.0,49.0,22.0,36.0,72.7,46.1,45.166666666666664,28.0,50.0,26.0,36.0,74.0,57.0,47.125,28.0,52.0,28.0,40.75,76.0,58.0,61.333333333333336,37.0,67.5,53.0,58.5,86.0,66.0,63.833333333333336,39.0,70.0,55.5,62.0,89.5,67.0,30.166666666666668,0.0,45.0,18.0,30.0,70.0,18.0,32.666666666666664,0.0,47.0,21.0,34.0,72.0,22.0,135.5,111.0,132.0,138.0,158.0,158.0,116.0,138.5,114.0,134.0,140.0,162.0,163.0,118.0,40.13333333333333,16.4,46.0,18.7,30.7,70.0,59.0,41.96666666666667,16.4,48.0,21.0,34.7,72.0,59.7,40.56666666666667,18.0,46.0,19.0,31.0,70.0,59.4,42.4,18.0,48.0,21.4,35.0,72.0,60.0,41.5,21.0,46.0,19.0,31.0,71.0,61.0,43.666666666666664,21.0,49.0,22.0,35.0,73.0,62.0,45.833333333333336,27.0,49.0,21.0,33.0,74.0,71.0,47.5,27.0,52.0,23.0,36.0,76.0,71.0,37.0,0.0,45.0,18.0,30.0,70.0,59.0,38.833333333333336,0.0,47.0,21.0,34.0,72.0,59.0,65.83333333333333,54.0,63.0,32.0,40.0,90.0,116.0,68.33333333333333,54.0,66.0,34.0,43.0,95.0,118.0,C_p25,16.8397,2.4644144491885247,E1,1.2470530947700968,2.731640112353545,1.1282861333634209,1.8408879018034763,4.216227129936994,3.6223923229036146,1.6924292000451313,False,E1,-13.0,0.47506784562670357,1.959654863210152,0.35630088422002765,1.0689026526600829,3.4442418807936006,2.850407073760221,2.634164056662042,2.0,2,1,6,gingiva_multi_component,False,False,False,1.7963502912759728,E1,1.0689056104379009,1.7815093507298347,1.306440190535212,1.6627420606811791,3.5333268789475056,1.4252074805838677,False
high/IMG_7382_jpg,IMG_7382_jpg,high/IMG_7382_jpg,high,valid,4.0,2699,1799,True,oof,holdout,1.484,1.414,2.682,0.566,0.0,2.404,1.838,E1,True,False,28.933333333333337,29.3,50.0,15.0,0.0,39.0,40.3,29.26666666666667,29.3,51.0,16.0,0.0,39.0,40.3,29.95,33.0,50.0,16.0,0.0,39.7,41.0,30.116666666666664,33.0,51.0,16.0,0.0,39.7,41.0,32.666666666666664,35.0,55.0,17.0,0.0,44.0,45.0,33.166666666666664,35.0,56.0,19.0,0.0,44.0,45.0,47.5,45.0,70.0,29.0,21.0,57.0,63.0,48.416666666666664,46.0,71.0,31.0,22.0,57.5,63.0,25.0,22.0,49.0,15.0,0.0,38.0,26.0,25.666666666666668,22.0,50.0,15.0,0.0,38.0,29.0,87.33333333333333,77.0,101.0,84.0,84.0,96.0,82.0,87.33333333333333,77.0,101.0,84.0,84.0,96.0,82.0,25.125,23.0,33.0,15.0,0.0,39.0,40.75,25.291666666666668,23.0,33.0,16.0,0.0,39.0,40.75,26.2,26.200000000000003,35.0,16.0,0.0,39.0,41.0,26.28333333333333,26.200000000000003,35.0,16.0,0.0,39.0,41.5,31.333333333333332,34.75,47.0,18.25,0.0,42.0,46.0,31.958333333333332,34.75,47.0,21.0,0.0,43.0,46.0,47.833333333333336,51.5,56.0,34.5,27.0,52.0,66.0,48.416666666666664,51.5,57.0,35.5,27.5,53.0,66.0,22.166666666666668,22.0,32.0,15.0,0.0,38.0,26.0,22.666666666666668,22.0,32.0,15.0,0.0,38.0,29.0,91.83333333333333,75.0,100.0,101.0,84.0,95.0,96.0,92.0,75.0,101.0,101.0,84.0,95.0,96.0,29.666666666666668,33.0,50.0,15.0,0.0,39.0,41.0,29.833333333333332,33.0,50.0,16.0,0.0,39.0,41.0,29.666666666666668,33.0,50.0,15.0,0.0,39.0,41.0,29.833333333333332,33.0,50.0,16.0,0.0,39.0,41.0,30.166666666666668,33.0,50.0,16.0,0.0,39.0,43.0,30.333333333333332,33.0,51.0,16.0,0.0,39.0,43.0,32.166666666666664,36.0,53.0,17.0,0.0,42.0,45.0,32.333333333333336,36.0,53.0,18.0,0.0,42.0,45.0,29.0,32.0,49.0,15.0,0.0,38.0,40.0,29.166666666666668,32.0,50.0,15.0,0.0,38.0,40.0,45.833333333333336,52.0,60.0,24.0,17.0,53.0,69.0,46.5,52.0,61.0,25.0,19.0,53.0,69.0,C_p25,16.8397,1.791401667884028,E1,1.959654863210152,2.969174035166897,0.9501356912534071,0.0,2.3159557474301797,2.5534896702435317,1.0194164187406347,False,E1,-13.0,1.1876696140667589,2.1971887860235038,0.17815044211001382,0.0,1.5439704982867866,1.7815044211001383,1.9175344665023588,0.0,2,1,6,"gingiva_multi_component,region_zero",False,False,False,1.2965393286895448,E1,1.2470565455108842,2.3159621559487853,0.1781509350729834,0.1781509350729834,1.9596602858028185,1.9002766407784903,False
high/IMG_6586-_jpg,IMG_6586-_jpg,high/IMG_6586-_jpg,high,train,1.0,2700,1800,True,oof,dev,0.7771666666666667,0.0,0.0,1.166,1.415,1.499,0.583,E1,True,False,30.183333333333334,19.0,18.7,31.0,42.0,45.7,24.7,31.683333333333334,19.0,18.7,34.0,45.0,48.0,25.4,31.400000000000002,19.4,19.0,32.0,42.0,47.0,29.0,32.9,19.4,19.0,34.0,45.0,50.0,30.0,34.666666666666664,24.0,28.0,32.0,43.0,50.0,31.0,36.333333333333336,24.0,28.0,34.0,46.0,53.0,33.0,44.0,32.0,47.0,35.0,46.0,63.0,41.0,46.333333333333336,32.0,49.0,38.0,50.0,66.0,43.0,28.0,18.0,18.0,31.0,42.0,44.0,15.0,29.333333333333332,18.0,18.0,34.0,45.0,46.0,15.0,89.66666666666667,66.0,86.0,93.0,100.0,112.0,81.0,93.0,66.0,88.0,100.0,106.0,115.0,83.0,29.891666666666666,19.0,18.0,31.15,42.0,45.0,24.2,31.233333333333334,19.0,18.0,34.0,45.0,47.0,24.4,31.3,19.8,19.0,32.0,42.0,46.0,29.0,32.85,19.8,19.0,34.0,46.0,48.3,30.0,34.041666666666664,24.0,24.25,32.0,43.0,50.0,31.0,35.833333333333336,24.0,24.25,35.0,47.0,52.75,32.0,43.75,32.0,38.0,40.0,50.0,62.5,40.0,45.75,32.0,38.5,42.5,54.0,65.5,42.0,28.0,18.0,18.0,31.0,42.0,44.0,15.0,29.333333333333332,18.0,18.0,34.0,45.0,46.0,15.0,93.16666666666667,70.0,85.0,100.0,111.0,112.0,81.0,95.83333333333333,70.0,87.0,106.0,114.0,115.0,83.0,31.28333333333333,23.0,18.0,31.0,42.0,44.7,29.0,32.78333333333333,23.0,18.0,34.0,45.0,46.7,30.0,31.333333333333332,23.0,18.0,31.0,42.0,45.0,29.0,33.0,23.0,18.0,34.0,45.0,47.0,31.0,32.333333333333336,24.0,19.0,32.0,42.0,47.0,30.0,33.833333333333336,24.0,19.0,34.0,45.0,49.0,32.0,35.166666666666664,26.0,24.0,32.0,43.0,50.0,36.0,36.833333333333336,26.0,24.0,34.0,46.0,53.0,38.0,31.0,22.0,18.0,31.0,42.0,44.0,29.0,32.5,22.0,18.0,34.0,45.0,46.0,30.0,49.5,38.0,47.0,40.0,48.0,65.0,59.0,51.0,38.0,47.0,42.0,51.0,67.0,61.0,C_p25,16.8397,1.9200658760745937,E1,1.4252035368801106,1.1282861333634209,1.9002713825068143,2.4941061895401937,2.791023593056883,1.7815044211001383,1.1480806269312003,False,E1,-13.0,0.6532182877367174,0.35630088422002765,1.1282861333634209,1.7221209403968003,2.0190383439134902,1.0095191719567451,2.0349345358800544,2.0,1,1,6,,False,False,False,0.8412659766306209,E1,0.326610047633803,0.3859936926581308,0.5938364502432782,1.9596602858028185,0.7126037402919339,1.0689056104379009,False
high/IMG_3853-_jpg,IMG_3853-_jpg,high/IMG_3853-_jpg,high,valid,0.0,2698,1799,True,oof,dev,0.6473333333333334,0.0,0.841,1.201,0.921,0.921,0.0,E1,True,False,24.833333333333332,11.5,38.5,34.0,20.0,23.0,22.0,26.333333333333332,11.5,40.5,36.0,20.0,24.0,26.0,27.5,20.0,42.0,34.0,21.0,25.0,23.0,29.0,20.0,44.0,36.0,21.0,27.0,26.0,33.916666666666664,27.0,53.0,35.0,26.0,37.5,25.0,34.958333333333336,27.0,54.0,37.25,26.0,38.5,27.0,44.0,30.0,68.0,39.0,40.0,54.0,33.0,44.833333333333336,30.0,69.0,41.0,41.0,54.0,34.0,22.333333333333332,10.0,36.0,33.0,20.0,22.0,13.0,23.333333333333332,10.0,39.0,36.0,20.0,22.0,13.0,80.0,52.0,92.0,72.0,76.0,100.0,88.0,81.0,52.0,94.0,74.0,78.0,100.0,88.0,22.900000000000002,11.0,27.0,34.0,21.0,22.0,22.4,23.900000000000002,11.0,27.0,36.0,21.0,26.0,22.4,23.7,11.0,27.0,34.0,22.0,23.0,25.2,24.63333333333333,11.0,27.0,36.6,22.0,26.0,25.2,28.458333333333332,15.0,29.75,37.0,27.0,27.0,35.0,29.208333333333332,15.0,29.75,39.0,27.5,29.0,35.0,41.666666666666664,26.0,42.0,43.0,40.0,42.0,57.0,42.166666666666664,26.0,42.0,45.0,41.0,42.0,57.0,20.666666666666668,10.0,26.0,33.0,20.0,22.0,13.0,21.666666666666668,10.0,26.0,36.0,20.0,25.0,13.0,85.83333333333333,43.0,92.0,92.0,100.0,100.0,88.0,86.5,43.0,94.0,94.0,100.0,100.0,88.0,24.833333333333332,11.5,38.5,34.0,20.0,23.0,22.0,26.333333333333332,11.5,40.5,36.0,20.0,24.0,26.0,27.5,20.0,42.0,34.0,21.0,25.0,23.0,29.0,20.0,44.0,36.0,21.0,27.0,26.0,33.916666666666664,27.0,53.0,35.0,26.0,37.5,25.0,34.958333333333336,27.0,54.0,37.25,26.0,38.5,27.0,44.0,30.0,68.0,39.0,40.0,54.0,33.0,44.833333333333336,30.0,69.0,41.0,41.0,54.0,34.0,22.333333333333332,10.0,36.0,33.0,20.0,22.0,13.0,23.333333333333332,10.0,39.0,36.0,20.0,22.0,13.0,80.0,52.0,92.0,72.0,76.0,100.0,88.0,81.0,52.0,94.0,74.0,78.0,100.0,88.0,C_p25,16.8397,2.014089720521545,E1,1.6033539789901246,3.147324477276911,2.0784218246168282,1.5439704982867866,2.2268805263751728,1.4845870175834486,1.242104471378152,False,E1,-13.0,0.8313687298467312,2.3753392281335177,1.3064365754734348,0.7719852491433933,1.4548952772317796,0.7126017684400553,1.9909095098634186,1.0,1,1,0,zenith_detection_failed,True,False,False,1.0243650421325796,E1,0.4750691601946226,2.019043930827146,1.306440190535212,0.4156855151702948,1.2173647229987203,0.7126037402919339,True
high/IMG_7311_jpg,IMG_7311_jpg,high/IMG_7311_jpg,high,train,2.0,2699,1800,True,oof,dev,1.4686666666666666,1.539,2.444,0.574,0.0,2.535,1.72,E1,True,False,31.883333333333336,40.0,56.0,20.0,0.0,48.8,26.5,33.09166666666667,40.0,56.0,20.0,0.0,49.8,32.75,36.333333333333336,41.0,57.0,20.0,0.0,62.0,38.0,37.1,41.5,57.0,20.0,0.0,62.6,41.5,41.833333333333336,46.0,62.0,21.0,1.0,67.0,54.0,43.166666666666664,47.0,62.0,21.0,7.0,67.0,55.0,55.666666666666664,59.5,73.0,32.0,21.0,78.0,70.5,56.0,61.0,73.0,32.0,21.0,78.0,71.0,26.333333333333332,36.0,56.0,19.0,0.0,38.0,9.0,28.166666666666668,36.0,56.0,19.0,0.0,39.0,19.0,102.0,89.0,100.0,92.0,88.0,136.0,107.0,102.33333333333333,90.0,100.0,92.0,88.0,136.0,108.0,28.791666666666668,40.0,40.0,20.0,0.0,53.0,19.75,30.516666666666666,40.7,40.9,20.0,0.0,54.0,27.5,31.150000000000002,43.4,41.0,21.0,0.0,54.0,27.5,32.61666666666667,44.4,41.8,21.0,0.0,55.0,33.5,41.5,54.5,45.5,29.5,16.0,56.0,47.5,42.5,56.5,46.0,29.5,16.5,57.0,49.5,67.58333333333333,71.0,62.0,57.0,59.0,82.0,74.5,68.41666666666667,73.0,63.0,57.0,59.0,83.0,75.5,26.0,36.0,39.0,19.0,0.0,53.0,9.0,28.0,36.0,40.0,19.0,0.0,54.0,19.0,111.0,89.0,98.0,100.0,136.0,136.0,107.0,111.33333333333333,90.0,98.0,100.0,136.0,136.0,108.0,38.61666666666667,39.7,56.0,20.0,0.0,63.0,53.0,38.833333333333336,40.0,56.0,20.0,0.0,63.0,54.0,38.833333333333336,40.0,56.0,20.0,0.0,64.0,53.0,39.166666666666664,41.0,56.0,20.0,0.0,64.0,54.0,39.666666666666664,42.0,56.5,20.0,0.0,65.5,54.0,39.916666666666664,42.5,56.5,20.0,0.0,65.5,55.0,41.833333333333336,46.0,59.0,21.0,0.0,68.0,57.0,42.166666666666664,47.0,59.0,21.0,0.0,68.0,58.0,38.166666666666664,39.0,56.0,19.0,0.0,62.0,53.0,38.5,40.0,56.0,19.0,0.0,62.0,54.0,64.33333333333333,87.0,70.0,24.0,13.0,85.0,107.0,65.33333333333333,88.0,70.0,24.0,17.0,85.0,108.0,C_p25,16.8397,2.355544734565738,E1,2.4941061895401937,3.3551666597385936,1.1876696140667589,0.0,3.8896179860686355,3.206707957980249,1.583559485422345,False,E1,-13.0,1.7221209403968003,2.5831814105952007,0.4156843649233656,0.0,3.117632736925242,2.4347227088368557,2.4556181178167966,0.0,2,1,6,gingiva_multi_component,False,False,False,1.360871432784828,E1,2.0784275758514736,2.286270333436621,0.1187672900486556,0.1187672900486556,0.2969182251216391,3.26610047633803,False
high/IMG_7347_jpg,IMG_7347_jpg,high/IMG_7347_jpg,high,train,1.0,2698,1799,True,oof,holdout,2.09,0.72,2.88,3.36,2.46,3.12,0.0,E1,True,False,39.925000000000004,30.0,41.3,60.0,55.25,53.0,0.0,43.050000000000004,33.0,45.3,65.0,59.0,56.0,0.0,42.53333333333333,30.0,47.6,61.0,58.0,53.0,5.600000000000001,46.333333333333336,33.0,51.0,65.0,61.0,56.0,12.0,46.333333333333336,33.0,50.0,61.5,66.0,54.0,13.5,50.083333333333336,37.0,52.0,66.0,72.0,57.0,16.5,61.416666666666664,46.0,57.0,68.0,82.5,64.0,51.0,64.5,49.0,59.0,71.0,88.0,66.0,54.0,38.5,28.0,36.0,60.0,54.0,53.0,0.0,41.333333333333336,32.0,39.0,64.0,58.0,55.0,0.0,106.33333333333333,60.0,111.0,133.0,128.0,125.0,81.0,109.33333333333333,62.0,114.0,135.0,134.0,128.0,83.0,40.61666666666667,30.0,49.7,60.0,53.0,51.0,0.0,43.166666666666664,33.0,51.0,65.0,56.0,54.0,0.0,41.68333333333333,31.0,50.0,61.0,54.0,52.0,2.0999999999999996,45.4,34.0,51.4,65.0,56.0,55.0,11.0,44.291666666666664,35.25,52.5,62.0,54.0,54.0,8.0,47.666666666666664,39.0,54.0,66.0,57.0,57.0,13.0,54.916666666666664,49.0,64.0,67.0,63.5,66.0,20.0,57.833333333333336,51.0,66.0,73.0,66.5,69.0,21.5,40.166666666666664,28.0,49.0,60.0,53.0,51.0,0.0,42.5,32.0,50.0,64.0,55.0,54.0,0.0,118.16666666666667,109.0,133.0,133.0,128.0,125.0,81.0,121.0,112.0,135.0,135.0,133.0,128.0,83.0,40.5,30.0,49.0,60.0,53.0,51.0,0.0,43.0,33.0,51.0,65.0,55.0,54.0,0.0,40.5,30.0,49.0,60.0,53.0,51.0,0.0,43.0,33.0,51.0,65.0,55.0,54.0,0.0,41.833333333333336,31.0,50.0,61.0,53.0,52.0,4.0,45.416666666666664,33.0,51.5,65.0,56.0,55.0,12.0,43.833333333333336,33.0,51.0,61.0,54.0,55.0,9.0,47.0,36.0,53.0,65.0,56.0,58.0,14.0,40.333333333333336,29.0,49.0,60.0,53.0,51.0,0.0,42.5,32.0,50.0,64.0,55.0,54.0,0.0,56.5,52.0,66.0,64.0,56.0,72.0,29.0,59.166666666666664,55.0,68.0,70.0,58.0,74.0,30.0,C_p25,16.8397,2.4842089427563043,E1,1.8408879018034763,2.969174035166897,3.6223923229036146,3.147324477276911,3.087940996573573,0.23753392281335178,1.712223693612911,False,E1,-13.0,1.0689026526600829,2.1971887860235038,2.850407073760221,2.3753392281335177,2.3159557474301797,0.0,2.7197682739166114,3.0,2,1,6,gingiva_multi_component,False,False,False,1.821093408235697,E1,0.5344528052189504,2.019043930827146,3.2067168313137024,2.375345800973113,2.4347294459974407,0.3563018701459669,False
high/IMG_8645_jpg,IMG_8645_jpg,high/IMG_8645_jpg,high,valid,1.0,2698,1799,True,oof,dev,1.3983333333333334,0.99,1.1,0.9,1.6,1.4,2.4,E1,False,False,35.89166666666667,33.0,41.0,30.0,36.0,33.15,42.2,38.208333333333336,34.0,41.0,32.0,41.0,35.15,46.1,38.1,34.2,43.0,30.0,37.0,35.0,49.400000000000006,40.199999999999996,36.0,43.0,32.0,41.0,37.0,52.2,44.0,42.0,49.0,32.0,38.0,42.0,61.0,46.583333333333336,45.5,49.75,34.0,43.0,44.75,62.5,57.916666666666664,58.0,78.0,38.0,46.0,61.5,66.0,60.416666666666664,63.0,78.5,40.0,50.0,64.0,67.0,33.666666666666664,31.0,40.0,30.0,36.0,31.0,34.0,36.333333333333336,32.0,40.0,32.0,40.0,34.0,40.0,112.66666666666667,106.0,120.0,104.0,117.0,119.0,110.0,114.16666666666667,108.0,120.0,106.0,120.0,121.0,110.0,35.6,33.0,41.0,30.0,36.0,33.0,40.6,37.93333333333333,34.0,41.0,32.0,41.0,35.0,44.6,37.550000000000004,34.0,43.0,30.0,37.0,34.1,47.2,40.03333333333333,36.0,43.0,32.0,42.0,37.0,50.2,43.541666666666664,42.0,47.0,33.0,39.25,41.0,59.0,45.833333333333336,45.0,47.0,35.0,44.0,43.0,61.0,57.833333333333336,57.0,65.0,46.0,50.0,66.0,63.0,60.333333333333336,62.0,66.0,48.0,54.0,68.0,64.0,33.666666666666664,31.0,40.0,30.0,36.0,31.0,34.0,36.333333333333336,32.0,40.0,32.0,40.0,34.0,40.0,115.16666666666667,105.0,120.0,119.0,119.0,118.0,110.0,116.16666666666667,107.0,120.0,119.0,121.0,120.0,110.0,35.89166666666667,33.0,41.0,30.0,36.0,33.15,42.2,38.208333333333336,34.0,41.0,32.0,41.0,35.15,46.1,38.1,34.2,43.0,30.0,37.0,35.0,49.400000000000006,40.199999999999996,36.0,43.0,32.0,41.0,37.0,52.2,44.0,42.0,49.0,32.0,38.0,42.0,61.0,46.583333333333336,45.5,49.75,34.0,43.0,44.75,62.5,57.916666666666664,58.0,78.0,38.0,46.0,61.5,66.0,60.416666666666664,63.0,78.5,40.0,50.0,64.0,67.0,33.666666666666664,31.0,40.0,30.0,36.0,31.0,34.0,36.333333333333336,32.0,40.0,32.0,40.0,34.0,40.0,112.66666666666667,106.0,120.0,104.0,117.0,119.0,110.0,114.16666666666667,108.0,120.0,106.0,120.0,121.0,110.0,C_p25,16.8397,2.6128731509468697,E1,2.4941061895401937,2.909790554463559,1.9002713825068143,2.2565722667268417,2.4941061895401937,3.6223923229036146,1.8408879018034763,False,E1,-13.0,1.7221209403968003,2.1378053053201658,1.1282861333634209,1.4845870175834486,1.7221209403968003,2.850407073760221,2.5828015263093,2.0,1,1,0,zenith_detection_failed,True,False,False,2.1971887860235038,E1,1.1282892554622286,1.4252074805838677,1.9002766407784903,1.7815093507298347,3.859936926581309,3.0879495412650466,False
high/IMG_2648_jpg,IMG_2648_jpg,high/IMG_2648_jpg,high,train,0.0,2699,1799,True,oof,dev,3.241166666666667,2.635,4.195,2.736,2.128,3.75,4.003,E1-E2,False,False,77.44999999999999,71.65,87.0,76.0,92.0,101.65,36.4,81.275,77.3,89.0,82.0,94.0,103.65,41.7,82.56666666666666,81.6,90.4,77.0,93.0,107.0,46.4,85.91666666666667,85.0,92.4,83.0,94.0,109.3,51.8,90.91666666666667,85.0,112.5,79.0,93.0,109.0,67.0,94.125,86.25,114.5,85.0,95.0,112.0,72.0,100.41666666666667,104.0,126.0,87.0,94.0,114.5,77.0,103.5,108.0,127.0,92.0,96.0,117.0,81.0,71.83333333333333,61.0,85.0,76.0,91.0,97.0,21.0,75.83333333333333,65.0,86.0,82.0,94.0,98.0,30.0,133.83333333333334,139.0,148.0,139.0,141.0,130.0,106.0,137.33333333333334,142.0,153.0,144.0,144.0,131.0,110.0,69.80833333333332,67.75,84.0,76.0,92.0,68.7,30.4,74.02499999999999,72.75,85.0,82.0,94.0,73.0,37.4,72.61666666666666,74.5,85.0,77.0,93.0,70.4,35.8,76.55,80.5,86.0,83.0,94.0,74.4,41.4,82.08333333333333,92.5,91.0,80.0,93.0,85.5,50.5,86.625,99.75,93.0,86.0,95.0,90.0,56.0,100.83333333333333,119.0,120.0,90.0,95.0,109.0,72.0,104.66666666666667,124.0,121.0,96.0,97.0,112.0,78.0,66.66666666666667,61.0,84.0,76.0,91.0,67.0,21.0,71.16666666666667,65.0,85.0,82.0,94.0,71.0,30.0,134.66666666666666,137.0,147.0,148.0,141.0,129.0,106.0,138.0,141.0,151.0,153.0,144.0,130.0,109.0,91.0,84.0,119.0,76.0,91.0,109.0,67.0,93.83333333333333,85.0,119.0,82.0,95.0,111.0,71.0,91.23333333333333,84.0,119.0,76.0,92.0,109.0,67.4,94.16666666666667,85.0,120.0,82.0,95.0,111.0,72.0,92.25,84.0,122.0,76.5,92.5,109.0,69.5,95.58333333333333,86.0,123.0,83.0,96.0,112.0,73.5,94.0,85.0,125.0,77.0,94.0,110.0,73.0,97.16666666666667,87.0,126.0,84.0,96.0,113.0,77.0,90.83333333333333,84.0,118.0,76.0,91.0,109.0,67.0,93.66666666666667,85.0,118.0,82.0,95.0,111.0,71.0,108.16666666666667,97.0,135.0,82.0,109.0,120.0,106.0,111.0,98.0,136.0,88.0,111.0,123.0,110.0,C_p25,16.8397,5.478126094882925,E2-E3,4.988212379080387,7.244784645807229,4.542836273805353,5.49297196505876,6.472799396663836,4.127151908881987,4.706140845739532,False,E2-E3,-13.0,4.216227129936994,6.472799396663836,3.7708510246619595,4.720986715915367,5.700814147520442,3.3551666597385936,5.336811487127739,3.0,1,1,6,,False,False,False,5.532560952194319,E2-E3,4.691307956921898,7.660490208138289,4.750691601946226,4.928842537019209,6.799427355285536,4.364697909288095,False
high/IMG_7337_jpg,IMG_7337_jpg,high/IMG_7337_jpg,high,train,3.0,2696,1798,True,oof,dev,1.335,0.26,1.768,0.624,2.08,1.978,1.3,E1,False,False,32.208333333333336,35.0,31.0,23.0,27.0,43.0,34.25,34.541666666666664,36.0,32.0,26.0,32.0,43.0,38.25,34.833333333333336,37.0,31.0,24.0,29.0,44.0,44.0,36.6,37.5,32.6,26.0,34.0,45.0,44.5,40.666666666666664,40.0,36.0,26.0,40.0,49.0,53.0,42.458333333333336,41.0,37.0,29.0,45.75,49.0,53.0,53.583333333333336,45.0,45.0,51.5,55.5,62.0,62.5,54.25,45.5,45.0,52.0,58.0,62.0,63.0,26.0,33.0,30.0,22.0,26.0,42.0,3.0,28.833333333333332,34.0,31.0,25.0,30.0,43.0,10.0,78.16666666666667,61.0,62.0,78.0,87.0,78.0,103.0,79.33333333333333,62.0,63.0,79.0,91.0,78.0,103.0,35.858333333333334,31.3,23.0,43.0,54.0,44.2,19.65,37.71666666666666,33.0,26.0,43.0,54.0,44.2,26.1,37.78333333333334,34.0,24.0,44.0,55.0,46.4,23.3,39.43333333333333,35.0,26.0,45.0,55.0,46.4,29.2,43.708333333333336,41.0,27.0,46.0,60.0,54.0,34.25,45.208333333333336,41.0,31.0,47.0,60.0,54.0,38.25,54.5,47.0,37.0,57.5,68.0,67.0,50.5,55.833333333333336,47.0,41.0,58.5,69.0,67.0,52.5,32.0,30.0,22.0,42.0,53.0,42.0,3.0,34.0,31.0,25.0,43.0,53.0,42.0,10.0,87.5,78.0,86.0,87.0,102.0,103.0,69.0,89.0,79.0,90.0,91.0,102.0,103.0,69.0,39.28333333333333,31.0,44.0,22.0,42.0,53.0,43.7,40.11666666666667,32.0,44.0,25.0,43.0,53.0,43.7,40.0,31.0,44.0,23.0,43.0,54.0,45.0,40.56666666666667,32.0,44.0,25.4,43.0,54.0,45.0,41.416666666666664,31.0,45.0,24.0,43.0,56.0,49.5,42.083333333333336,32.0,45.0,26.0,44.0,56.0,49.5,43.833333333333336,33.0,46.0,24.0,44.0,59.0,57.0,44.833333333333336,34.0,46.0,27.0,45.0,59.0,58.0,38.833333333333336,30.0,44.0,22.0,42.0,53.0,42.0,39.666666666666664,31.0,44.0,25.0,43.0,53.0,42.0,57.166666666666664,44.0,54.0,29.0,51.0,96.0,69.0,58.0,45.0,54.0,32.0,52.0,96.0,69.0,C_p25,16.8397,2.45946582579658,E1,1.8408879018034763,2.6722566316502077,1.4252035368801106,2.5534896702435317,3.3254749193869246,2.939482294815228,1.6874805766531864,False,E1,-13.0,1.0689026526600829,1.9002713825068143,0.6532182877367174,1.7815044211001383,2.5534896702435317,2.1674970456718348,2.3871347440131405,1.0,1,1,6,,False,False,False,1.5687136152465107,E1,0.7422955628040978,2.4941130910217684,0.4156855151702948,1.8112011732419984,2.019043930827146,1.9299684632906544,False
high/IMG_2855_jpg,IMG_2855_jpg,high/IMG_2855_jpg,high,test,4.0,2699,1799,True,oof,dev,2.5565,3.432,3.729,2.034,1.398,2.67,2.076,E1,False,False,47.56666666666666,28.200000000000003,77.0,55.0,35.0,60.0,30.200000000000003,50.4,30.200000000000003,79.0,59.0,38.0,62.0,34.2,51.73333333333333,42.400000000000006,78.0,55.0,35.0,61.0,39.0,54.133333333333326,43.400000000000006,80.0,59.0,38.0,63.0,41.400000000000006,60.0,67.0,84.0,56.0,37.0,64.0,52.0,61.833333333333336,67.0,86.0,60.0,40.0,65.0,53.0,70.16666666666667,81.0,95.0,64.0,47.0,74.0,60.0,72.5,82.0,96.0,68.0,53.0,75.0,61.0,42.166666666666664,15.0,77.0,55.0,34.0,52.0,20.0,45.333333333333336,18.0,79.0,59.0,37.0,54.0,25.0,111.0,109.0,116.0,124.0,91.0,117.0,109.0,114.0,112.0,119.0,126.0,100.0,117.0,110.0,48.68333333333334,33.6,77.0,55.0,35.0,61.0,30.5,51.35,34.6,79.0,59.0,38.0,63.0,34.5,53.25,50.6,78.0,55.0,35.0,61.9,39.0,55.5,51.0,80.0,59.0,38.0,63.0,42.0,61.125,76.0,81.0,57.0,37.0,63.75,52.0,63.5,78.0,83.0,60.0,41.0,65.0,54.0,70.0,85.0,90.0,64.0,49.0,71.0,61.0,72.83333333333333,85.0,92.0,69.0,55.0,73.0,63.0,43.5,15.0,77.0,55.0,34.0,60.0,20.0,46.666666666666664,18.0,79.0,59.0,37.0,62.0,25.0,114.5,115.0,122.0,124.0,94.0,115.0,117.0,116.66666666666667,117.0,125.0,126.0,100.0,115.0,117.0,58.849999999999994,74.7,77.0,55.0,34.7,61.0,50.7,60.78333333333333,74.7,79.0,59.0,37.0,63.0,52.0,59.166666666666664,76.0,77.0,55.0,35.0,61.0,51.0,61.4,76.4,79.0,59.0,38.0,63.0,53.0,60.0,77.0,78.0,55.0,35.0,62.0,53.0,62.083333333333336,78.0,80.0,59.0,38.0,63.0,54.5,61.5,80.0,80.0,55.0,35.0,63.0,56.0,63.833333333333336,80.0,82.0,59.0,39.0,65.0,58.0,58.166666666666664,73.0,77.0,55.0,34.0,60.0,50.0,60.166666666666664,73.0,79.0,59.0,37.0,62.0,51.0,72.33333333333333,98.0,88.0,60.0,40.0,71.0,77.0,75.33333333333333,101.0,91.0,65.0,44.0,73.0,78.0,C_p25,16.8397,3.5630088422002766,E1-E2,4.5725280141570215,4.6319114948603595,3.266091438683587,2.0784218246168282,3.6817758036069526,3.147324477276911,2.791023593056883,False,E1,-13.0,3.8005427650136285,3.8599262457169665,2.4941061895401937,1.3064365754734348,2.909790554463559,2.3753392281335177,3.5220020813308635,2.0,1,1,6,,False,False,False,3.246296945115807,E1-E2,3.1473331862893748,4.572540666873242,2.909798606192063,2.1378112208758018,3.5036350564353413,3.2067168313137024,False
high/IMG_8630_jpg,IMG_8630_jpg,high/IMG_8630_jpg,high,train,1.0,2698,1799,True,oof,dev,5.624833333333334,2.605,9.427,6.336,6.326,9.055,0.0,E2-E3,True,False,69.7,46.0,113.6,93.0,106.0,51.6,8.0,74.36666666666667,54.0,118.6,98.0,110.0,54.6,11.0,78.83333333333334,47.1,119.0,93.0,106.0,99.80000000000001,8.100000000000001,83.95,54.0,124.0,99.0,111.0,103.60000000000001,12.100000000000001,93.95833333333333,53.0,143.0,96.0,108.0,145.0,18.75,98.0,58.0,147.0,100.0,113.0,148.0,22.0,105.0,68.0,156.0,100.0,115.0,153.0,38.0,110.58333333333333,77.0,161.0,106.0,120.0,157.0,42.5,64.16666666666667,40.0,108.0,92.0,105.0,34.0,6.0,69.16666666666667,49.0,113.0,98.0,109.0,38.0,8.0,157.83333333333334,107.0,184.0,178.0,176.0,197.0,105.0,162.0,111.0,188.0,184.0,182.0,201.0,106.0,56.51666666666667,47.85,47.0,93.0,106.0,8.0,37.25,63.35,57.85,54.0,99.0,110.0,12.0,47.25,59.56666666666666,55.7,49.2,93.0,106.0,9.0,44.5,66.45,64.7,55.0,99.0,111.0,15.0,54.0,71.625,68.0,61.5,97.0,110.0,25.75,67.5,76.5,76.75,69.0,101.0,114.0,27.75,70.5,103.66666666666667,76.0,128.0,106.0,120.0,104.5,87.5,108.16666666666667,83.0,133.0,111.0,125.5,106.0,90.5,52.0,40.0,45.0,92.0,105.0,6.0,24.0,58.666666666666664,49.0,53.0,98.0,109.0,8.0,35.0,159.66666666666666,93.0,183.0,184.0,196.0,197.0,105.0,163.66666666666666,100.0,187.0,188.0,200.0,201.0,106.0,90.0,45.0,148.0,92.0,106.0,143.0,6.0,94.78333333333335,53.0,153.0,98.0,110.0,146.0,8.7,90.8,46.0,149.0,92.4,106.0,144.0,7.4,95.46666666666665,54.0,154.0,98.0,110.0,147.0,9.8,92.08333333333333,48.0,151.0,93.0,106.0,146.5,8.0,96.58333333333333,54.0,155.0,99.0,110.0,149.5,12.0,94.66666666666667,51.0,156.0,94.0,107.0,150.0,10.0,99.5,57.0,160.0,100.0,111.0,153.0,16.0,89.5,45.0,147.0,92.0,105.0,142.0,6.0,94.16666666666667,53.0,152.0,98.0,109.0,145.0,8.0,115.0,94.0,176.0,98.0,114.0,165.0,43.0,120.0,101.0,181.0,105.0,120.0,168.0,45.0,C_p25,16.8397,5.468228848099035,E2-E3,2.850407073760221,8.96690558620403,5.522663705410428,6.294648954553822,8.699679923039009,0.47506784562670357,4.696243598955642,False,E2-E3,-13.0,2.0784218246168282,8.194920337060637,4.750678456267035,5.522663705410428,7.9276946738956156,0.0,5.515357425972984,5.0,1,1,6,,False,False,False,5.10450502879109,E2-E3,2.4347294459974407,7.556568829345715,4.750691601946226,5.46329534223816,5.285144407165176,5.136685294604357,True
high/IMG_2686_jpg,IMG_2686_jpg,high/IMG_2686_jpg,high,valid,3.0,2699,1799,True,oof,holdout,2.968166666666667,1.694,3.339,3.775,3.533,2.855,2.613,E1,False,False,56.4,33.0,73.0,80.0,74.0,64.0,14.400000000000002,60.23333333333333,33.0,74.0,82.0,85.0,67.0,20.400000000000002,58.79999999999999,35.400000000000006,74.0,80.0,74.0,64.0,25.400000000000002,62.46666666666666,35.400000000000006,75.0,83.0,85.0,67.0,29.400000000000002,66.83333333333333,45.0,78.0,80.0,76.0,70.0,52.0,71.04166666666667,47.0,79.25,85.0,88.0,74.0,53.0,78.33333333333333,52.0,92.5,84.0,85.0,89.5,67.0,83.33333333333333,53.0,95.0,91.0,98.0,94.0,69.0,53.333333333333336,30.0,72.0,79.0,74.0,63.0,2.0,58.0,30.0,73.0,82.0,85.0,66.0,12.0,122.16666666666667,108.0,127.0,131.0,134.0,130.0,103.0,127.16666666666667,110.0,131.0,145.0,138.0,134.0,105.0,56.80833333333334,33.0,73.0,80.0,74.0,64.0,16.85,60.64166666666667,33.0,74.0,82.0,85.0,67.0,22.85,59.4,35.7,74.0,80.0,74.0,64.0,28.700000000000003,63.23333333333333,35.7,75.0,83.0,86.0,67.0,32.7,67.29166666666667,45.75,76.0,80.0,76.0,68.0,58.0,71.33333333333333,47.0,77.0,85.0,89.0,71.0,59.0,76.75,52.5,86.0,84.5,87.0,81.0,69.5,81.75,53.5,87.5,92.0,101.0,84.5,72.0,53.333333333333336,30.0,72.0,79.0,74.0,63.0,2.0,58.0,30.0,73.0,82.0,85.0,66.0,12.0,126.0,113.0,127.0,131.0,133.0,134.0,118.0,132.5,115.0,130.0,145.0,145.0,138.0,122.0,66.78333333333333,44.7,73.0,80.0,74.0,64.0,65.0,70.11666666666666,46.0,74.0,82.0,85.0,67.0,66.7,67.0,45.0,73.0,80.0,74.0,64.0,66.0,70.33333333333333,46.0,74.0,83.0,85.0,67.0,67.0,67.33333333333333,46.0,74.0,80.0,74.0,64.0,66.0,70.91666666666667,47.0,75.0,83.5,85.0,67.0,68.0,70.0,51.0,75.0,80.0,75.0,66.0,73.0,74.0,52.0,76.0,86.0,86.0,69.0,75.0,66.0,44.0,72.0,79.0,74.0,63.0,64.0,69.5,46.0,73.0,82.0,85.0,66.0,65.0,84.33333333333333,80.0,83.0,83.0,79.0,78.0,103.0,89.16666666666667,80.0,85.0,93.0,91.0,81.0,105.0,C_p25,16.8397,3.9984877006914212,E1-E2,2.731640112353545,4.3943775720470075,4.750678456267035,4.3943775720470075,3.8005427650136285,3.919309726420304,3.226502451548028,False,E1-E2,-13.0,1.959654863210152,3.6223923229036146,3.978693207123642,3.6223923229036146,3.028557515870235,3.147324477276911,3.9231189850379895,3.0,1,1,6,,False,False,False,3.2858859322513663,E1-E2,1.6033584156568512,4.216238796727276,4.631924311897571,3.295792298850194,2.9394904287042274,3.028565896240719,False
high/IMG_8564_jpg,IMG_8564_jpg,high/IMG_8564_jpg,high,train,1.0,2701,1800,False,oof,dev,2.7133333333333334,3.383,2.599,0.883,1.422,3.922,4.071,E1,False,False,42.46666666666666,40.3,56.3,19.0,37.0,45.3,56.900000000000006,45.98333333333334,48.3,58.0,20.0,38.0,49.0,62.6,47.29999999999999,49.2,58.0,19.0,37.0,51.0,69.6,50.73333333333333,56.6,59.6,21.0,39.0,54.6,73.6,58.958333333333336,65.0,64.0,23.75,38.0,78.0,85.0,61.583333333333336,70.0,65.5,26.0,40.0,81.0,87.0,67.66666666666667,73.0,74.0,34.0,50.0,86.0,89.0,70.33333333333333,78.0,76.0,36.0,52.0,89.0,91.0,36.166666666666664,28.0,56.0,17.0,36.0,40.0,40.0,40.0,36.0,57.0,18.0,38.0,44.0,47.0,104.0,118.0,102.0,91.0,91.0,110.0,112.0,106.66666666666667,121.0,105.0,94.0,94.0,111.0,115.0,46.199999999999996,37.7,68.2,56.0,19.0,37.0,59.3,49.80833333333334,45.7,72.0,58.0,20.0,39.0,64.15,50.03333333333333,44.8,69.0,57.9,19.900000000000002,37.0,71.6,53.383333333333326,52.8,73.0,58.9,21.0,39.0,75.6,57.166666666666664,63.0,71.0,59.0,25.0,40.0,85.0,59.708333333333336,67.0,74.0,61.0,26.25,43.0,87.0,70.83333333333333,72.0,77.0,72.0,39.0,74.0,91.0,73.91666666666667,78.0,81.0,73.5,41.0,77.0,93.0,40.833333333333336,28.0,68.0,56.0,17.0,36.0,40.0,44.666666666666664,36.0,72.0,57.0,18.0,38.0,47.0,108.16666666666667,117.0,118.0,102.0,91.0,109.0,112.0,110.83333333333333,120.0,121.0,105.0,94.0,110.0,115.0,56.5,68.0,56.0,17.0,36.0,77.0,85.0,58.73333333333333,72.0,57.7,18.0,38.0,80.7,86.0,57.06666666666666,69.0,56.0,18.0,37.0,77.4,85.0,59.0,72.0,58.0,19.0,38.0,81.0,86.0,57.833333333333336,70.0,58.0,19.0,37.0,78.0,85.0,59.916666666666664,73.0,59.0,20.5,39.0,81.0,87.0,59.833333333333336,72.0,60.0,22.0,37.0,81.0,87.0,62.0,75.0,62.0,24.0,39.0,84.0,88.0,56.333333333333336,68.0,56.0,17.0,36.0,77.0,84.0,58.5,72.0,57.0,18.0,38.0,80.0,86.0,77.66666666666667,110.0,83.0,34.0,40.0,95.0,104.0,80.0,113.0,86.0,35.0,42.0,98.0,106.0,C_p25,16.8397,3.4343446340097112,E1-E2,4.1568436492336565,3.4442418807936006,1.1282861333634209,2.1971887860235038,4.6319114948603595,5.047595859783725,2.662359384866318,False,E1,-13.0,3.3848584000902626,2.6722566316502077,0.35630088422002765,1.4252035368801106,3.8599262457169665,4.2756106106403315,3.460856211863314,3.0,1,1,6,frame_uncertain,False,False,False,2.692051125217987,E1,3.3254841213623583,2.4347294459974407,1.009521965413573,1.4252074805838677,3.8005532815569807,4.156855151702947,False
high/IMG_8594_jpg,IMG_8594_jpg,high/IMG_8594_jpg,high,train,2.0,2688,1792,False,oof,dev,4.511833333333333,3.073,4.152,3.986,3.737,6.476,5.647,E2-E3,False,False,42.26666666666667,27.8,52.0,51.0,47.0,48.0,27.8,46.400000000000006,33.8,55.0,55.0,50.0,51.8,32.8,45.93333333333334,33.0,53.0,52.0,47.0,52.0,38.6,49.699999999999996,37.0,56.0,56.0,50.6,55.0,43.6,54.666666666666664,35.0,57.0,55.0,54.0,74.0,53.0,58.166666666666664,40.0,60.0,58.0,57.0,76.0,58.0,69.5,46.0,72.0,60.0,81.0,86.0,72.0,73.16666666666667,50.0,76.0,65.0,85.0,89.0,74.0,37.833333333333336,22.0,45.0,50.0,46.0,47.0,17.0,41.833333333333336,28.0,49.0,54.0,50.0,50.0,20.0,114.66666666666667,100.0,114.0,120.0,126.0,117.0,111.0,118.0,104.0,117.0,123.0,130.0,120.0,114.0,40.875,26.65,33.0,53.0,51.0,47.0,34.6,44.875,32.65,37.0,55.0,55.0,50.0,39.6,43.583333333333336,30.3,33.0,54.0,52.0,47.0,45.2,47.70000000000001,36.3,37.0,56.0,56.0,50.5,50.400000000000006,49.625,36.25,36.5,57.0,56.0,51.0,61.0,53.125,42.25,40.5,59.0,59.0,54.0,64.0,64.75,49.0,58.0,72.0,63.5,64.0,82.0,68.33333333333333,54.0,62.0,75.0,68.0,67.0,84.0,36.666666666666664,22.0,33.0,52.0,50.0,46.0,17.0,40.333333333333336,28.0,36.0,54.0,54.0,50.0,20.0,113.66666666666667,97.0,100.0,118.0,126.0,125.0,116.0,117.33333333333333,101.0,104.0,121.0,130.0,129.0,119.0,54.51666666666666,33.0,52.7,51.0,46.7,78.0,65.7,57.46666666666666,36.7,54.7,55.0,50.0,80.0,68.4,54.96666666666666,33.0,53.0,51.0,47.0,78.4,67.4,58.06666666666666,37.0,55.0,55.0,50.0,81.0,70.4,56.75,34.0,54.0,52.0,47.0,80.0,73.5,59.833333333333336,38.0,56.5,56.0,50.0,83.0,75.5,60.333333333333336,42.0,56.0,53.0,48.0,83.0,80.0,63.5,46.0,59.0,57.0,51.0,86.0,82.0,53.666666666666664,33.0,52.0,50.0,46.0,77.0,64.0,56.5,36.0,54.0,54.0,50.0,79.0,66.0,79.16666666666667,100.0,74.0,57.0,53.0,103.0,88.0,82.5,104.0,77.0,61.0,56.0,106.0,91.0,C_p25,16.8397,3.3700125299144283,E1-E2,2.0190383439134902,3.206707957980249,3.087940996573573,2.791023593056883,4.750678456267035,4.364685831695339,2.598027280771035,False,E1,-13.0,1.2470530947700968,2.4347227088368557,2.3159557474301797,2.0190383439134902,3.978693207123642,3.5927005825519456,3.208935229657009,3.0,1,1,6,frame_uncertain,False,False,False,3.038454762654124,E1-E2,2.4347294459974407,2.909798606192063,2.256578510924457,2.1378112208758018,4.335006086775931,4.156855151702947,False
high/gg_jpg,gg_jpg,high/gg_jpg,high,train,4.0,2495,1663,False,oof,holdout,3.247666666666667,2.564,3.692,2.974,2.667,3.692,3.897,E1-E2,False,False,60.916666666666664,45.9,76.4,57.0,54.0,78.0,54.2,64.28333333333333,50.9,78.0,60.0,57.0,80.0,59.8,64.10000000000001,48.0,77.0,57.0,54.0,83.0,65.6,67.10000000000001,53.0,78.0,60.0,57.0,84.0,70.6,68.70833333333333,54.0,82.0,58.0,56.0,88.25,74.0,71.5,58.0,84.0,61.0,59.0,89.0,78.0,80.41666666666667,62.0,99.0,65.0,68.0,99.5,89.0,83.33333333333333,66.0,101.0,68.0,71.0,101.0,93.0,52.833333333333336,33.0,67.0,57.0,53.0,73.0,34.0,56.666666666666664,39.0,70.0,59.0,56.0,75.0,41.0,123.5,95.0,118.0,136.0,143.0,138.0,111.0,126.83333333333333,100.0,121.0,139.0,146.0,140.0,115.0,55.349999999999994,37.4,48.0,77.0,57.0,54.0,58.7,59.208333333333336,43.4,53.0,78.0,60.0,57.0,63.85,58.76666666666666,40.8,52.1,77.0,57.0,54.0,71.7,62.31666666666666,46.8,56.1,79.0,60.0,57.0,75.0,64.25,51.0,56.0,81.5,59.0,61.0,77.0,67.41666666666667,55.0,60.0,83.5,62.0,64.0,80.0,80.25,66.0,70.0,98.0,69.5,89.0,89.0,82.83333333333333,69.0,73.5,99.0,72.5,90.0,93.0,50.166666666666664,33.0,47.0,77.0,57.0,53.0,34.0,54.166666666666664,39.0,52.0,78.0,59.0,56.0,41.0,125.5,94.0,118.0,117.0,143.0,143.0,138.0,128.33333333333334,98.0,121.0,120.0,146.0,145.0,140.0,65.16666666666667,48.0,77.0,57.0,53.0,83.0,73.0,67.41666666666667,52.0,78.0,59.0,56.5,84.0,75.0,65.33333333333333,48.0,77.0,57.0,53.0,84.0,73.0,68.0,53.0,78.0,60.0,57.0,85.0,75.0,66.5,51.0,77.0,57.0,54.0,86.0,74.0,69.16666666666667,55.0,79.0,60.0,57.0,87.0,77.0,70.83333333333333,64.0,81.0,58.0,54.0,91.0,77.0,73.16666666666667,68.0,83.0,60.0,57.0,92.0,79.0,65.0,47.0,77.0,57.0,53.0,83.0,73.0,67.33333333333333,52.0,78.0,59.0,56.0,84.0,75.0,88.0,92.0,112.0,61.0,61.0,109.0,93.0,90.66666666666667,96.0,114.0,64.0,64.0,111.0,95.0,C_p25,16.8397,3.949001466771973,E1-E2,3.028557515870235,4.5725280141570215,3.3848584000902626,3.206707957980249,5.106979340487063,4.3943775720470075,3.17701621762858,False,E1-E2,-13.0,2.2565722667268417,3.8005427650136285,2.6128731509468697,2.4347227088368557,4.3349940913436695,3.6223923229036146,4.033181550079579,3.0,1,1,6,frame_uncertain,False,False,False,3.003814398910511,E1-E2,2.701955848606916,3.41455958889885,2.256578510924457,2.4941130910217684,3.978704216629964,3.1770250088015386,False
high/IMG_3129_jpg,IMG_3129_jpg,high/IMG_3129_jpg,high,test,2.0,2698,1799,True,oof,dev,4.470833333333333,4.599,5.811,3.922,2.953,5.374,4.166,E2-E3,False,False,66.70833333333333,47.25,103.25,67.0,56.0,76.25,50.5,72.16666666666667,53.25,109.25,73.0,60.0,80.25,57.25,73.58333333333333,53.5,113.0,67.0,57.0,86.0,65.0,78.5,60.0,118.5,73.0,60.0,90.0,69.5,87.5,73.25,121.25,71.5,58.0,109.0,92.0,91.91666666666667,79.25,124.0,77.0,63.0,113.0,95.25,100.5,94.0,133.0,82.0,70.5,120.0,103.5,104.83333333333333,99.0,136.0,88.0,75.5,123.0,107.5,59.5,37.0,98.0,66.0,55.0,70.0,31.0,65.33333333333333,44.0,104.0,72.0,59.0,74.0,39.0,151.0,116.0,171.0,165.0,137.0,161.0,156.0,155.16666666666666,120.0,175.0,170.0,143.0,164.0,159.0,74.85833333333333,48.4,118.0,67.0,56.0,108.95,50.8,79.7,54.8,121.0,73.0,60.0,112.0,57.4,79.53333333333335,58.8,119.8,67.0,57.0,109.0,65.6,84.0,64.8,122.0,73.0,60.8,113.0,70.4,90.875,85.0,123.5,73.0,60.0,111.75,92.0,95.375,91.0,126.0,78.5,65.0,115.75,96.0,104.25,97.0,136.0,88.0,76.0,123.5,105.0,108.25,102.0,138.0,94.0,81.0,126.5,108.0,68.83333333333333,37.0,116.0,66.0,55.0,108.0,31.0,74.0,44.0,119.0,72.0,59.0,111.0,39.0,162.83333333333334,160.0,169.0,171.0,158.0,158.0,161.0,166.16666666666666,163.0,174.0,175.0,160.0,161.0,164.0,89.0,93.0,118.0,66.0,56.0,108.0,93.0,93.06666666666666,98.7,120.0,72.0,59.0,111.7,97.0,89.53333333333335,94.0,118.4,66.4,56.0,109.0,93.4,93.66666666666667,99.0,121.0,73.0,59.0,112.0,98.0,90.83333333333333,95.0,121.0,67.0,57.0,109.0,96.0,94.83333333333333,100.0,123.0,73.0,60.0,113.0,100.0,94.0,98.0,124.0,69.0,57.0,113.0,103.0,98.5,103.0,127.0,75.0,62.0,117.0,107.0,88.33333333333333,93.0,116.0,66.0,55.0,108.0,92.0,92.5,98.0,119.0,72.0,59.0,111.0,96.0,111.16666666666667,117.0,141.0,76.0,67.0,133.0,133.0,115.83333333333333,123.0,145.0,81.0,72.0,137.0,137.0,C_p25,16.8397,5.393999497219863,E2-E3,5.641430666817104,7.185401165103891,3.978693207123642,3.3848584000902626,6.472799396663836,5.700814147520442,4.62201424807647,False,E2-E3,-13.0,4.869445417673711,6.413415915960498,3.206707957980249,2.6128731509468697,5.700814147520442,4.928828898377049,5.136253035274176,4.0,1,1,6,,False,False,False,4.965943573816635,E2-E3,6.146207260017929,6.1165154375057655,3.859936926581309,2.672264026094752,6.175899082530093,4.824921158226636,False
high/IMG_8601_jpg,IMG_8601_jpg,high/IMG_8601_jpg,high,train,1.0,2699,1799,True,oof,dev,1.285,1.168,2.337,2.395,0.876,0.759,0.175,E1,False,False,35.0,24.0,63.0,50.0,32.0,21.0,20.0,36.074999999999996,28.45,63.0,50.0,34.0,21.0,20.0,36.300000000000004,29.0,64.0,50.0,33.0,21.0,20.8,37.28333333333334,32.9,64.0,50.0,35.0,21.0,20.8,40.166666666666664,37.0,67.0,51.0,36.0,26.0,24.0,40.875,38.0,68.0,51.0,38.0,26.25,24.0,51.333333333333336,45.5,82.0,55.0,47.5,45.0,33.0,52.666666666666664,47.0,85.0,55.0,49.5,46.5,33.0,31.0,17.0,63.0,49.0,32.0,20.0,5.0,34.333333333333336,23.0,63.0,49.0,34.0,20.0,17.0,90.33333333333333,79.0,113.0,111.0,97.0,79.0,63.0,91.5,83.0,113.0,111.0,98.0,81.0,63.0,34.975,24.450000000000003,63.0,50.0,32.0,20.4,20.0,36.06666666666667,29.0,63.0,50.0,34.0,20.4,20.0,36.483333333333334,30.900000000000002,63.9,50.0,33.0,21.0,20.1,37.166666666666664,33.0,63.9,50.0,35.0,21.0,20.1,39.833333333333336,38.0,66.0,51.0,36.0,25.0,23.0,40.375,39.0,66.0,51.0,38.0,25.0,23.25,50.083333333333336,49.0,74.5,58.0,46.0,41.0,32.0,51.666666666666664,51.5,76.5,59.0,48.0,42.0,33.0,31.0,17.0,63.0,49.0,32.0,20.0,5.0,34.333333333333336,23.0,63.0,49.0,34.0,20.0,17.0,93.66666666666667,98.0,113.0,113.0,97.0,78.0,63.0,95.16666666666667,104.0,113.0,113.0,98.0,80.0,63.0,37.0,37.0,63.0,50.0,32.0,20.0,20.0,37.333333333333336,37.0,63.0,50.0,34.0,20.0,20.0,37.0,37.0,63.0,50.0,32.0,20.0,20.0,37.5,38.0,63.0,50.0,34.0,20.0,20.0,38.0,39.0,64.0,50.0,33.0,21.0,21.0,38.333333333333336,39.0,64.0,50.0,35.0,21.0,21.0,40.333333333333336,45.0,65.0,50.0,34.0,24.0,24.0,40.833333333333336,46.0,65.0,50.0,36.0,24.0,24.0,36.833333333333336,37.0,63.0,49.0,32.0,20.0,20.0,37.166666666666664,37.0,63.0,49.0,34.0,20.0,20.0,53.333333333333336,70.0,73.0,52.0,41.0,45.0,39.0,53.833333333333336,70.0,74.0,52.0,43.0,45.0,39.0,C_p25,16.8397,2.2565722667268417,E1,2.3159557474301797,3.8005427650136285,2.969174035166897,1.959654863210152,1.2470530947700968,1.2470530947700968,1.4845870175834486,False,E1,-13.0,1.5439704982867866,3.028557515870235,2.1971887860235038,1.1876696140667589,0.47506784562670357,0.47506784562670357,2.357784726668717,1.0,1,1,6,,False,False,False,1.4351007836640004,E1,1.633050238169015,2.375345800973113,2.3159621559487853,1.2470565455108842,0.5344528052189504,0.5047609827067865,False
high/IMG_3059_jpg,IMG_3059_jpg,high/IMG_3059_jpg,high,test,1.0,2698,1799,True,oof,holdout,2.906166666666667,2.926,3.128,2.234,2.766,3.564,2.819,E1,False,False,41.56666666666667,11.8,59.0,46.0,53.0,54.0,25.6,44.06666666666666,16.0,62.0,47.0,54.0,55.0,30.400000000000002,45.333333333333336,14.600000000000001,60.0,46.0,53.0,56.6,41.800000000000004,47.73333333333333,18.0,63.0,48.0,55.0,57.2,45.2,54.708333333333336,26.0,66.0,47.25,55.0,66.0,68.0,56.166666666666664,28.0,69.0,49.0,56.0,66.0,69.0,67.33333333333333,58.0,74.0,54.0,72.0,73.0,73.0,69.0,61.0,77.0,55.0,73.0,74.0,74.0,37.166666666666664,7.0,58.0,45.0,53.0,54.0,6.0,40.166666666666664,11.0,60.0,47.0,54.0,55.0,14.0,110.66666666666667,74.0,130.0,124.0,124.0,107.0,105.0,112.33333333333333,77.0,131.0,125.0,126.0,108.0,107.0,43.775,12.0,59.0,46.0,53.0,70.0,22.650000000000002,46.18333333333334,16.0,62.0,47.0,54.0,71.0,27.1,46.86666666666667,15.0,60.0,46.6,53.400000000000006,70.0,36.2,49.03333333333333,18.0,63.0,48.0,55.0,71.0,39.2,55.583333333333336,27.5,65.0,49.0,55.0,71.0,66.0,56.916666666666664,29.5,67.0,50.0,56.0,72.0,67.0,67.66666666666667,58.0,74.0,60.0,62.0,79.0,73.0,69.16666666666667,61.0,77.0,60.0,63.0,80.0,74.0,39.666666666666664,7.0,58.0,45.0,53.0,69.0,6.0,42.666666666666664,11.0,60.0,47.0,54.0,70.0,14.0,111.0,74.0,129.0,130.0,123.0,106.0,104.0,112.66666666666667,77.0,130.0,131.0,125.0,107.0,106.0,58.449999999999996,58.0,58.7,45.0,53.0,70.0,66.0,60.166666666666664,61.0,61.0,47.0,54.0,71.0,67.0,58.833333333333336,58.0,59.0,46.0,53.0,70.0,67.0,60.5,61.0,62.0,47.0,54.0,71.0,68.0,59.583333333333336,59.0,60.0,46.0,53.0,70.0,69.5,61.583333333333336,62.0,63.0,48.0,55.0,71.0,70.5,61.833333333333336,60.0,64.0,47.0,54.0,72.0,74.0,63.5,64.0,66.0,48.0,55.0,73.0,75.0,58.166666666666664,58.0,58.0,45.0,53.0,69.0,66.0,59.833333333333336,61.0,60.0,47.0,54.0,70.0,67.0,73.16666666666667,68.0,78.0,53.0,57.0,95.0,88.0,74.83333333333333,70.0,81.0,54.0,58.0,97.0,89.0,C_p25,16.8397,3.5382657252405525,E1-E2,3.5036253614969386,3.5630088422002766,2.731640112353545,3.147324477276911,4.1568436492336565,4.127151908881987,2.7662804760971595,False,E1,-13.0,2.731640112353545,2.791023593056883,1.959654863210152,2.3753392281335177,3.3848584000902626,3.3551666597385936,3.2113810644357113,1.0,1,1,6,,False,False,False,2.729165800657573,E1,2.063581664595392,3.028565896240719,2.3159621559487853,2.4941130910217684,3.384867766386686,3.0879495412650466,True
high/IMG_2632-_jpg,IMG_2632-_jpg,high/IMG_2632-_jpg,high,valid,0.0,2691,1794,False,oof,holdout,1.0358333333333334,0.0,1.328,0.712,1.471,1.803,0.901,E1,True,False,58.525000000000006,27.1,74.0,56.0,72.0,85.0,37.05,62.35,33.05,79.0,60.0,75.0,88.0,39.05,63.20000000000001,37.0,82.1,56.0,72.0,86.0,46.1,66.88333333333334,41.1,87.1,61.0,75.0,89.0,48.1,69.83333333333333,50.0,93.0,57.0,75.0,88.0,56.0,72.70833333333333,53.0,94.0,61.0,77.0,91.0,60.25,76.16666666666667,56.0,98.0,61.0,79.0,99.0,64.0,79.5,61.0,99.0,64.0,82.0,102.0,69.0,53.5,23.0,68.0,55.0,71.0,84.0,20.0,58.333333333333336,30.0,72.0,60.0,74.0,86.0,28.0,112.0,94.0,112.0,104.0,131.0,129.0,102.0,115.66666666666667,96.0,117.0,110.0,134.0,131.0,106.0,50.0,24.0,50.0,56.0,85.0,54.0,31.0,54.583333333333336,31.0,53.0,61.0,88.0,59.0,35.5,52.166666666666664,27.0,51.0,57.0,85.0,55.0,38.0,56.166666666666664,33.0,54.0,61.0,88.0,61.0,40.0,61.375,38.5,67.75,62.0,87.0,59.5,53.5,65.08333333333333,42.75,70.75,66.0,91.0,64.5,55.5,76.58333333333333,51.0,93.0,75.5,96.0,79.0,65.0,80.25,57.5,94.0,79.0,99.0,82.0,70.0,47.5,23.0,49.0,55.0,85.0,53.0,20.0,52.666666666666664,30.0,52.0,60.0,88.0,58.0,28.0,112.83333333333333,84.0,111.0,130.0,131.0,119.0,102.0,116.5,89.0,115.0,133.0,134.0,122.0,106.0,67.33333333333333,49.0,91.0,55.0,71.0,85.0,53.0,70.83333333333333,52.0,92.0,60.0,74.0,88.0,59.0,67.83333333333333,49.0,92.0,55.0,72.0,85.0,54.0,71.06666666666666,52.0,92.4,60.0,75.0,88.0,59.0,68.58333333333333,50.0,92.5,56.0,72.0,85.5,55.5,72.0,53.0,93.0,61.0,75.0,89.0,61.0,70.16666666666667,52.0,94.0,56.0,73.0,87.0,59.0,73.5,55.0,95.0,61.0,76.0,90.0,64.0,67.33333333333333,49.0,91.0,55.0,71.0,85.0,53.0,70.66666666666667,52.0,92.0,60.0,74.0,88.0,58.0,85.33333333333333,78.0,104.0,58.0,77.0,98.0,97.0,88.66666666666667,83.0,105.0,63.0,79.0,101.0,101.0,C_p25,16.8397,4.072717051570594,E2-E3,2.969174035166897,5.49297196505876,3.3254749193869246,4.2756106106403315,5.077287600135394,3.295783179035256,3.3007318024272005,False,E1-E2,-13.0,2.1971887860235038,4.720986715915367,2.5534896702435317,3.5036253614969386,4.305302350992001,2.5237979298918627,4.099219089104532,3.0,1,1,6,frame_uncertain,False,False,False,4.1024087919222625,E2-E3,2.909798606192063,5.760213567359799,3.26610047633803,4.156855151702947,5.285144407165176,3.2364086538258663,False
high/IMG_8649_jpg,IMG_8649_jpg,high/IMG_8649_jpg,high,train,3.0,2699,1799,True,oof,dev,2.252,0.0,2.556,1.557,3.788,3.389,2.222,E1,True,False,41.21666666666667,18.3,38.0,41.0,63.0,66.0,21.0,44.21666666666667,21.3,40.0,43.0,68.0,69.0,24.0,43.1,21.0,39.0,44.0,64.0,66.0,24.6,46.13333333333333,23.6,41.0,46.0,68.0,69.0,29.200000000000003,51.791666666666664,40.5,40.0,52.0,65.0,71.75,41.5,54.875,44.0,42.0,54.5,69.0,74.75,45.0,67.0,54.0,61.0,84.0,68.0,87.0,48.0,69.83333333333333,57.0,63.0,87.0,72.0,90.0,50.0,37.5,16.0,38.0,40.0,63.0,66.0,2.0,42.333333333333336,18.0,40.0,42.0,67.0,69.0,18.0,101.5,89.0,105.0,116.0,97.0,121.0,81.0,104.0,93.0,107.0,119.0,98.0,124.0,83.0,42.525,17.0,50.0,38.0,63.15,66.0,21.0,45.64166666666667,19.85,53.0,40.0,68.0,69.0,24.0,43.88333333333333,18.0,51.0,39.0,64.0,66.0,25.3,47.166666666666664,20.7,54.0,41.0,68.0,69.0,30.3,49.0,21.25,54.5,41.0,66.0,69.0,42.25,52.0,24.25,58.0,43.0,69.75,72.0,45.0,59.666666666666664,35.0,66.0,52.0,75.5,80.5,49.0,62.75,39.0,70.0,54.0,79.0,83.5,51.0,39.0,16.0,49.0,38.0,63.0,66.0,2.0,44.0,18.0,52.0,40.0,67.0,69.0,18.0,106.0,86.0,104.0,115.0,120.0,121.0,90.0,108.83333333333333,90.0,106.0,119.0,122.0,124.0,92.0,46.0,17.0,49.0,38.0,63.0,66.0,43.0,49.0,19.0,53.0,40.0,68.0,69.0,45.0,46.23333333333333,17.0,50.0,38.0,63.0,66.0,43.4,49.333333333333336,20.0,53.0,40.0,68.0,69.0,46.0,47.416666666666664,19.0,51.5,39.0,64.0,66.0,45.0,50.166666666666664,22.0,54.0,41.0,68.0,69.0,47.0,49.583333333333336,22.5,54.0,39.0,64.0,70.0,48.0,53.0,26.0,58.0,42.0,69.0,73.0,50.0,45.666666666666664,16.0,49.0,38.0,63.0,66.0,42.0,48.5,18.0,52.0,40.0,67.0,69.0,45.0,64.0,47.0,77.0,44.0,71.0,86.0,59.0,67.0,50.0,82.0,46.0,74.0,89.0,61.0,C_p25,16.8397,2.8157667100166073,E1,1.1282861333634209,3.058249256221904,2.3159557474301797,3.8005427650136285,3.919309726420304,2.6722566316502077,2.043781460873214,False,E1,-13.0,0.35630088422002765,2.2862640070785107,1.5439704982867866,3.028557515870235,3.147324477276911,1.9002713825068143,3.040172629926572,3.0,1,1,6,,False,False,False,2.4347227088368557,E1,1.0689056104379009,2.5534967360460965,1.4845911256081956,2.909798606192063,4.038087861654292,2.5534967360460965,False
high/IMG_6551-_jpg,IMG_6551-_jpg,high/IMG_6551-_jpg,high,valid,4.0,2697,1798,True,oof,holdout,5.973333333333334,4.87,6.535,6.696,5.739,6.696,5.304,E2-E3,False,False,109.21666666666668,49.2,153.0,133.0,127.0,148.0,45.1,111.55000000000001,53.1,153.0,136.0,128.0,150.0,49.2,113.76666666666667,62.4,153.0,133.0,127.0,148.0,59.2,115.93333333333334,65.4,153.0,136.0,129.0,150.0,62.2,129.83333333333334,104.5,157.0,135.0,128.0,153.0,101.5,132.0,105.0,157.5,138.0,131.0,155.5,105.0,144.16666666666666,122.0,168.0,142.0,135.0,172.0,126.0,146.5,124.0,169.0,145.0,138.0,174.0,129.0,102.16666666666667,37.0,152.0,132.0,127.0,138.0,27.0,105.0,40.0,153.0,135.0,128.0,141.0,33.0,196.5,152.0,213.0,205.0,220.0,210.0,179.0,198.66666666666666,152.0,214.0,208.0,223.0,213.0,182.0,109.60833333333333,51.6,153.0,133.0,127.0,148.0,45.05,111.78333333333335,54.6,153.0,136.0,128.0,150.0,49.1,114.58333333333333,67.4,153.0,133.0,127.0,148.0,59.1,116.75,70.4,153.0,136.0,129.0,150.0,62.1,130.75,113.0,155.0,135.0,128.0,152.25,101.25,133.41666666666666,115.0,156.0,139.0,131.0,155.0,104.5,146.41666666666666,125.0,166.0,149.0,144.0,168.5,126.0,148.75,128.0,166.0,151.0,148.0,170.5,129.0,103.83333333333333,37.0,152.0,132.0,127.0,148.0,27.0,106.5,40.0,153.0,135.0,128.0,150.0,33.0,203.66666666666666,181.0,212.0,220.0,220.0,210.0,179.0,205.83333333333334,181.0,213.0,223.0,223.0,213.0,182.0,109.21666666666668,49.2,153.0,133.0,127.0,148.0,45.1,111.55000000000001,53.1,153.0,136.0,128.0,150.0,49.2,113.76666666666667,62.4,153.0,133.0,127.0,148.0,59.2,115.93333333333334,65.4,153.0,136.0,129.0,150.0,62.2,129.83333333333334,104.5,157.0,135.0,128.0,153.0,101.5,132.0,105.0,157.5,138.0,131.0,155.5,105.0,144.16666666666666,122.0,168.0,142.0,135.0,172.0,126.0,146.5,124.0,169.0,145.0,138.0,174.0,129.0,102.16666666666667,37.0,152.0,132.0,127.0,138.0,27.0,105.0,40.0,153.0,135.0,128.0,141.0,33.0,196.5,152.0,213.0,205.0,220.0,210.0,179.0,198.66666666666666,152.0,214.0,208.0,223.0,213.0,182.0,C_p25,16.8397,7.709955244650043,E3,6.205573733498815,9.323206470424058,8.016769894950622,7.601085530027257,9.085672547610706,6.027423291388801,6.93796999550665,False,E3,-13.0,5.433588484355422,8.551221221280663,7.244784645807229,6.829100280883863,8.313687298467313,5.255438042245408,7.621221170435397,2.0,1,1,0,zenith_detection_failed,True,False,False,7.383346100781683,E3,6.354050017603077,8.016792078284256,8.076175723308584,6.8291191777977,7.898024788235601,7.126037402919339,False
high/IMG_2892_jpg,IMG_2892_jpg,high/IMG_2892_jpg,high,train,2.0,2699,1799,True,oof,dev,1.994,1.4,2.962,1.597,1.427,2.954,1.624,E1,False,False,33.083333333333336,30.25,50.25,27.0,42.0,45.0,4.0,36.291666666666664,33.25,53.25,32.0,45.25,49.0,5.0,38.0,37.0,54.0,27.0,43.0,47.5,19.5,41.5,40.5,58.0,32.0,46.0,52.0,20.5,44.083333333333336,39.0,55.0,31.0,44.0,61.25,34.25,47.375,42.0,59.0,35.0,46.0,65.0,37.25,52.416666666666664,42.5,58.0,39.0,52.0,75.0,48.0,56.333333333333336,46.0,62.0,43.0,56.0,79.5,51.5,30.833333333333332,26.0,45.0,27.0,42.0,43.0,2.0,34.166666666666664,30.0,49.0,31.0,45.0,46.0,4.0,83.83333333333333,64.0,85.0,90.0,87.0,98.0,79.0,87.16666666666667,66.0,88.0,93.0,91.0,103.0,82.0,34.25,27.0,39.0,27.0,43.0,66.0,3.5,37.666666666666664,31.0,42.0,32.0,46.0,70.0,5.0,35.5,29.0,40.0,28.0,43.0,67.0,6.0,38.71666666666667,33.0,43.0,32.3,46.0,71.0,7.0,42.958333333333336,37.25,45.0,32.0,45.0,69.0,29.5,46.125,40.25,48.0,37.0,47.0,72.0,32.5,52.416666666666664,47.5,56.0,44.5,51.0,74.5,41.0,56.166666666666664,49.5,60.0,48.5,55.0,79.0,45.0,33.333333333333336,26.0,37.0,27.0,42.0,66.0,2.0,36.666666666666664,30.0,41.0,31.0,45.0,69.0,4.0,86.16666666666667,64.0,90.0,89.0,97.0,98.0,79.0,89.66666666666667,66.0,93.0,92.0,102.0,103.0,82.0,33.083333333333336,30.25,50.25,27.0,42.0,45.0,4.0,36.291666666666664,33.25,53.25,32.0,45.25,49.0,5.0,38.0,37.0,54.0,27.0,43.0,47.5,19.5,41.5,40.5,58.0,32.0,46.0,52.0,20.5,44.083333333333336,39.0,55.0,31.0,44.0,61.25,34.25,47.375,42.0,59.0,35.0,46.0,65.0,37.25,52.416666666666664,42.5,58.0,39.0,52.0,75.0,48.0,56.333333333333336,46.0,62.0,43.0,56.0,79.5,51.5,30.833333333333332,26.0,45.0,27.0,42.0,43.0,2.0,34.166666666666664,30.0,49.0,31.0,45.0,46.0,4.0,83.83333333333333,64.0,85.0,90.0,87.0,98.0,79.0,87.16666666666667,66.0,88.0,93.0,91.0,103.0,82.0,C_p25,16.8397,2.6178217743388146,E1,2.3159557474301797,3.266091438683587,1.8408879018034763,2.6128731509468697,3.637238193079449,2.0338842140893245,1.8458365251954212,False,E1,-13.0,1.5439704982867866,2.4941061895401937,1.0689026526600829,1.8408879018034763,2.865252943936056,1.2618989649459313,2.587693195866704,4.0,1,1,0,zenith_detection_failed,True,False,False,2.5782327872032553,E1,2.019043930827146,3.26610047633803,2.4347294459974407,2.672264026094752,3.251254565081948,1.8260470844980805,True
high/gummy19_JPG,gummy19_JPG,high/gummy19_JPG,high,train,3.0,2698,1799,True,oof,holdout,0.8141666666666666,0.0,2.141,0.0,1.138,1.606,0.0,E1,True,False,19.283333333333335,2.0,36.7,0.0,33.0,40.0,4.0,20.616666666666667,7.0,36.7,0.0,34.0,42.0,4.0,21.566666666666666,4.0,45.400000000000006,0.0,33.0,41.0,6.0,22.733333333333334,8.0,45.400000000000006,0.0,35.0,42.0,6.0,29.291666666666668,12.0,54.0,6.0,34.25,48.25,21.25,30.625,16.0,54.0,7.0,36.25,49.25,21.25,42.166666666666664,20.0,63.0,26.0,43.0,69.0,32.0,42.666666666666664,20.5,63.0,27.0,44.5,69.0,32.0,17.166666666666668,0.0,29.0,0.0,32.0,39.0,3.0,17.833333333333332,0.0,29.0,0.0,34.0,41.0,3.0,83.33333333333333,46.0,101.0,87.0,95.0,103.0,68.0,83.83333333333333,46.0,101.0,88.0,95.0,105.0,68.0,15.366666666666667,1.8000000000000007,13.0,0.0,33.0,40.0,4.4,17.066666666666666,6.800000000000001,16.0,0.0,34.0,41.2,4.4,16.5,3.0,13.6,3.0,33.0,40.4,6.0,18.5,7.0,17.0,4.0,35.0,42.0,6.0,24.958333333333332,7.0,21.0,20.75,35.0,43.0,23.0,26.958333333333332,14.0,21.0,21.75,37.0,45.0,23.0,42.666666666666664,20.0,39.0,53.0,48.0,61.0,35.0,43.166666666666664,21.0,39.0,53.0,49.0,62.0,35.0,14.333333333333334,0.0,12.0,0.0,32.0,39.0,3.0,15.5,0.0,15.0,0.0,34.0,41.0,3.0,87.0,45.0,101.0,100.0,103.0,103.0,70.0,87.5,45.0,101.0,100.0,104.0,105.0,70.0,23.116666666666664,12.0,52.0,0.0,32.0,39.7,3.0,24.28333333333333,15.7,52.0,0.0,34.0,41.0,3.0,23.700000000000003,13.0,52.4,0.0,33.0,40.0,3.8000000000000007,24.600000000000005,16.0,52.4,0.0,34.0,41.4,3.8000000000000007,25.0,17.0,54.0,0.0,33.0,41.0,5.0,25.666666666666668,18.0,54.0,0.0,35.0,42.0,5.0,28.5,25.0,57.0,4.0,34.0,44.0,7.0,29.0,25.0,57.0,5.0,35.0,45.0,7.0,23.0,12.0,52.0,0.0,32.0,39.0,3.0,24.166666666666668,15.0,52.0,0.0,34.0,41.0,3.0,50.833333333333336,46.0,90.0,24.0,40.0,64.0,41.0,51.666666666666664,46.0,90.0,25.0,42.0,66.0,41.0,C_p25,16.8397,1.4845870175834486,E1,1.0095191719567451,3.206707957980249,0.0,1.959654863210152,2.4347227088368557,0.2969174035166897,0.7126017684400553,False,E1,-13.0,0.23753392281335178,2.4347227088368557,0.0,1.1876696140667589,1.6627374596934623,0.0,1.719421849427498,0.0,3,2,6,gingiva_multi_component,False,False,False,1.6107769140780417,E1,1.009521965413573,1.6033584156568512,0.2375345800973113,1.1876729004865565,2.360499889717031,3.26610047633803,True
high/IMG_6803_jpg,IMG_6803_jpg,high/IMG_6803_jpg,high,train,4.0,2697,1798,True,oof,holdout,1.55,2.0,1.4,0.0,0.5,2.2,3.2,E1,True,False,18.46666666666667,10.950000000000001,44.0,0.0,0.0,24.0,31.85,19.975,13.950000000000001,45.0,0.0,0.0,24.0,36.900000000000006,25.100000000000005,15.0,45.900000000000006,0.0,8.900000000000002,28.900000000000002,51.900000000000006,26.8,17.0,47.0,0.0,14.0,28.900000000000002,53.900000000000006,41.083333333333336,20.0,59.75,30.75,21.0,48.0,67.0,42.625,23.0,61.0,31.75,22.0,50.0,68.0,53.083333333333336,30.0,70.5,42.0,32.0,67.0,77.0,54.25,31.5,71.5,43.0,33.0,68.5,78.0,11.333333333333334,1.0,43.0,0.0,0.0,22.0,2.0,13.333333333333334,0.0,44.0,0.0,0.0,22.0,14.0,101.16666666666667,81.0,107.0,101.0,83.0,126.0,109.0,101.83333333333333,81.0,109.0,102.0,83.0,126.0,110.0,24.541666666666668,12.9,43.0,35.0,0.0,20.0,36.35,26.483333333333334,15.0,45.0,36.0,0.0,22.0,40.900000000000006,29.183333333333334,17.8,44.0,35.5,0.0,22.0,55.800000000000004,30.633333333333336,19.0,46.0,37.0,0.0,24.0,57.800000000000004,35.0,22.0,48.0,39.0,0.0,32.0,69.0,36.375,25.0,50.0,40.0,0.0,33.0,70.25,56.083333333333336,59.0,65.5,54.0,26.0,53.0,79.0,57.0,59.0,67.0,55.5,26.0,55.0,79.5,16.5,1.0,43.0,34.0,0.0,19.0,2.0,19.166666666666668,0.0,44.0,36.0,0.0,21.0,14.0,111.5,105.0,105.0,107.0,101.0,126.0,125.0,112.33333333333333,105.0,107.0,109.0,102.0,126.0,125.0,34.28333333333333,43.0,34.7,0.0,19.0,46.0,63.0,35.833333333333336,45.0,36.0,0.0,22.0,48.0,64.0,34.53333333333334,43.0,35.0,0.0,19.4,46.4,63.4,36.06666666666667,45.0,36.0,0.0,22.0,48.4,65.0,35.666666666666664,45.0,35.5,0.0,20.0,48.5,65.0,37.083333333333336,46.0,37.0,0.0,22.0,50.5,67.0,38.5,48.0,37.0,0.0,22.0,53.0,71.0,40.0,49.0,39.0,0.0,24.0,55.0,73.0,33.833333333333336,43.0,34.0,0.0,19.0,45.0,62.0,35.166666666666664,44.0,36.0,0.0,21.0,47.0,63.0,58.166666666666664,64.0,49.0,6.0,30.0,91.0,109.0,60.666666666666664,64.0,50.0,16.0,32.0,92.0,110.0,C_p25,16.8397,2.1180108117523866,E1,2.6722566316502077,2.108113564968497,0.0,1.1876696140667589,2.88009881411189,3.8599262457169665,1.3460255626089932,False,E1,-13.0,1.9002713825068143,1.3361283158251038,0.0,0.4156843649233656,2.108113564968497,3.087940996573573,2.4115930918001607,1.0,3,1,6,gingiva_multi_component,False,False,False,1.4647925240156694,E1,1.9596602858028185,1.2470565455108842,0.0593836450243278,0.7126037402919339,1.8112011732419984,2.998874073728555,False
high/IMG_6436-_jpg,IMG_6436-_jpg,high/IMG_6436-_jpg,high,valid,0.0,2698,1798,True,oof,dev,1.5523333333333331,2.722,1.152,0.0,0.0,2.09,3.35,E1,True,False,18.599999999999998,46.5,30.0,0.0,0.0,0.0,35.1,19.433333333333334,48.5,31.0,0.0,0.0,0.0,37.1,21.683333333333334,53.0,31.0,0.0,0.0,0.0,46.1,22.016666666666666,53.0,32.0,0.0,0.0,0.0,47.1,30.541666666666668,54.0,35.0,0.0,0.0,30.5,63.75,30.708333333333332,54.0,36.0,0.0,0.0,30.5,63.75,35.083333333333336,55.0,44.5,0.0,0.0,42.0,69.0,35.583333333333336,55.0,45.5,0.0,0.0,42.0,71.0,14.666666666666666,40.0,30.0,0.0,0.0,0.0,18.0,15.833333333333334,42.0,30.0,0.0,0.0,0.0,23.0,61.0,66.0,61.0,45.0,54.0,64.0,76.0,61.333333333333336,66.0,61.0,45.0,54.0,65.0,77.0,23.416666666666668,44.0,30.0,0.0,0.0,40.0,26.5,24.558333333333334,46.0,31.85,0.0,0.0,40.0,29.5,25.95,48.0,31.700000000000003,0.0,0.0,41.0,35.0,26.5,49.0,32.0,0.0,0.0,41.0,37.0,31.458333333333332,54.0,38.0,0.0,0.0,47.0,49.75,31.666666666666668,54.0,39.0,0.0,0.0,47.0,50.0,39.166666666666664,56.0,54.0,0.0,0.0,61.5,63.5,39.416666666666664,57.0,54.0,0.0,0.0,62.0,63.5,21.333333333333332,40.0,30.0,0.0,0.0,40.0,18.0,22.5,42.0,30.0,0.0,0.0,40.0,23.0,65.66666666666667,65.0,66.0,54.0,57.0,76.0,76.0,65.83333333333333,65.0,66.0,54.0,57.0,77.0,76.0,18.599999999999998,46.5,30.0,0.0,0.0,0.0,35.1,19.433333333333334,48.5,31.0,0.0,0.0,0.0,37.1,21.683333333333334,53.0,31.0,0.0,0.0,0.0,46.1,22.016666666666666,53.0,32.0,0.0,0.0,0.0,47.1,30.541666666666668,54.0,35.0,0.0,0.0,30.5,63.75,30.708333333333332,54.0,36.0,0.0,0.0,30.5,63.75,35.083333333333336,55.0,44.5,0.0,0.0,42.0,69.0,35.583333333333336,55.0,45.5,0.0,0.0,42.0,71.0,14.666666666666666,40.0,30.0,0.0,0.0,0.0,18.0,15.833333333333334,42.0,30.0,0.0,0.0,0.0,23.0,61.0,66.0,61.0,45.0,54.0,64.0,76.0,61.333333333333336,66.0,61.0,45.0,54.0,65.0,77.0,C_p25,16.8397,1.8136704731477797,E1,3.206707957980249,2.0784218246168282,0.0,0.0,1.8111961614518073,3.785696894837794,1.0416852240043866,False,E1,-13.0,2.4347227088368557,1.3064365754734348,0.0,0.0,1.0392109123084141,3.0137116456944004,1.7927968927885578,0.0,3,1,0,"gingiva_multi_component,region_zero,zenith_detection_failed",True,False,False,1.4845870175834486,E1,2.672264026094752,1.1876729004865565,0.2375345800973113,0.2969182251216391,1.7815093507298347,2.73164767111908,True
high/IMG_7375_jpg,IMG_7375_jpg,high/IMG_7375_jpg,high,train,3.0,2696,1797,True,oof,holdout,2.2419999999999995,3.501,1.29,1.597,1.413,2.457,3.194,E1,False,False,30.033333333333335,35.0,24.55,29.0,26.0,44.0,21.650000000000002,32.94166666666667,37.0,26.55,30.0,29.0,48.0,27.1,32.06666666666666,36.0,25.0,29.0,26.0,45.2,31.200000000000003,34.4,37.0,27.1,30.1,29.0,49.0,34.2,37.291666666666664,40.0,31.75,31.0,28.0,51.0,42.0,39.5,42.0,33.0,33.0,31.0,55.0,43.0,49.75,50.0,60.0,38.5,38.0,62.0,50.0,51.5,52.0,61.5,40.5,40.0,64.0,51.0,27.0,34.0,23.0,29.0,25.0,43.0,8.0,30.5,36.0,26.0,29.0,28.0,47.0,17.0,83.0,70.0,95.0,89.0,86.0,87.0,71.0,85.83333333333333,72.0,97.0,91.0,91.0,92.0,72.0,30.55,35.0,24.0,29.0,26.0,44.0,25.3,33.275,37.0,26.0,30.0,29.0,48.0,29.65,32.71666666666667,36.0,25.0,29.0,26.0,45.0,35.3,35.21666666666667,37.0,27.0,31.0,29.0,49.0,38.3,37.416666666666664,45.5,27.0,31.0,29.0,48.0,44.0,39.833333333333336,48.5,29.0,33.0,32.0,51.25,45.25,47.333333333333336,51.0,38.0,41.0,41.0,58.0,55.0,49.5,53.0,39.5,43.0,44.0,60.5,57.0,27.0,34.0,23.0,29.0,25.0,43.0,8.0,30.5,36.0,26.0,29.0,28.0,47.0,17.0,87.66666666666667,78.0,95.0,95.0,88.0,87.0,83.0,90.5,80.0,97.0,97.0,91.0,92.0,86.0,39.61666666666667,60.0,24.0,29.0,25.7,44.0,55.0,41.78333333333333,62.0,26.0,29.7,28.0,48.0,57.0,39.733333333333334,60.4,24.0,29.0,26.0,44.0,55.0,41.96666666666667,62.4,26.0,30.0,28.4,48.0,57.0,40.416666666666664,62.0,25.0,29.0,26.0,45.0,55.5,42.833333333333336,64.0,27.0,30.0,29.0,49.0,58.0,42.666666666666664,65.0,28.0,30.0,27.0,48.0,58.0,45.166666666666664,67.0,30.0,31.0,30.0,52.0,61.0,39.0,60.0,23.0,29.0,25.0,43.0,54.0,41.333333333333336,62.0,26.0,29.0,28.0,47.0,56.0,54.166666666666664,76.0,49.0,38.0,33.0,60.0,69.0,56.166666666666664,78.0,51.0,40.0,36.0,62.0,70.0,C_p25,16.8397,2.400082345093242,E1,3.6817758036069526,1.4845870175834486,1.7221209403968003,1.5439704982867866,2.6722566316502077,3.295783179035256,1.6280970959498484,False,E1,-13.0,2.909790554463559,0.7126017684400553,0.9501356912534071,0.7719852491433933,1.9002713825068143,2.5237979298918627,2.1890221269382795,2.0,1,1,6,,False,False,False,1.4969585760633104,E1,0.9501383203892452,0.9056005866209992,1.4845911256081956,0.7719873853162617,2.375345800973113,2.4941130910217684,True
high/IMG_2796_jpg,IMG_2796_jpg,high/IMG_2796_jpg,high,test,2.0,2698,1799,True,oof,dev,5.686333333333334,5.826,6.106,4.848,4.195,6.385,6.758,E2-E3,False,False,84.56666666666666,53.400000000000006,123.0,94.0,83.0,135.0,19.0,92.73333333333333,56.400000000000006,130.0,101.0,95.0,143.0,31.0,88.53333333333332,63.400000000000006,124.0,94.0,83.0,135.0,31.800000000000004,96.86666666666666,65.4,130.0,102.0,95.0,144.0,44.800000000000004,101.66666666666667,83.0,130.0,97.0,85.0,141.0,74.0,110.66666666666667,87.0,137.0,104.0,100.0,148.0,88.0,122.08333333333333,105.0,155.0,104.5,97.0,160.0,111.0,131.91666666666666,111.0,162.0,111.5,113.0,169.0,125.0,80.33333333333333,39.0,120.0,93.0,82.0,134.0,14.0,89.16666666666667,44.0,127.0,101.0,94.0,143.0,26.0,169.16666666666666,153.0,177.0,151.0,173.0,199.0,162.0,178.0,158.0,184.0,169.0,183.0,206.0,168.0,85.13333333333333,55.15,123.0,94.0,83.0,135.0,20.65,93.3,58.15,129.35,101.0,95.0,143.0,33.3,90.31666666666666,65.3,124.0,94.0,83.0,135.0,40.6,98.64999999999999,67.3,130.0,102.0,95.0,144.0,53.6,103.45833333333333,85.75,127.75,97.0,86.0,138.0,86.25,112.83333333333333,90.75,134.0,104.0,101.0,146.0,101.25,126.16666666666667,114.5,145.5,106.0,100.0,150.0,141.0,135.58333333333334,121.5,153.0,114.0,116.0,159.0,150.0,80.83333333333333,39.0,123.0,93.0,82.0,134.0,14.0,89.5,44.0,129.0,101.0,94.0,143.0,26.0,182.16666666666666,168.0,177.0,177.0,173.0,199.0,199.0,189.16666666666666,172.0,184.0,184.0,183.0,206.0,206.0,109.11666666666667,79.7,123.0,93.0,83.0,135.0,141.0,116.61666666666667,82.7,129.0,101.0,94.0,143.0,150.0,109.5,82.0,123.0,93.0,83.0,135.0,141.0,117.0,85.0,129.0,101.0,94.0,143.0,150.0,110.5,86.0,124.0,94.0,83.0,135.0,141.0,118.66666666666667,91.0,130.0,101.0,95.0,144.0,151.0,111.83333333333333,88.0,126.0,95.0,84.0,136.0,142.0,120.33333333333333,92.0,133.0,102.0,98.0,144.0,153.0,108.16666666666667,77.0,123.0,93.0,82.0,134.0,140.0,116.0,80.0,129.0,101.0,94.0,143.0,149.0,120.66666666666667,105.0,137.0,99.0,87.0,143.0,153.0,129.33333333333334,111.0,144.0,105.0,106.0,151.0,159.0,C_p25,16.8397,6.561874617718843,E3,5.106979340487063,7.363551607213905,5.582047186113766,4.928828898377049,8.016769894950622,8.37307077917065,5.78988936857545,False,E2-E3,-13.0,4.3349940913436695,6.591566358070512,4.810061936970373,4.1568436492336565,7.244784645807229,7.601085530027257,5.967836860032852,8.0,1,1,6,,False,False,False,5.992782927645188,E2-E3,4.453773376824587,7.541722918089634,5.46329534223816,4.750691601946226,8.19494301335724,5.552370809774652,False
high/IMG_8581_jpg,IMG_8581_jpg,high/IMG_8581_jpg,high,train,2.0,2699,1799,True,oof,dev,2.1855,3.436,2.405,1.661,0.916,2.233,2.462,E1,False,False,36.5,47.0,48.0,30.0,30.0,45.0,19.0,39.833333333333336,51.0,52.0,34.0,34.0,48.0,20.0,38.333333333333336,50.0,48.0,30.0,30.0,46.0,26.0,42.0,54.0,53.0,34.0,34.0,50.0,27.0,44.833333333333336,57.0,57.0,34.0,34.0,52.0,35.0,48.5,59.0,61.0,38.0,38.0,56.0,39.0,56.333333333333336,63.0,68.0,49.0,49.0,63.0,46.0,59.5,64.0,71.0,54.0,52.0,66.0,50.0,31.833333333333332,43.0,47.0,28.0,29.0,43.0,1.0,35.5,48.0,51.0,33.0,33.0,46.0,2.0,89.33333333333333,87.0,91.0,101.0,103.0,91.0,63.0,92.66666666666667,88.0,94.0,105.0,107.0,95.0,67.0,36.641666666666666,47.85,47.0,30.0,30.0,44.0,21.0,40.38333333333333,52.85,52.0,34.0,34.0,47.0,22.450000000000003,39.0,51.0,48.0,30.0,30.0,45.0,30.0,42.6,55.0,52.0,34.0,34.0,48.6,32.0,44.166666666666664,59.0,52.0,33.0,33.0,49.0,39.0,47.666666666666664,61.0,56.0,37.0,38.0,52.0,42.0,55.833333333333336,65.0,68.0,47.0,46.0,61.0,48.0,59.333333333333336,67.0,71.0,52.0,50.0,64.0,52.0,31.833333333333332,43.0,47.0,28.0,29.0,43.0,1.0,35.5,48.0,51.0,33.0,33.0,46.0,2.0,94.66666666666667,91.0,91.0,103.0,103.0,89.0,91.0,98.33333333333333,94.0,94.0,107.0,107.0,93.0,95.0,40.78333333333333,62.0,47.0,29.0,29.7,44.0,33.0,44.0,63.0,51.0,33.0,33.0,47.0,37.0,41.0,62.0,47.0,29.0,30.0,44.0,34.0,44.23333333333333,63.0,52.0,33.4,33.0,47.0,37.0,42.166666666666664,63.0,48.0,30.0,30.0,46.0,36.0,45.666666666666664,64.0,53.0,34.0,34.0,49.5,39.5,44.666666666666664,64.0,51.0,31.0,32.0,48.0,42.0,48.166666666666664,66.0,55.0,36.0,35.0,52.0,45.0,40.0,61.0,47.0,28.0,29.0,43.0,32.0,43.666666666666664,63.0,51.0,33.0,33.0,46.0,36.0,57.666666666666664,77.0,71.0,39.0,41.0,64.0,54.0,60.833333333333336,78.0,74.0,43.0,44.0,68.0,58.0,C_p25,16.8397,2.504003436324083,E1,3.7411592843102905,2.850407073760221,1.7815044211001383,1.7815044211001383,2.731640112353545,2.1378053053201658,1.73201818718069,False,E1,-13.0,2.969174035166897,2.0784218246168282,1.0095191719567451,1.0095191719567451,1.959654863210152,1.3658200561767726,2.63171822188334,4.0,1,1,6,,False,False,False,1.8804768889390349,E1,2.820723138655572,1.633050238169015,1.1876729004865565,1.0689056104379009,2.909798606192063,1.6627420606811791,False
high/IMG_6876-_jpg,IMG_6876-_jpg,high/IMG_6876-_jpg,high,train,2.0,2542,1695,False,oof,dev,3.842,5.026,5.79,3.496,2.185,2.731,3.824,E1-E2,False,False,55.40833333333333,48.5,104.7,52.0,42.0,54.0,31.25,59.574999999999996,52.5,106.7,56.0,47.0,60.0,35.25,60.583333333333336,60.5,107.0,52.0,42.5,54.0,47.5,65.16666666666667,63.5,111.0,56.0,47.0,61.0,52.5,69.625,80.75,108.5,54.0,45.0,58.5,71.0,74.29166666666667,84.75,113.0,59.0,49.0,65.0,75.0,78.91666666666667,90.0,115.0,61.5,52.0,76.0,79.0,83.33333333333333,93.0,119.0,68.0,57.0,80.0,83.0,48.333333333333336,36.0,97.0,51.0,42.0,53.0,11.0,54.0,42.0,99.0,55.0,46.0,60.0,22.0,112.16666666666667,115.0,140.0,118.0,102.0,108.0,90.0,116.33333333333333,118.0,142.0,122.0,109.0,112.0,95.0,52.35,43.0,88.0,52.0,42.0,54.0,35.1,57.01666666666667,48.0,91.0,56.0,47.0,60.0,40.1,57.166666666666664,53.0,89.0,53.0,42.9,54.0,51.1,61.85,57.0,92.0,58.0,47.0,61.0,56.1,65.375,70.0,91.0,59.25,45.0,56.0,71.0,69.58333333333333,73.0,93.25,65.25,49.0,62.0,75.0,79.33333333333333,87.0,102.0,90.5,52.5,65.0,79.0,83.83333333333333,91.0,104.0,95.5,57.5,71.0,84.0,46.666666666666664,36.0,87.0,51.0,42.0,53.0,11.0,52.5,42.0,90.0,55.0,46.0,60.0,22.0,117.0,115.0,139.0,140.0,108.0,107.0,93.0,120.16666666666667,118.0,141.0,142.0,112.0,111.0,97.0,69.83333333333333,86.0,107.0,52.0,42.0,53.0,79.0,74.33333333333333,90.5,111.0,55.0,46.5,60.0,83.0,70.0,86.0,107.0,52.0,42.0,54.0,79.0,74.83333333333333,91.0,111.0,56.0,47.0,60.0,84.0,70.75,88.0,107.0,52.0,42.0,54.0,81.5,75.83333333333333,93.0,112.0,56.0,47.0,61.0,86.0,73.0,92.0,108.0,53.0,43.0,56.0,86.0,77.66666666666667,96.0,113.0,57.0,48.0,62.0,90.0,69.33333333333333,86.0,107.0,51.0,42.0,53.0,77.0,74.0,90.0,111.0,55.0,46.0,60.0,82.0,80.5,105.0,115.0,59.0,49.0,66.0,89.0,85.33333333333333,109.0,118.0,65.0,55.0,71.0,94.0,C_p25,16.8397,4.20138125976116,E2-E3,5.225746301893739,6.35403243525716,3.087940996573573,2.4941061895401937,3.206707957980249,4.839753677322042,3.4293960106177663,False,E1-E2,-13.0,4.4537610527503455,5.582047186113766,2.3159557474301797,1.7221209403968003,2.4347227088368557,4.067768428178649,4.0869899152110225,4.0,1,1,6,frame_uncertain,False,False,False,3.6322895696875035,E1-E2,4.156855151702947,5.760213567359799,2.8504149611677354,2.019043930827146,2.8504149611677354,4.156855151702947,False
high/IMG_6896_jpg,IMG_6896_jpg,high/IMG_6896_jpg,high,train,0.0,2698,1799,True,oof,dev,4.164666666666666,4.274,5.042,2.192,3.178,6.247,4.055,E2-E3,False,False,61.666666666666664,67.2,66.2,44.0,56.0,73.2,63.4,66.5,73.2,70.2,48.0,59.0,76.4,72.2,67.43333333333334,77.4,75.0,44.0,56.0,79.4,72.8,71.8,83.4,77.0,48.0,59.0,83.0,80.4,79.83333333333333,87.0,94.0,45.0,57.0,111.0,85.0,83.54166666666667,91.0,94.0,49.25,61.0,116.0,90.0,91.33333333333333,98.0,100.0,50.0,63.0,127.0,110.0,94.75,101.0,101.0,54.5,66.0,130.0,116.0,56.666666666666664,57.0,58.0,44.0,55.0,67.0,59.0,62.0,63.0,63.0,48.0,58.0,71.0,69.0,155.33333333333334,149.0,149.0,148.0,152.0,177.0,157.0,159.33333333333334,149.0,154.0,154.0,158.0,180.0,161.0,72.875,65.0,93.0,44.0,56.0,116.85,62.4,77.43333333333334,70.95,93.8,48.0,59.0,121.85,71.0,75.45,73.9,94.0,44.0,56.0,117.0,67.8,80.28333333333333,79.9,95.0,49.0,60.0,122.0,75.8,81.625,86.0,96.0,46.75,58.0,121.0,82.0,85.5,90.0,97.0,51.0,62.0,125.0,88.0,93.41666666666667,92.0,110.0,61.5,76.0,132.0,89.0,97.25,95.5,111.0,66.5,80.0,134.5,96.0,70.66666666666667,57.0,93.0,44.0,55.0,116.0,59.0,75.33333333333333,63.0,93.0,48.0,58.0,121.0,69.0,159.5,147.0,149.0,152.0,175.0,177.0,157.0,163.0,147.0,153.0,158.0,179.0,180.0,161.0,77.89999999999999,85.0,93.0,44.0,56.0,116.0,73.4,81.78333333333333,89.0,93.0,48.0,59.0,121.0,80.7,78.7,85.0,93.0,44.0,56.0,116.4,77.8,82.53333333333332,89.0,93.4,48.0,60.0,121.4,83.4,80.16666666666667,87.0,95.0,44.0,56.0,117.0,82.0,84.0,91.0,95.0,48.0,61.0,122.0,87.0,82.16666666666667,90.0,96.0,44.0,57.0,120.0,86.0,86.16666666666667,94.0,96.0,49.0,62.0,124.0,92.0,77.33333333333333,85.0,93.0,44.0,56.0,116.0,70.0,81.33333333333333,89.0,93.0,48.0,59.0,121.0,78.0,95.16666666666667,103.0,107.0,47.0,69.0,143.0,102.0,98.66666666666667,106.0,107.0,52.0,73.0,147.0,107.0,C_p25,16.8397,4.760575703050925,E2-E3,5.166362821190401,5.641430666817104,2.6128731509468697,3.3254749193869246,6.947867242290539,4.869445417673711,3.9885904539075323,False,E1-E2,-13.0,4.3943775720470075,4.869445417673711,1.8408879018034763,2.5534896702435317,6.175881993147146,4.0974601685303185,4.68621943599301,4.0,1,1,6,,False,False,False,4.364685831695339,E2-E3,4.78038342445839,4.899150714507045,2.672264026094752,2.791031316143408,6.235282727554422,4.810075246970554,True
high/IMG_3117_jpg,IMG_3117_jpg,high/IMG_3117_jpg,high,test,0.0,2699,1799,True,oof,dev,1.4275,2.652,1.696,0.0,0.0,1.217,3.0,E1,True,False,36.300000000000004,52.95,42.0,0.0,14.0,47.95,60.900000000000006,37.15833333333333,53.0,43.0,0.0,16.0,49.0,61.95,39.800000000000004,60.0,42.0,0.0,14.0,48.0,74.80000000000001,41.26666666666667,60.900000000000006,43.900000000000006,0.0,17.0,49.0,76.80000000000001,46.333333333333336,72.0,44.0,0.0,18.0,52.0,92.0,47.125,72.0,45.0,0.0,19.0,53.75,93.0,57.0,77.0,52.5,11.0,30.0,72.5,99.0,58.583333333333336,77.0,53.5,15.0,33.0,74.0,99.0,32.0,47.0,42.0,0.0,13.0,46.0,44.0,33.333333333333336,48.0,43.0,0.0,16.0,47.0,46.0,105.66666666666667,105.0,83.0,98.0,90.0,125.0,133.0,107.33333333333333,107.0,84.0,99.0,94.0,126.0,134.0,37.03333333333333,61.6,42.0,0.0,14.0,48.0,56.6,38.03333333333333,61.6,43.0,0.0,16.0,49.0,58.6,40.21666666666667,67.2,42.8,0.0,14.900000000000002,48.0,68.4,41.1,67.2,44.0,0.0,17.0,49.0,69.4,46.333333333333336,73.0,45.0,0.0,18.0,53.0,89.0,47.083333333333336,73.0,46.5,0.0,20.0,54.0,89.0,61.166666666666664,78.0,55.0,14.5,34.5,86.0,99.0,62.5,78.0,56.0,17.5,37.5,87.0,99.0,32.666666666666664,51.0,42.0,0.0,13.0,46.0,44.0,33.833333333333336,51.0,43.0,0.0,16.0,47.0,46.0,116.16666666666667,105.0,105.0,98.0,124.0,132.0,133.0,117.66666666666667,107.0,107.0,99.0,126.0,133.0,134.0,39.06666666666666,42.0,42.0,0.0,13.0,46.7,90.7,40.28333333333333,43.0,43.0,0.0,16.0,48.0,91.7,39.56666666666667,43.0,42.0,0.0,14.0,47.0,91.4,40.56666666666667,43.4,43.0,0.0,16.0,48.0,93.0,40.5,44.0,42.0,0.0,14.0,48.0,95.0,41.75,44.0,44.0,0.0,17.0,49.0,96.5,43.166666666666664,47.0,44.0,0.0,16.0,49.0,103.0,44.166666666666664,48.0,46.0,0.0,17.0,50.0,104.0,38.666666666666664,42.0,42.0,0.0,13.0,46.0,89.0,39.833333333333336,43.0,43.0,0.0,16.0,47.0,90.0,58.5,76.0,56.0,1.0,27.0,58.0,133.0,61.0,78.0,57.0,4.0,33.0,60.0,134.0,C_p25,16.8397,2.4050309684851867,E1,2.6128731509468697,2.4941061895401937,0.0,0.8313687298467312,2.850407073760221,5.641430666817104,1.6330457193417935,False,E1,-13.0,1.8408879018034763,1.7221209403968003,0.0,0.059383480703337946,2.0784218246168282,4.869445417673711,2.7197682739166114,1.0,2,1,6,"gingiva_multi_component,region_zero",False,False,False,2.207086032807393,E1,2.256578510924457,2.5534967360460965,0.1187672900486556,0.3563018701459669,2.1378112208758018,5.819597212384126,False
high/IMG_2550_jpeg,IMG_2550_jpeg,high/IMG_2550_jpeg,high,test,2.0,2698,1799,True,oof,dev,6.941833333333332,6.725,8.731,6.508,5.966,7.376,6.345,E3,False,False,50.866666666666674,35.1,69.0,59.0,54.0,72.0,16.1,55.708333333333336,36.0,74.15,66.0,60.0,76.0,22.1,54.0,39.2,75.6,60.0,54.0,73.0,22.200000000000003,58.88333333333333,41.2,81.6,66.0,60.0,77.3,27.200000000000003,59.416666666666664,44.0,86.0,60.5,55.0,75.0,36.0,64.25,47.0,90.0,67.0,62.0,80.0,39.5,68.0,51.0,95.0,69.0,60.0,84.0,49.0,73.0,54.0,99.5,76.0,67.0,89.5,52.0,47.333333333333336,31.0,66.0,59.0,54.0,71.0,3.0,53.0,31.0,72.0,66.0,60.0,74.0,15.0,113.83333333333333,101.0,131.0,129.0,123.0,106.0,93.0,118.5,105.0,135.0,135.0,128.0,112.0,96.0,53.53333333333333,34.8,85.0,59.0,54.0,72.0,16.4,58.36666666666667,35.8,90.0,66.0,60.0,76.0,22.4,55.800000000000004,39.0,86.0,60.0,54.0,73.0,22.8,60.56666666666667,40.6,90.0,67.0,61.0,77.0,27.8,60.0,44.0,87.0,62.0,55.0,75.0,37.0,64.66666666666667,46.0,92.0,68.0,62.0,79.0,41.0,69.5,50.0,95.5,73.5,68.0,81.0,49.0,74.5,54.0,100.0,81.0,74.0,86.0,52.0,50.5,31.0,85.0,59.0,54.0,71.0,3.0,55.833333333333336,31.0,89.0,66.0,60.0,74.0,15.0,115.33333333333333,100.0,131.0,131.0,129.0,105.0,96.0,120.0,104.0,135.0,135.0,135.0,111.0,100.0,59.5,41.0,85.0,59.0,54.0,71.0,47.0,64.0,45.0,89.0,66.0,60.0,75.0,49.0,59.833333333333336,42.0,85.0,59.0,54.0,72.0,47.0,64.56666666666666,45.4,90.0,66.0,60.0,76.0,50.0,60.75,44.0,86.0,59.5,54.0,73.0,48.0,65.16666666666667,48.0,90.0,66.0,60.0,77.0,50.0,62.5,48.0,88.0,60.0,55.0,74.0,50.0,67.33333333333333,51.0,93.0,67.0,61.0,79.0,53.0,59.166666666666664,40.0,85.0,59.0,54.0,71.0,46.0,63.5,44.0,89.0,66.0,60.0,74.0,48.0,73.16666666666667,59.0,101.0,65.0,58.0,94.0,62.0,77.66666666666667,63.0,105.0,72.0,64.0,97.0,65.0,C_p25,16.8397,3.60754645272778,E1-E2,2.6128731509468697,5.106979340487063,3.5333171018486076,3.206707957980249,4.3349940913436695,2.850407073760221,2.835561203584387,False,E1,-13.0,1.8408879018034763,4.3349940913436695,2.761331852705214,2.4347227088368557,3.5630088422002766,2.0784218246168282,3.4877603944290354,5.0,1,1,6,,False,False,False,3.271040062075532,E1-E2,2.197194865900129,4.453773376824587,4.038087861654292,2.73164767111908,3.652094168996161,2.5534967360460965,False
high/IMG_6806_jpg,IMG_6806_jpg,high/IMG_6806_jpg,high,train,3.0,2698,1799,True,oof,dev,3.1515000000000004,2.636,3.545,3.091,3.455,3.364,2.818,E1-E2,False,False,55.349999999999994,47.7,71.0,63.0,58.0,62.7,29.7,60.06666666666666,51.7,73.0,69.0,63.0,69.0,34.7,58.06666666666666,54.0,71.0,63.0,58.0,63.0,39.4,62.81666666666666,58.0,73.0,69.0,63.5,69.0,44.4,65.33333333333333,64.0,75.0,64.0,59.0,70.5,59.5,69.66666666666667,66.0,77.0,70.0,65.0,77.0,63.0,76.0,70.0,89.0,68.0,67.0,93.0,69.0,79.58333333333333,71.0,91.0,73.0,72.5,98.0,72.0,51.5,42.0,70.0,62.0,57.0,61.0,17.0,56.5,46.0,71.0,68.0,63.0,68.0,23.0,103.5,88.0,112.0,103.0,107.0,117.0,94.0,106.33333333333333,88.0,113.0,108.0,112.0,120.0,97.0,55.63333333333333,48.2,71.0,63.0,58.0,62.0,31.6,60.46666666666667,52.2,73.0,69.0,63.0,69.0,36.6,59.166666666666664,57.400000000000006,71.0,63.0,58.0,63.0,42.6,63.833333333333336,60.400000000000006,73.0,69.0,64.0,69.0,47.6,65.0,65.0,73.0,64.0,60.0,66.0,62.0,68.875,66.0,75.0,70.0,65.0,72.25,65.0,74.0,72.0,80.0,69.5,69.5,79.0,74.0,78.0,74.0,83.0,75.0,74.5,84.5,77.0,51.5,42.0,70.0,62.0,57.0,61.0,17.0,56.5,46.0,71.0,68.0,63.0,68.0,23.0,112.5,110.0,112.0,107.0,113.0,116.0,117.0,115.5,111.0,113.0,111.0,118.0,120.0,120.0,62.833333333333336,64.0,71.0,62.0,57.0,62.0,61.0,66.73333333333333,65.7,72.0,68.0,63.0,68.0,63.7,63.23333333333333,64.0,71.0,63.0,57.4,62.0,62.0,67.39999999999999,66.0,73.0,69.0,63.0,69.0,64.4,64.0,65.0,71.0,63.0,58.0,63.0,64.0,67.75,66.0,73.0,69.0,63.0,69.0,66.5,66.33333333333333,67.0,73.0,63.0,59.0,67.0,69.0,70.0,68.0,75.0,69.0,64.0,73.0,71.0,62.333333333333336,64.0,70.0,62.0,57.0,61.0,60.0,66.16666666666667,65.0,71.0,68.0,63.0,68.0,62.0,78.0,85.0,79.0,66.0,62.0,82.0,94.0,82.16666666666667,87.0,81.0,72.0,67.0,89.0,97.0,C_p25,16.8397,3.8005427650136285,E1-E2,3.8599262457169665,4.216227129936994,3.7411592843102905,3.4442418807936006,3.7411592843102905,3.8005427650136285,3.028557515870235,False,E1-E2,-13.0,3.087940996573573,3.4442418807936006,2.969174035166897,2.6722566316502077,2.969174035166897,3.028557515870235,3.8350689330047176,4.0,1,1,6,,False,False,False,3.8797207392847453,E1-E2,3.622402346483997,4.038087861654292,3.622402346483997,3.919320571605637,4.038087861654292,4.038087861654292,False
high/IMG_6946_jpg,IMG_6946_jpg,high/IMG_6946_jpg,high,test,0.0,2699,1799,True,oof,dev,1.6333333333333335,0.8,1.4,0.7,1.9,2.7,2.3,E1,False,False,36.666666666666664,31.0,32.0,25.0,39.0,49.0,44.0,40.425000000000004,34.0,36.55,32.0,42.0,52.0,46.0,37.0,31.0,33.0,25.0,39.0,49.0,45.0,40.833333333333336,34.0,37.0,32.0,43.0,52.0,47.0,42.666666666666664,50.0,35.0,27.0,42.0,52.0,50.0,46.458333333333336,51.0,39.75,34.0,46.0,55.0,53.0,54.75,63.0,47.0,36.5,51.0,68.0,63.0,58.0,63.0,51.0,43.0,55.0,70.0,66.0,36.0,31.0,31.0,25.0,38.0,48.0,43.0,39.666666666666664,34.0,36.0,32.0,42.0,50.0,44.0,103.16666666666667,98.0,98.0,107.0,117.0,114.0,85.0,106.83333333333333,98.0,104.0,113.0,123.0,115.0,88.0,37.483333333333334,52.9,31.0,32.0,25.0,39.0,45.0,40.65,52.9,34.0,37.0,32.0,42.0,46.0,38.5,57.0,31.0,32.0,25.0,39.0,47.0,42.13333333333333,57.8,34.0,37.0,32.0,43.0,49.0,41.375,60.5,33.75,34.0,27.0,42.0,51.0,44.875,61.0,36.0,39.0,34.0,46.0,53.25,52.166666666666664,67.0,45.5,44.0,40.0,54.0,62.5,55.25,67.0,47.0,48.0,46.0,58.5,65.0,35.833333333333336,47.0,31.0,31.0,25.0,38.0,43.0,39.166666666666664,47.0,34.0,36.0,32.0,42.0,44.0,106.16666666666667,96.0,98.0,97.0,115.0,117.0,114.0,109.33333333333333,96.0,98.0,103.0,121.0,123.0,115.0,36.28333333333333,31.0,31.0,25.0,38.0,48.7,44.0,40.166666666666664,34.0,36.0,32.0,42.0,52.0,45.0,36.5,31.0,32.0,25.0,38.0,49.0,44.0,40.4,34.0,37.0,32.0,42.0,52.0,45.4,37.0,31.0,33.0,25.0,39.0,49.0,45.0,40.666666666666664,34.0,37.5,32.0,42.5,52.0,46.0,38.833333333333336,35.0,34.0,26.0,40.0,51.0,47.0,42.833333333333336,37.0,39.0,33.0,44.0,55.0,49.0,36.0,31.0,31.0,25.0,38.0,48.0,43.0,40.0,34.0,36.0,32.0,42.0,52.0,44.0,51.833333333333336,54.0,46.0,30.0,51.0,67.0,63.0,55.666666666666664,56.0,52.0,37.0,54.0,70.0,65.0,C_p25,16.8397,2.1971887860235038,E1,1.8408879018034763,1.959654863210152,1.4845870175834486,2.3159557474301797,2.909790554463559,2.6722566316502077,1.4252035368801106,False,E1,-13.0,1.0689026526600829,1.1876696140667589,0.7126017684400553,1.5439704982867866,2.1378053053201658,1.9002713825068143,2.504534813390836,3.0,1,1,6,,False,False,False,1.727069563788745,E1,1.306440190535212,1.8408929957541624,1.1876729004865565,1.6627420606811791,2.286270333436621,2.0784275758514736,False
high/IMG_2749-_jpg,IMG_2749-_jpg,high/IMG_2749-_jpg,high,train,2.0,2693,1795,False,oof,dev,1.860833333333333,1.939,2.031,1.801,2.078,1.1,2.216,E1,False,False,37.26666666666667,26.8,43.0,45.0,46.0,35.0,27.8,45.333333333333336,31.0,48.0,57.0,54.0,38.0,44.0,40.53333333333333,35.6,44.0,45.0,46.0,35.0,37.6,48.26666666666667,39.0,49.0,57.0,54.0,38.0,52.6,47.833333333333336,46.0,51.0,48.0,48.0,39.0,55.0,54.5,50.0,56.0,60.0,56.0,43.0,62.0,55.5,49.0,66.0,53.0,50.0,56.0,59.0,62.666666666666664,53.0,71.0,68.0,59.0,60.0,65.0,33.666666666666664,21.0,42.0,44.0,45.0,34.0,16.0,41.833333333333336,23.0,47.0,56.0,54.0,37.0,34.0,89.16666666666667,76.0,93.0,97.0,89.0,98.0,82.0,98.33333333333333,81.0,98.0,115.0,106.0,102.0,88.0,37.291666666666664,26.3,43.0,45.0,46.0,35.0,28.450000000000003,45.333333333333336,31.0,48.0,57.0,54.0,37.55,44.45,40.833333333333336,35.0,44.0,45.2,46.0,35.0,39.800000000000004,48.51666666666667,38.6,48.6,57.0,55.0,38.0,53.900000000000006,47.333333333333336,45.0,48.0,49.0,49.0,37.0,56.0,53.5,48.0,53.0,61.0,56.0,41.0,62.0,55.0,48.0,62.0,58.0,53.0,50.0,59.0,61.666666666666664,52.0,66.0,71.0,62.0,54.0,65.0,33.666666666666664,21.0,42.0,44.0,45.0,34.0,16.0,41.833333333333336,23.0,47.0,56.0,54.0,37.0,34.0,93.0,76.0,93.0,97.0,97.0,97.0,98.0,101.83333333333333,81.0,98.0,115.0,115.0,100.0,102.0,45.0,47.0,43.0,45.0,45.0,35.0,55.0,51.61666666666667,51.0,48.0,56.7,56.0,37.0,61.0,45.23333333333333,47.0,43.0,45.0,46.0,35.0,55.4,51.833333333333336,51.0,48.0,57.0,56.0,37.0,62.0,45.583333333333336,47.0,44.0,45.0,46.0,35.0,56.5,52.25,52.0,48.5,57.0,56.0,38.0,62.0,47.166666666666664,50.0,46.0,46.0,47.0,36.0,58.0,53.833333333333336,55.0,50.0,58.0,57.0,39.0,64.0,44.166666666666664,46.0,42.0,44.0,45.0,34.0,54.0,51.333333333333336,51.0,47.0,56.0,56.0,37.0,61.0,55.166666666666664,60.0,62.0,50.0,54.0,43.0,62.0,63.0,65.0,66.0,62.0,68.0,48.0,69.0,C_p25,16.8397,2.7068969953938216,E1,2.791023593056883,2.6128731509468697,2.6722566316502077,2.731640112353545,2.0784218246168282,3.3551666597385936,1.9349117462504282,False,E1,-13.0,2.0190383439134902,1.8408879018034763,1.9002713825068143,1.959654863210152,1.3064365754734348,2.5831814105952007,2.8078183259498832,5.0,1,2,6,frame_uncertain,False,False,False,2.4941061895401937,E1,2.8504149611677354,2.9691822512163912,2.9691822512163912,2.1378112208758018,1.5439747706325233,2.4941130910217684,False
high/IMG_2616_jpg,IMG_2616_jpg,high/IMG_2616_jpg,high,train,2.0,2699,1799,True,oof,dev,4.4515,5.458,6.042,3.125,2.834,4.25,5.0,E2-E3,False,False,73.825,64.95,116.0,62.0,64.0,104.0,32.0,81.65833333333333,69.95,126.0,71.0,72.0,113.0,38.0,80.63333333333333,74.9,126.0,63.0,64.0,105.9,50.0,88.64999999999999,79.9,138.0,72.0,73.0,115.0,54.0,94.58333333333333,106.75,130.0,66.0,68.0,112.75,84.0,102.91666666666667,110.75,142.0,77.0,79.0,120.75,88.0,116.08333333333333,130.0,149.0,78.0,83.0,136.5,120.0,124.66666666666667,135.5,160.0,90.0,93.5,143.0,126.0,65.16666666666667,53.0,97.0,62.0,63.0,102.0,14.0,73.83333333333333,59.0,107.0,70.0,71.0,111.0,25.0,166.16666666666666,160.0,186.0,152.0,169.0,175.0,155.0,194.16666666666666,165.0,196.0,168.0,178.0,183.0,275.0,76.425,66.3,126.0,62.0,64.0,103.0,37.25,84.34166666666667,71.3,138.0,71.0,72.0,112.0,41.75,82.43333333333334,77.6,127.0,63.0,64.0,104.0,59.0,90.51666666666667,82.6,139.0,72.0,73.0,114.0,62.5,97.04166666666667,110.0,129.0,66.25,70.25,108.75,98.0,105.625,115.0,142.0,78.0,80.0,117.0,101.75,115.08333333333333,132.5,140.0,82.0,88.0,123.0,125.0,124.41666666666667,137.5,153.0,96.0,99.5,130.5,130.0,69.83333333333333,53.0,125.0,62.0,63.0,102.0,14.0,78.83333333333333,59.0,137.0,70.0,71.0,111.0,25.0,178.33333333333334,179.0,184.0,186.0,173.0,175.0,173.0,202.83333333333334,188.0,193.0,196.0,182.0,183.0,275.0,100.16666666666667,128.0,125.0,62.0,63.0,103.0,120.0,108.28333333333335,133.0,137.7,70.0,71.0,112.0,126.0,100.46666666666665,128.4,126.0,62.0,63.0,103.0,120.4,108.83333333333333,134.0,138.0,71.0,71.0,112.0,127.0,101.83333333333333,131.0,127.0,62.0,64.0,105.0,122.0,110.0,136.0,139.0,71.0,72.0,114.0,128.0,104.16666666666667,134.0,129.0,64.0,65.0,108.0,125.0,112.16666666666667,139.0,141.0,73.0,74.0,116.0,130.0,99.83333333333333,127.0,125.0,62.0,63.0,102.0,120.0,107.66666666666667,132.0,137.0,70.0,71.0,111.0,125.0,120.16666666666667,158.0,139.0,72.0,73.0,126.0,153.0,129.0,164.0,152.0,86.0,82.0,135.0,155.0,C_p25,16.8397,6.0472177849565805,E3,7.779235972137271,7.541702049323919,3.6817758036069526,3.8005427650136285,6.235265473850484,7.244784645807229,5.275232535813187,False,E2-E3,-13.0,7.007250722993877,6.769716800180525,2.909790554463559,3.028557515870235,5.46328022470709,6.472799396663836,5.552044947653513,9.0,2,1,6,gingiva_multi_component,False,False,False,5.898759083198234,E2-E3,7.36357198301665,8.49186123847888,3.8005532815569807,3.26610047633803,5.700829922335471,6.769735532773372,False
high/gummy21_JPG,gummy21_JPG,high/gummy21_JPG,high,train,0.0,2698,1799,True,oof,dev,1.3525,0.0,2.328,1.463,1.929,2.395,0.0,E1,True,False,27.416666666666668,20.1,34.1,28.0,30.0,32.0,20.3,27.583333333333332,20.1,35.1,28.0,30.0,32.0,20.3,30.000000000000004,25.400000000000002,36.2,28.0,31.0,32.0,27.400000000000002,30.183333333333334,25.400000000000002,37.0,28.3,31.0,32.0,27.400000000000002,39.166666666666664,44.5,49.0,30.0,32.5,41.0,38.0,39.416666666666664,44.5,49.0,30.0,33.0,41.0,39.0,45.083333333333336,47.0,57.0,33.5,38.0,54.0,41.0,45.916666666666664,47.0,58.0,34.5,38.0,56.0,42.0,23.166666666666668,15.0,33.0,28.0,30.0,30.0,3.0,25.166666666666668,15.0,33.0,28.0,30.0,30.0,15.0,74.33333333333333,61.0,86.0,85.0,86.0,78.0,50.0,74.66666666666667,61.0,86.0,86.0,87.0,78.0,50.0,28.10833333333333,16.7,46.0,28.0,30.0,38.0,9.950000000000001,29.416666666666668,16.85,46.0,28.0,30.0,39.0,16.65,29.483333333333334,17.7,46.0,29.0,31.0,38.3,14.9,30.333333333333332,17.7,46.0,29.0,31.0,40.0,18.3,33.583333333333336,24.25,48.0,31.0,33.0,40.0,25.25,34.083333333333336,24.25,48.0,32.0,33.0,42.0,25.25,42.0,36.0,54.0,40.0,39.0,46.0,37.0,42.333333333333336,36.0,54.0,41.0,39.0,47.0,37.0,26.666666666666668,15.0,46.0,28.0,30.0,38.0,3.0,28.833333333333332,15.0,46.0,28.0,30.0,39.0,15.0,74.16666666666667,61.0,84.0,86.0,86.0,78.0,50.0,74.33333333333333,61.0,84.0,86.0,87.0,78.0,50.0,27.416666666666668,20.1,34.1,28.0,30.0,32.0,20.3,27.583333333333332,20.1,35.1,28.0,30.0,32.0,20.3,30.000000000000004,25.400000000000002,36.2,28.0,31.0,32.0,27.400000000000002,30.183333333333334,25.400000000000002,37.0,28.3,31.0,32.0,27.400000000000002,39.166666666666664,44.5,49.0,30.0,32.5,41.0,38.0,39.416666666666664,44.5,49.0,30.0,33.0,41.0,39.0,45.083333333333336,47.0,57.0,33.5,38.0,54.0,41.0,45.916666666666664,47.0,58.0,34.5,38.0,56.0,42.0,23.166666666666668,15.0,33.0,28.0,30.0,30.0,3.0,25.166666666666668,15.0,33.0,28.0,30.0,30.0,15.0,74.33333333333333,61.0,86.0,85.0,86.0,78.0,50.0,74.66666666666667,61.0,86.0,86.0,87.0,78.0,50.0,C_p25,16.8397,2.325852994214069,E1,2.6425648912985387,2.909790554463559,1.7815044211001383,1.9299631228584833,2.4347227088368557,2.2565722667268417,1.5538677450706762,False,E1,-13.0,1.8705796421551453,2.1378053053201658,1.0095191719567451,1.1579778737150899,1.6627374596934623,1.4845870175834486,2.299084691979869,0.0,1,1,0,zenith_detection_failed,True,False,False,1.9126429409866763,E1,2.197194865900129,1.7815093507298347,1.36582383555954,1.8408929957541624,2.612880381070424,1.677587971937261,True
high/IMG_3172_jpg,IMG_3172_jpg,high/IMG_3172_jpg,high,train,1.0,2698,1799,True,oof,holdout,2.1811666666666665,1.304,3.261,2.174,1.696,2.391,2.261,E1,False,False,44.208333333333336,30.8,34.0,51.0,40.0,59.0,50.45,49.475,37.4,38.0,55.0,44.0,64.0,58.45,47.13333333333333,37.8,35.0,51.0,41.0,61.0,57.0,51.300000000000004,43.8,39.0,55.0,45.0,66.0,59.0,57.416666666666664,60.0,53.25,53.0,45.0,73.0,60.25,61.541666666666664,65.0,57.25,57.0,48.0,78.0,64.0,73.16666666666667,73.0,75.0,62.0,55.0,94.0,80.0,77.25,75.0,79.0,67.5,59.0,100.0,83.0,38.666666666666664,16.0,33.0,51.0,40.0,57.0,35.0,44.5,25.0,37.0,54.0,44.0,63.0,44.0,132.83333333333334,112.0,135.0,155.0,142.0,135.0,118.0,136.66666666666666,115.0,139.0,159.0,145.0,141.0,121.0,44.01666666666667,27.65,34.0,51.0,40.0,58.0,53.45,49.10833333333333,34.65,38.0,55.0,44.0,64.0,59.0,47.18333333333334,38.6,36.0,51.5,41.0,59.0,57.0,51.6,45.6,40.0,55.0,45.0,64.0,60.0,56.833333333333336,64.0,53.0,53.0,45.0,62.75,63.25,61.166666666666664,69.0,57.0,57.0,48.25,68.75,67.0,73.16666666666667,71.5,77.0,66.0,55.5,84.0,85.0,77.25,74.5,81.0,71.0,59.0,89.5,88.5,38.666666666666664,16.0,33.0,51.0,40.0,57.0,35.0,44.5,25.0,37.0,54.0,44.0,63.0,44.0,138.33333333333334,112.0,153.0,155.0,142.0,133.0,135.0,142.83333333333334,115.0,158.0,159.0,145.0,140.0,140.0,51.666666666666664,33.0,71.0,51.0,40.0,58.0,57.0,55.61666666666667,37.0,75.0,55.0,44.0,63.7,59.0,51.73333333333333,33.0,71.4,51.0,40.0,58.0,57.0,55.9,38.0,75.4,55.0,44.0,64.0,59.0,52.666666666666664,34.5,72.5,51.0,41.0,59.0,58.0,56.916666666666664,39.0,76.5,55.0,45.0,65.0,61.0,55.166666666666664,38.0,74.0,52.0,42.0,64.0,61.0,59.333333333333336,42.0,78.0,56.0,46.0,70.0,64.0,51.333333333333336,33.0,71.0,51.0,40.0,57.0,56.0,55.333333333333336,37.0,75.0,54.0,44.0,63.0,59.0,79.5,60.0,99.0,54.0,54.0,100.0,110.0,84.33333333333333,64.0,103.0,60.0,59.0,107.0,113.0,C_p25,16.8397,3.1275299837091315,E1-E2,2.0487300842651592,4.305302350992001,3.028557515870235,2.4347227088368557,3.5036253614969386,3.4442418807936006,2.355544734565738,False,E1,-13.0,1.2767448351217658,3.5333171018486076,2.2565722667268417,1.6627374596934623,2.731640112353545,2.6722566316502077,3.3703603250513403,4.0,1,1,6,,False,False,False,2.3505961111737936,E1,1.4252074805838677,3.3254841213623583,2.0784275758514736,2.1378112208758018,2.345653978460949,2.791031316143408,False
high/IMG_6942_jpg,IMG_6942_jpg,high/IMG_6942_jpg,high,train,4.0,2698,1799,True,oof,dev,4.1033333333333335,3.905,4.524,2.81,3.619,5.952,3.81,E2-E3,False,False,63.18333333333333,27.7,96.0,61.0,72.0,85.7,36.7,65.91666666666667,32.4,96.7,64.0,74.0,87.7,40.7,68.33333333333333,36.0,97.0,61.0,72.4,95.8,47.8,70.46666666666665,40.0,97.0,64.0,75.0,97.4,49.4,82.5,60.5,100.5,62.0,74.0,129.0,69.0,84.33333333333333,62.0,101.0,65.0,76.0,131.0,71.0,96.41666666666667,82.0,115.0,69.5,84.0,138.0,90.0,98.41666666666667,84.0,115.0,72.5,86.0,140.0,93.0,58.166666666666664,20.0,95.0,60.0,72.0,81.0,21.0,61.333333333333336,24.0,96.0,63.0,74.0,83.0,28.0,148.66666666666666,125.0,147.0,140.0,145.0,184.0,151.0,150.66666666666666,126.0,148.0,143.0,149.0,186.0,152.0,63.38333333333333,25.1,82.0,96.0,61.0,72.0,44.2,65.875,30.05,84.0,96.0,64.0,75.0,46.2,67.11666666666666,30.200000000000003,83.0,96.3,61.0,73.0,59.2,69.51666666666667,35.1,84.8,97.0,64.0,75.0,61.2,74.33333333333333,46.5,85.5,98.0,63.0,75.0,78.0,76.375,49.25,87.5,99.0,65.5,76.0,81.0,91.33333333333333,72.0,104.0,104.5,78.0,88.5,101.0,93.16666666666667,74.5,105.0,105.5,80.0,91.0,103.0,58.166666666666664,20.0,81.0,95.0,60.0,72.0,21.0,61.166666666666664,24.0,82.0,96.0,63.0,74.0,28.0,154.5,122.0,146.0,147.0,145.0,183.0,184.0,156.16666666666666,123.0,146.0,148.0,149.0,185.0,186.0,88.33333333333333,82.0,95.0,60.0,72.0,129.0,92.0,90.33333333333333,83.0,96.0,63.0,74.0,131.0,95.0,88.5,82.0,96.0,60.0,72.0,129.0,92.0,90.5,84.0,96.0,63.0,74.0,131.0,95.0,89.33333333333333,83.0,97.0,61.0,72.0,130.0,93.0,91.5,85.0,97.0,64.0,75.0,132.0,96.0,91.33333333333333,87.0,98.0,62.0,73.0,132.0,96.0,93.16666666666667,89.0,99.0,64.0,75.0,134.0,98.0,88.0,81.0,95.0,60.0,72.0,128.0,92.0,90.0,82.0,96.0,63.0,74.0,130.0,95.0,110.33333333333333,125.0,114.0,66.0,80.0,156.0,121.0,112.16666666666667,126.0,115.0,69.0,83.0,157.0,123.0,C_p25,16.8397,5.304924276164856,E2-E3,4.928828898377049,5.76019762822378,3.6223923229036146,4.2756106106403315,7.719852491433933,5.522663705410428,4.532939027021463,False,E2-E3,-13.0,4.1568436492336565,4.988212379080387,2.850407073760221,3.5036253614969386,6.947867242290539,4.750678456267035,4.842752861829937,2.0,1,1,6,,False,False,False,4.305302350992001,E2-E3,3.859936926581309,5.166377117116521,2.73164767111908,3.563018701459669,7.304188337992322,3.2067168313137024,False
high/IMG_2522-_jpg,IMG_2522-_jpg,high/IMG_2522-_jpg,high,train,1.0,2698,1799,True,oof,dev,6.7106666666666674,6.625,7.596,5.711,5.654,7.311,7.367,E3,False,False,93.31666666666666,50.45,125.15,101.0,98.0,117.15,68.15,100.43333333333332,57.3,132.0,108.0,104.0,124.0,77.3,99.69999999999999,71.9,127.0,101.0,98.0,119.0,81.3,106.64999999999999,77.6,133.0,109.0,105.0,125.0,90.3,114.20833333333333,112.5,132.0,103.0,101.0,125.0,111.75,121.33333333333333,118.5,140.0,111.75,108.0,131.0,118.75,128.16666666666666,139.0,140.0,112.5,113.5,135.0,129.0,134.41666666666666,143.0,147.0,120.0,120.5,141.0,135.0,85.33333333333333,27.0,124.0,100.0,97.0,116.0,48.0,93.83333333333333,38.0,131.0,108.0,104.0,123.0,59.0,165.83333333333334,167.0,175.0,160.0,156.0,159.0,178.0,172.33333333333334,171.0,183.0,166.0,164.0,166.0,184.0,92.56666666666666,49.3,125.0,101.0,98.0,117.6,64.5,99.98333333333333,56.65,132.0,109.0,104.0,124.0,74.25,98.35000000000001,69.6,126.0,102.0,98.0,119.0,75.5,105.18333333333334,75.6,132.0,109.0,105.0,125.0,84.5,112.375,109.25,129.75,108.0,101.0,124.0,102.25,119.41666666666667,115.25,136.0,117.0,108.0,131.0,109.25,131.41666666666666,138.0,144.0,132.0,112.0,132.0,130.5,138.08333333333334,142.0,151.0,140.0,120.0,139.0,136.5,85.33333333333333,27.0,124.0,100.0,97.0,116.0,48.0,93.83333333333333,38.0,131.0,108.0,104.0,123.0,59.0,171.16666666666666,166.0,173.0,175.0,158.0,177.0,178.0,177.5,170.0,181.0,183.0,165.0,182.0,184.0,115.28333333333335,124.7,131.0,100.0,97.0,117.0,122.0,122.5,131.0,139.0,108.0,104.0,123.0,130.0,115.83333333333333,125.0,131.0,101.0,98.0,117.0,123.0,123.0,132.0,139.0,108.0,104.0,124.0,131.0,116.83333333333333,126.0,132.0,101.0,98.0,118.0,126.0,123.75,132.5,140.0,108.0,105.0,124.0,133.0,119.33333333333333,130.0,134.0,102.0,99.0,121.0,130.0,125.83333333333333,136.0,142.0,109.0,105.0,127.0,136.0,114.83333333333333,124.0,131.0,100.0,97.0,116.0,121.0,122.33333333333333,131.0,139.0,108.0,104.0,123.0,129.0,139.5,167.0,150.0,106.0,103.0,133.0,178.0,145.66666666666666,171.0,158.0,113.0,109.0,139.0,184.0,C_p25,16.8397,6.937969995506649,E3,7.482318568620581,7.838619452840608,5.997731551037132,5.819581108927118,7.007250722993877,7.482318568620581,6.165984746363256,False,E3,-13.0,6.710333319477187,7.066634203697215,5.225746301893739,5.047595859783725,6.235265473850484,6.710333319477187,6.70403312842215,7.0,1,1,6,,False,False,False,6.9379699955066485,E3,7.185421047943667,7.601106563113961,5.819597212384126,5.552370809774652,7.927716610747765,7.541722918089634,False
high/IMG_3827-_jpg,IMG_3827-_jpg,high/IMG_3827-_jpg,high,train,2.0,2698,1799,True,oof,dev,2.177,1.827,2.101,1.964,2.192,2.923,2.055,E1,False,False,44.199999999999996,29.4,45.4,43.0,43.0,62.0,42.4,48.63333333333333,33.4,50.0,47.0,48.0,67.0,46.4,46.6,34.8,47.0,43.0,43.0,63.0,48.8,50.76666666666667,37.8,51.0,47.0,48.0,68.0,52.8,51.166666666666664,47.0,52.0,46.0,46.0,65.0,51.0,54.833333333333336,49.0,56.0,50.0,50.0,70.0,54.0,63.0,51.0,71.0,58.0,53.0,81.0,64.0,66.66666666666667,53.0,75.0,62.0,57.0,86.0,67.0,42.0,24.0,44.0,43.0,42.0,62.0,37.0,46.333333333333336,29.0,48.0,47.0,47.0,67.0,40.0,115.33333333333333,97.0,134.0,128.0,94.0,135.0,104.0,119.33333333333333,100.0,139.0,131.0,98.0,140.0,108.0,43.80833333333334,28.0,45.0,43.0,43.0,62.0,41.85,48.14166666666667,32.0,49.0,47.0,48.0,67.0,45.85,45.78333333333333,32.0,46.0,43.0,43.0,63.0,47.7,49.949999999999996,35.0,50.0,47.0,48.0,68.0,51.7,51.166666666666664,47.0,50.0,47.0,48.0,65.0,50.0,55.0,49.0,54.0,51.0,52.0,70.0,54.0,61.5,51.0,65.5,54.0,60.5,76.0,62.0,64.83333333333333,52.0,69.5,58.0,64.5,80.0,65.0,41.833333333333336,24.0,43.0,43.0,42.0,62.0,37.0,46.166666666666664,29.0,47.0,47.0,47.0,67.0,40.0,121.83333333333333,94.0,131.0,134.0,133.0,135.0,104.0,126.5,97.0,136.0,139.0,139.0,140.0,108.0,46.78333333333333,39.7,44.0,43.0,42.0,62.0,50.0,50.9,42.7,48.0,47.0,47.7,67.0,53.0,47.56666666666666,42.4,45.0,43.0,43.0,62.0,50.0,51.56666666666666,45.4,49.0,47.0,48.0,67.0,53.0,48.666666666666664,47.0,46.0,43.0,43.0,63.0,50.0,52.583333333333336,49.0,50.0,47.0,48.0,68.0,53.5,50.833333333333336,49.0,49.0,44.0,44.0,64.0,55.0,54.666666666666664,51.0,53.0,48.0,49.0,69.0,58.0,46.0,37.0,43.0,43.0,42.0,62.0,49.0,50.166666666666664,40.0,47.0,47.0,47.0,67.0,53.0,62.666666666666664,61.0,70.0,49.0,49.0,76.0,71.0,66.0,62.0,74.0,53.0,53.0,80.0,74.0,C_p25,16.8397,2.88999606089578,E1,2.791023593056883,2.731640112353545,2.5534896702435317,2.5534896702435317,3.7411592843102905,2.969174035166897,2.1180108117523866,False,E1,-13.0,2.0190383439134902,1.959654863210152,1.7815044211001383,1.7815044211001383,2.969174035166897,2.1971887860235038,3.003485108246042,4.0,1,1,6,,False,False,False,2.7712290994891036,E1,2.4941130910217684,2.761339493631244,2.4941130910217684,2.4941130910217684,3.741169636532653,2.642572203582588,False
high/IMG_2918_jpg,IMG_2918_jpg,high/IMG_2918_jpg,high,train,3.0,2699,1799,True,oof,dev,1.2068333333333332,0.0,1.574,1.22,1.771,2.676,0.0,E1,True,False,36.833333333333336,28.2,39.2,36.0,39.0,40.0,38.6,38.166666666666664,29.2,40.2,37.0,41.0,42.0,39.6,41.5,34.4,41.4,36.0,39.0,40.0,58.2,43.5,36.4,43.0,38.0,41.4,42.0,60.2,48.833333333333336,44.0,51.0,37.0,42.0,47.0,72.0,50.333333333333336,47.0,52.0,38.0,44.0,49.0,72.0,62.5,47.0,70.0,39.0,56.0,86.0,77.0,64.16666666666667,50.0,71.0,41.0,58.0,87.0,78.0,29.166666666666668,21.0,39.0,35.0,38.0,39.0,3.0,32.833333333333336,21.0,40.0,37.0,41.0,41.0,17.0,114.5,66.0,111.0,125.0,140.0,132.0,113.0,116.16666666666667,69.0,111.0,127.0,142.0,133.0,115.0,38.93333333333333,24.1,44.0,36.0,39.0,71.0,19.5,40.875,24.1,47.0,37.15,41.0,71.0,25.0,41.53333333333333,26.2,44.0,36.0,39.0,72.0,32.0,43.23333333333333,26.4,47.0,38.0,42.0,72.0,34.0,48.125,33.0,47.0,38.0,42.0,74.0,54.75,50.0,35.5,49.0,39.75,44.0,75.0,56.75,61.833333333333336,42.0,55.0,47.0,55.0,84.0,88.0,64.0,45.0,57.0,49.0,57.0,85.0,91.0,35.166666666666664,21.0,43.0,35.0,38.0,71.0,3.0,38.833333333333336,21.0,46.0,37.0,41.0,71.0,17.0,115.83333333333333,65.0,109.0,138.0,140.0,132.0,111.0,117.66666666666667,68.0,109.0,140.0,142.0,133.0,114.0,36.833333333333336,28.2,39.2,36.0,39.0,40.0,38.6,38.166666666666664,29.2,40.2,37.0,41.0,42.0,39.6,41.5,34.4,41.4,36.0,39.0,40.0,58.2,43.5,36.4,43.0,38.0,41.4,42.0,60.2,48.833333333333336,44.0,51.0,37.0,42.0,47.0,72.0,50.333333333333336,47.0,52.0,38.0,44.0,49.0,72.0,62.5,47.0,70.0,39.0,56.0,86.0,77.0,64.16666666666667,50.0,71.0,41.0,58.0,87.0,78.0,29.166666666666668,21.0,39.0,35.0,38.0,39.0,3.0,32.833333333333336,21.0,40.0,37.0,41.0,41.0,17.0,114.5,66.0,111.0,125.0,140.0,132.0,113.0,116.16666666666667,69.0,111.0,127.0,142.0,133.0,115.0,C_p25,16.8397,2.89989330767967,E1,2.6128731509468697,3.028557515870235,2.1971887860235038,2.4941061895401937,2.791023593056883,4.2756106106403315,2.1279080585362764,False,E1,-13.0,1.8408879018034763,2.2565722667268417,1.4252035368801106,1.7221209403968003,2.0190383439134902,3.5036253614969386,2.8665183606387306,2.0,1,1,0,zenith_detection_failed,True,False,False,1.7716071743162483,E1,0.3563018701459669,2.375345800973113,1.5439747706325233,1.9596602858028185,3.859936926581309,0.5344528052189504,True
high/IMG_8607_jpg,IMG_8607_jpg,high/IMG_8607_jpg,high,train,0.0,2588,1726,False,oof,dev,5.020833333333333,3.75,6.875,4.875,5.25,6.125,3.25,E2-E3,False,False,67.64999999999999,38.0,99.45,70.0,82.0,93.0,23.45,71.31666666666666,40.0,100.45,76.0,85.0,96.0,30.45,71.31666666666666,46.0,105.0,70.0,83.0,93.0,30.9,74.81666666666666,48.0,107.0,76.0,85.0,96.0,36.9,79.04166666666667,66.0,106.0,72.0,86.0,99.0,45.25,82.54166666666667,67.5,108.25,78.0,89.0,102.0,50.5,91.91666666666667,75.0,113.0,83.5,94.0,122.0,64.0,95.0,76.0,115.5,88.5,96.0,125.0,69.0,63.166666666666664,30.0,94.0,69.0,82.0,93.0,11.0,66.66666666666667,31.0,95.0,75.0,85.0,95.0,19.0,139.0,97.0,157.0,161.0,141.0,168.0,110.0,142.33333333333334,98.0,160.0,164.0,148.0,170.0,114.0,61.99166666666667,34.65,68.0,70.0,82.0,93.0,24.3,65.3,35.65,69.0,76.0,85.0,95.0,31.15,64.88333333333334,40.3,71.0,70.0,83.0,93.0,32.0,68.21666666666667,42.3,72.0,76.0,85.0,96.0,38.0,74.70833333333333,53.25,93.5,73.0,86.0,95.75,46.75,78.20833333333333,56.25,94.5,78.0,89.0,98.75,52.75,90.0,73.5,107.0,86.0,96.0,112.5,65.0,93.08333333333333,75.5,109.0,91.0,99.0,115.0,69.0,58.5,30.0,66.0,69.0,82.0,93.0,11.0,62.0,31.0,67.0,75.0,85.0,95.0,19.0,146.16666666666666,95.0,160.0,161.0,167.0,168.0,126.0,148.83333333333334,97.0,163.0,164.0,169.0,170.0,130.0,80.16666666666667,67.0,105.0,70.0,82.0,93.0,64.0,83.10000000000001,68.0,107.0,75.6,85.0,95.0,68.0,80.16666666666667,67.0,105.0,70.0,82.0,93.0,64.0,83.36666666666666,68.0,108.0,76.0,85.0,95.0,68.2,80.66666666666667,68.0,105.0,70.0,83.0,93.0,65.0,83.83333333333333,69.0,108.0,76.0,85.0,96.0,69.0,83.16666666666667,74.0,106.0,71.0,84.0,95.0,69.0,86.33333333333333,75.0,109.0,76.0,87.0,98.0,73.0,79.5,66.0,104.0,69.0,82.0,93.0,63.0,82.66666666666667,67.0,107.0,75.0,85.0,95.0,67.0,96.5,97.0,116.0,77.0,92.0,120.0,77.0,100.0,98.0,121.0,82.0,95.0,123.0,81.0,C_p25,16.8397,4.790267443402595,E2-E3,4.0380766878269805,6.235265473850484,4.1568436492336565,4.928828898377049,5.522663705410428,3.8599262457169665,4.018282194259201,False,E2-E3,-13.0,3.266091438683587,5.46328022470709,3.3848584000902626,4.1568436492336565,4.750678456267035,3.087940996573573,4.639748575197673,3.0,1,1,6,frame_uncertain,False,False,False,4.354788584911449,E2-E3,3.8005532815569807,5.344528052189504,4.216238796727276,4.691307956921898,5.700829922335471,2.375345800973113,False
high/IMG_6773_jpg,IMG_6773_jpg,high/IMG_6773_jpg,high,test,3.0,2698,1799,True,oof,dev,0.6106666666666666,0.733,2.094,0.837,0.0,0.0,0.0,E1,True,False,25.683333333333334,33.0,39.0,22.0,32.0,28.1,0.0,26.349999999999998,33.0,40.0,25.0,32.0,28.1,0.0,26.53333333333333,34.0,39.2,23.0,34.0,29.0,0.0,27.333333333333332,34.0,41.0,26.0,34.0,29.0,0.0,28.333333333333332,37.0,42.0,26.0,36.0,29.0,0.0,29.166666666666668,37.0,44.0,29.0,36.0,29.0,0.0,34.166666666666664,40.0,50.0,33.0,43.0,31.0,8.0,35.0,41.0,52.0,33.0,43.0,31.0,10.0,25.0,32.0,38.0,22.0,30.0,28.0,0.0,25.666666666666668,32.0,39.0,25.0,30.0,28.0,0.0,55.5,58.0,66.0,66.0,64.0,44.0,35.0,56.0,59.0,66.0,68.0,64.0,44.0,35.0,23.233333333333334,33.0,38.8,23.0,29.0,0.0,15.6,23.766666666666666,33.0,40.0,25.0,29.0,0.0,15.6,23.733333333333334,34.0,39.0,23.2,29.0,0.0,17.2,24.7,34.0,41.0,27.0,29.0,0.0,17.2,26.666666666666668,37.0,42.0,30.0,30.0,0.0,21.0,27.333333333333332,38.0,44.0,31.0,30.0,0.0,21.0,31.333333333333332,41.0,49.0,34.0,32.0,4.0,28.0,32.5,41.0,51.0,35.0,32.0,8.0,28.0,22.166666666666668,32.0,38.0,22.0,28.0,0.0,13.0,22.833333333333332,32.0,39.0,25.0,28.0,0.0,13.0,56.666666666666664,66.0,66.0,66.0,64.0,43.0,35.0,57.333333333333336,66.0,68.0,68.0,64.0,43.0,35.0,25.683333333333334,33.0,39.0,22.0,32.0,28.1,0.0,26.349999999999998,33.0,40.0,25.0,32.0,28.1,0.0,26.53333333333333,34.0,39.2,23.0,34.0,29.0,0.0,27.333333333333332,34.0,41.0,26.0,34.0,29.0,0.0,28.333333333333332,37.0,42.0,26.0,36.0,29.0,0.0,29.166666666666668,37.0,44.0,29.0,36.0,29.0,0.0,34.166666666666664,40.0,50.0,33.0,43.0,31.0,8.0,35.0,41.0,52.0,33.0,43.0,31.0,10.0,25.0,32.0,38.0,22.0,30.0,28.0,0.0,25.666666666666668,32.0,39.0,25.0,30.0,28.0,0.0,55.5,58.0,66.0,66.0,64.0,44.0,35.0,56.0,59.0,66.0,68.0,64.0,44.0,35.0,C_p25,16.8397,1.6825319532612417,E1,2.1971887860235038,2.4941061895401937,1.5439704982867866,2.1378053053201658,1.7221209403968003,0.0,0.9105467041178484,False,E1,-13.0,1.4252035368801106,1.7221209403968003,0.7719852491433933,1.3658200561767726,0.9501356912534071,0.0,1.6631676495173522,0.0,3,1,0,"gingiva_multi_component,region_zero,zenith_detection_failed",True,False,False,1.2990136403855175,E1,1.0837515216939828,2.5534967360460965,1.5439747706325233,1.0689056104379009,1.0689056104379009,0.4750691601946226,True
high/IMG_8552_jpg,IMG_8552_jpg,high/IMG_8552_jpg,high,test,2.0,2699,1799,True,oof,dev,1.649166666666667,0.0,0.579,0.947,2.474,3.316,2.579,E1,True,False,36.199999999999996,12.0,30.0,31.0,50.0,64.0,30.200000000000003,40.199999999999996,14.0,33.0,36.0,56.0,69.0,33.2,38.733333333333334,12.0,32.0,31.0,51.0,65.0,41.400000000000006,42.46666666666667,14.0,34.0,36.0,57.0,69.0,44.800000000000004,48.916666666666664,29.75,46.0,34.0,56.0,70.75,57.0,53.125,30.75,49.0,39.0,62.0,76.0,62.0,66.5,54.0,76.0,42.0,60.0,93.0,74.0,70.16666666666667,55.0,78.0,47.0,65.0,99.0,77.0,30.666666666666668,11.0,29.0,30.0,49.0,63.0,2.0,36.5,13.0,31.0,35.0,54.0,68.0,18.0,106.5,75.0,112.0,117.0,117.0,122.0,96.0,110.16666666666667,75.0,116.0,122.0,122.0,127.0,99.0,36.5,12.0,30.0,31.0,50.0,64.0,32.0,40.333333333333336,14.0,32.0,36.0,56.0,69.0,35.0,39.166666666666664,13.0,31.0,31.0,51.0,64.0,45.0,43.300000000000004,15.0,33.8,36.0,57.0,69.0,49.0,48.416666666666664,34.0,38.5,35.0,57.0,68.0,58.0,52.458333333333336,35.0,41.0,40.0,63.0,72.75,63.0,64.33333333333333,60.0,61.0,46.0,60.0,82.0,77.0,68.5,60.0,64.0,52.0,66.0,88.0,81.0,30.666666666666668,11.0,29.0,30.0,49.0,63.0,2.0,36.5,13.0,31.0,35.0,54.0,68.0,18.0,114.5,98.0,110.0,117.0,118.0,122.0,122.0,119.0,101.0,114.0,121.0,124.0,127.0,127.0,39.9,11.7,29.0,30.0,49.0,63.7,56.0,43.73333333333333,13.7,31.0,35.0,54.7,68.0,60.0,40.166666666666664,12.0,30.0,30.0,49.0,64.0,56.0,44.333333333333336,14.0,32.0,35.0,55.0,69.0,61.0,41.25,12.0,32.0,31.0,51.0,64.5,57.0,45.166666666666664,14.0,34.0,36.0,56.0,69.0,62.0,44.5,17.0,36.0,32.0,53.0,66.0,63.0,48.666666666666664,18.0,39.0,37.0,59.0,71.0,68.0,39.5,11.0,29.0,30.0,49.0,63.0,55.0,43.5,13.0,31.0,35.0,54.0,68.0,60.0,66.16666666666667,59.0,59.0,40.0,72.0,77.0,90.0,69.83333333333333,59.0,62.0,45.0,76.0,83.0,94.0,C_p25,16.8397,2.44956857901269,E1,0.7126017684400553,1.9002713825068143,1.8408879018034763,3.028557515870235,3.8302345053652975,3.3848584000902626,1.6775833298692968,False,E1,-13.0,0.0,1.1282861333634209,1.0689026526600829,2.2565722667268417,3.058249256221904,2.6128731509468697,2.8714100301961345,5.0,1,1,6,,False,False,False,1.9349117462504282,E1,0.5344528052189504,1.1876729004865565,1.6033584156568512,1.9002766407784903,3.384867766386686,2.998874073728555,False
high/IMG_8587_jpg,IMG_8587_jpg,high/IMG_8587_jpg,high,valid,1.0,2698,1799,True,oof,dev,2.5841666666666665,3.101,3.659,1.985,1.054,2.729,2.977,E1,False,False,45.68333333333334,34.0,67.0,42.0,27.0,54.0,50.1,48.35,37.0,68.0,45.0,30.0,56.0,54.1,47.51666666666667,39.1,67.0,42.0,28.0,55.0,54.0,49.86666666666667,42.2,68.0,45.0,30.0,57.0,57.0,54.333333333333336,54.0,72.0,47.0,31.0,63.0,59.0,56.708333333333336,56.0,73.0,50.0,34.0,65.0,62.25,71.25,61.0,85.0,63.5,48.0,95.0,75.0,74.33333333333333,63.0,87.0,67.0,52.0,99.0,78.0,41.333333333333336,29.0,65.0,41.0,27.0,53.0,33.0,44.666666666666664,32.0,67.0,44.0,30.0,55.0,40.0,119.5,114.0,128.0,107.0,117.0,136.0,115.0,122.0,116.0,130.0,110.0,121.0,137.0,118.0,42.81666666666667,35.3,42.0,27.0,54.0,53.9,44.7,46.00833333333333,39.3,45.0,30.0,56.0,56.9,48.85,46.550000000000004,45.6,44.0,28.0,55.0,54.0,52.7,49.63333333333333,48.6,47.8,30.0,57.0,57.0,57.400000000000006,55.291666666666664,58.0,56.5,31.0,58.0,59.0,69.25,57.833333333333336,59.0,60.0,34.0,59.0,62.0,73.0,71.33333333333333,70.0,74.0,49.0,71.0,86.0,78.0,74.16666666666667,72.0,76.0,53.0,74.0,89.0,81.0,39.333333333333336,29.0,41.0,27.0,53.0,53.0,33.0,42.833333333333336,32.0,44.0,30.0,55.0,56.0,40.0,126.83333333333333,128.0,128.0,119.0,135.0,136.0,115.0,129.0,130.0,129.0,124.0,136.0,137.0,118.0,50.0,58.0,67.0,41.0,27.0,54.0,53.0,51.949999999999996,59.0,67.0,44.0,30.0,55.7,56.0,50.23333333333333,58.0,67.0,41.4,27.0,54.0,54.0,52.5,59.0,68.0,45.0,30.0,56.0,57.0,50.916666666666664,59.0,67.5,42.0,27.0,55.0,55.0,53.0,60.0,68.0,45.0,30.0,57.0,58.0,54.0,62.0,70.0,44.0,29.0,58.0,61.0,56.333333333333336,64.0,71.0,47.0,32.0,60.0,64.0,49.833333333333336,58.0,67.0,41.0,27.0,53.0,53.0,51.833333333333336,59.0,67.0,44.0,30.0,55.0,56.0,82.16666666666667,114.0,82.0,51.0,35.0,99.0,112.0,84.83333333333333,116.0,83.0,55.0,40.0,100.0,115.0,C_p25,16.8397,3.0236088924782902,E1-E2,3.5036253614969386,4.008384947475311,2.4941061895401937,1.6033539789901246,3.266091438683587,3.266091438683587,2.251623643334897,False,E1,-13.0,2.731640112353545,3.236399698331918,1.7221209403968003,0.8313687298467312,2.4941061895401937,2.4941061895401937,3.189368551427393,3.0,1,1,6,,False,False,False,2.692051125217987,E1,3.26610047633803,2.672264026094752,2.3159621559487853,1.7221257057055068,2.9691822512163912,3.2067168313137024,False
high/IMG_6905_jpg,IMG_6905_jpg,high/IMG_6905_jpg,high,train,2.0,2698,1799,True,oof,dev,0.6805,0.0,0.0,0.419,0.837,1.361,1.466,E1,True,False,19.108333333333334,16.0,6.0,0.0,26.0,38.0,28.65,20.108333333333334,17.0,6.0,0.0,28.0,40.0,29.65,20.98333333333333,16.6,7.0,0.0,27.0,38.0,37.3,22.149999999999995,17.3,7.0,0.0,29.3,40.0,39.3,27.5,26.0,11.0,6.0,30.0,43.0,49.0,29.666666666666668,26.0,11.0,14.0,32.0,45.0,50.0,43.0,38.5,36.0,26.0,39.5,60.0,58.0,44.333333333333336,38.5,36.0,28.0,41.5,63.0,59.0,16.666666666666668,15.0,6.0,0.0,26.0,37.0,16.0,17.833333333333332,16.0,6.0,0.0,28.0,39.0,18.0,87.5,65.0,69.0,93.0,104.0,98.0,96.0,88.33333333333333,65.0,69.0,94.0,106.0,99.0,97.0,19.116666666666667,16.0,6.0,0.0,26.0,38.0,28.7,20.033333333333335,17.0,6.0,0.0,28.450000000000003,39.05,29.7,21.233333333333334,18.0,7.0,0.0,27.0,38.0,37.4,22.516666666666666,18.7,7.0,0.0,30.0,40.0,39.4,27.208333333333332,27.0,9.0,7.0,30.25,41.0,49.0,29.291666666666668,27.0,9.25,15.0,32.25,42.25,50.0,42.916666666666664,42.0,30.5,29.5,44.0,53.5,58.0,43.833333333333336,42.0,30.5,30.0,46.0,55.5,59.0,16.666666666666668,15.0,6.0,0.0,26.0,37.0,16.0,17.833333333333332,16.0,6.0,0.0,28.0,39.0,18.0,90.0,65.0,72.0,104.0,104.0,98.0,97.0,91.0,65.0,72.0,106.0,106.0,99.0,98.0,22.0,16.0,6.0,0.0,26.0,37.0,47.0,22.833333333333332,16.0,6.0,0.0,28.0,39.0,48.0,22.333333333333332,16.0,6.0,0.0,26.0,38.0,48.0,23.066666666666666,16.4,6.0,0.0,28.0,39.0,49.0,23.0,16.0,7.0,0.0,27.0,38.0,50.0,24.0,17.0,7.0,0.0,29.0,40.0,51.0,25.333333333333332,21.0,8.0,0.0,28.0,40.0,55.0,26.166666666666668,21.0,8.0,0.0,30.0,42.0,56.0,21.666666666666668,15.0,6.0,0.0,26.0,37.0,46.0,22.666666666666668,16.0,6.0,0.0,28.0,39.0,47.0,45.666666666666664,65.0,31.0,20.0,32.0,49.0,77.0,47.0,65.0,31.0,22.0,35.0,51.0,78.0,C_p25,16.8397,1.3658200561767726,E1,0.9501356912534071,0.4156843649233656,0.0,1.6033539789901246,2.2565722667268417,2.969174035166897,0.5938348070333794,False,E1,-13.0,0.17815044211001382,0.0,0.0,0.8313687298467312,1.4845870175834486,2.1971887860235038,1.6142509539433125,1.0,2,1,6,gingiva_multi_component,False,False,False,0.6829100280883863,E1,0.3563018701459669,0.2969182251216391,0.1781509350729834,0.4750691601946226,1.2470565455108842,1.5439747706325233,False
high/IMG_2641_jpg,IMG_2641_jpg,high/IMG_2641_jpg,high,test,2.0,2699,1799,True,oof,dev,3.7716666666666665,3.89,5.741,2.562,2.704,2.609,5.124,E1-E2,False,False,60.78333333333333,67.9,106.9,48.0,61.0,55.0,25.9,68.1,74.9,115.8,59.0,68.0,62.0,28.9,66.9,80.8,117.0,49.0,61.0,56.0,37.6,73.9,87.8,124.0,60.0,68.0,63.0,40.6,73.58333333333333,85.5,119.0,51.0,65.0,58.0,63.0,81.33333333333333,93.0,126.0,62.0,72.0,65.0,70.0,91.0,100.0,128.0,61.0,77.0,88.0,92.0,98.33333333333333,108.0,135.0,70.0,84.0,95.0,98.0,51.833333333333336,52.0,92.0,47.0,60.0,55.0,5.0,61.333333333333336,60.0,101.0,59.0,67.0,62.0,19.0,153.0,169.0,170.0,140.0,150.0,151.0,138.0,160.5,175.0,176.0,149.0,159.0,158.0,146.0,62.01666666666667,68.1,117.0,48.0,61.0,55.0,23.0,69.35000000000001,75.1,125.0,59.0,68.0,62.0,27.0,66.53333333333333,81.2,118.0,49.0,62.0,56.0,33.0,73.36666666666666,88.2,125.0,60.0,68.0,63.0,36.0,73.29166666666667,86.0,119.0,53.75,67.0,57.0,57.0,80.54166666666667,93.5,127.0,63.75,73.0,65.0,61.0,91.5,100.0,128.0,70.0,86.0,68.0,97.0,98.66666666666667,108.0,135.0,79.0,94.0,75.0,101.0,55.833333333333336,52.0,116.0,47.0,60.0,55.0,5.0,65.16666666666667,60.0,124.0,59.0,67.0,62.0,19.0,154.16666666666666,169.0,170.0,150.0,151.0,150.0,135.0,161.5,175.0,176.0,159.0,159.0,157.0,143.0,60.78333333333333,67.9,106.9,48.0,61.0,55.0,25.9,68.1,74.9,115.8,59.0,68.0,62.0,28.9,66.9,80.8,117.0,49.0,61.0,56.0,37.6,73.9,87.8,124.0,60.0,68.0,63.0,40.6,73.58333333333333,85.5,119.0,51.0,65.0,58.0,63.0,81.33333333333333,93.0,126.0,62.0,72.0,65.0,70.0,91.0,100.0,128.0,61.0,77.0,88.0,92.0,98.33333333333333,108.0,135.0,70.0,84.0,95.0,98.0,51.833333333333336,52.0,92.0,47.0,60.0,55.0,5.0,61.333333333333336,60.0,101.0,59.0,67.0,62.0,19.0,153.0,169.0,170.0,140.0,150.0,151.0,138.0,160.5,175.0,176.0,149.0,159.0,158.0,146.0,C_p25,16.8397,4.369634455087283,E2-E3,5.077287600135394,7.066634203697215,3.028557515870235,3.8599262457169665,3.4442418807936006,3.7411592843102905,3.59764920594389,False,E1-E2,-13.0,4.305302350992001,6.294648954553822,2.2565722667268417,3.087940996573573,2.6722566316502077,2.969174035166897,4.319344219187712,8.0,1,1,0,zenith_detection_failed,True,False,False,4.295405104208111,E2-E3,4.394389731800259,5.938364502432783,3.028565896240719,3.028565896240719,2.672264026094752,6.710351887749044,False
high/IMG_8611_jpg,IMG_8611_jpg,high/IMG_8611_jpg,high,test,4.0,2699,1799,True,oof,holdout,2.492833333333333,1.6,1.612,2.543,2.295,4.302,2.605,E1,False,False,37.324999999999996,37.0,30.0,51.0,40.0,50.0,15.95,39.49166666666667,38.0,32.95,52.0,42.0,51.0,21.0,40.483333333333334,43.0,31.0,51.0,40.0,55.0,22.9,42.65,43.0,34.0,52.0,42.0,57.0,27.9,48.75,53.0,41.75,52.0,42.0,63.0,40.75,50.208333333333336,54.0,44.5,53.0,42.0,65.0,42.75,61.166666666666664,68.0,51.0,61.0,60.0,69.0,58.0,62.583333333333336,70.0,53.0,62.5,61.0,71.0,58.0,33.5,28.0,29.0,50.0,39.0,45.0,10.0,35.833333333333336,29.0,31.0,51.0,41.0,46.0,17.0,100.33333333333333,78.0,86.0,104.0,103.0,110.0,121.0,101.83333333333333,80.0,87.0,106.0,103.0,112.0,123.0,39.766666666666666,40.3,29.6,51.0,40.0,62.0,15.7,41.88333333333333,40.3,32.0,52.0,42.0,64.0,21.0,41.9,45.0,31.0,51.0,40.0,62.0,22.4,44.099999999999994,46.0,33.2,52.0,42.0,64.0,27.4,47.583333333333336,49.0,38.0,52.0,42.0,65.0,39.5,49.125,51.0,41.0,53.0,42.0,66.25,41.5,61.25,64.0,64.0,61.5,49.0,72.0,57.0,62.416666666666664,66.0,65.0,62.5,50.0,73.0,58.0,36.166666666666664,28.0,29.0,50.0,39.0,61.0,10.0,38.666666666666664,29.0,31.0,51.0,41.0,63.0,17.0,106.0,85.0,104.0,104.0,103.0,119.0,121.0,107.0,85.0,105.0,106.0,103.0,120.0,123.0,46.949999999999996,45.0,29.0,50.7,40.0,62.0,55.0,48.333333333333336,47.0,32.0,51.0,41.0,64.0,55.0,47.0,45.0,29.0,51.0,40.0,62.0,55.0,48.56666666666666,48.0,32.0,51.0,41.4,64.0,55.0,47.416666666666664,45.0,31.0,51.0,40.0,62.5,55.0,49.083333333333336,48.0,33.5,52.0,42.0,64.0,55.0,50.0,50.0,34.0,52.0,41.0,65.0,58.0,51.333333333333336,53.0,37.0,52.0,42.0,66.0,58.0,46.333333333333336,44.0,29.0,50.0,39.0,61.0,55.0,48.0,47.0,31.0,51.0,41.0,63.0,55.0,60.333333333333336,67.0,56.0,55.0,48.0,72.0,64.0,61.333333333333336,69.0,57.0,56.0,49.0,73.0,64.0,C_p25,16.8397,2.8157667100166073,E1,2.6722566316502077,1.8408879018034763,3.028557515870235,2.3753392281335177,3.7114675439586216,3.266091438683587,2.043781460873214,False,E1,-13.0,1.9002713825068143,1.0689026526600829,2.2565722667268417,1.6033539789901246,2.939482294815228,2.4941061895401937,2.8616266910813266,1.0,1,1,6,,False,False,False,2.3060585006462904,E1,2.5534967360460965,1.8408929957541624,1.9596602858028185,2.197194865900129,3.384867766386686,1.9002766407784903,True
high/IMG_6791_jpg,IMG_6791_jpg,high/IMG_6791_jpg,high,test,2.0,2696,1798,True,oof,dev,2.2581666666666664,2.176,1.879,0.989,1.78,2.868,3.857,E1,False,False,39.93333333333333,37.2,44.0,29.0,44.0,53.6,31.8,43.46666666666667,41.6,46.0,32.0,47.0,56.0,38.2,44.03333333333333,43.0,44.0,29.0,45.0,54.0,49.2,47.56666666666666,47.0,46.0,32.0,48.0,56.2,56.2,50.833333333333336,47.0,47.0,32.0,46.0,60.0,73.0,53.666666666666664,50.0,49.0,35.0,49.0,63.0,76.0,59.5,52.0,55.0,41.0,50.0,77.0,82.0,62.5,54.0,57.0,44.0,54.0,80.0,86.0,33.333333333333336,28.0,44.0,28.0,43.0,53.0,4.0,39.166666666666664,34.0,46.0,31.0,47.0,55.0,22.0,91.66666666666667,83.0,74.0,100.0,91.0,94.0,108.0,94.5,86.0,77.0,101.0,94.0,98.0,111.0,39.291666666666664,33.0,47.0,29.0,44.35,54.0,28.4,42.76666666666667,38.0,49.0,32.0,47.0,56.0,34.6,42.86666666666667,36.0,48.0,31.0,45.0,54.0,43.2,46.699999999999996,41.0,50.0,34.0,48.0,57.0,50.2,51.333333333333336,43.0,49.0,39.0,46.0,64.0,67.0,54.333333333333336,47.0,51.0,42.0,49.0,66.0,71.0,60.333333333333336,47.0,55.0,47.0,53.0,81.0,79.0,63.416666666666664,51.0,57.0,50.0,55.5,84.0,83.0,33.833333333333336,28.0,47.0,28.0,43.0,53.0,4.0,39.666666666666664,34.0,49.0,31.0,47.0,55.0,22.0,96.33333333333333,82.0,83.0,98.0,100.0,108.0,107.0,98.66666666666667,85.0,86.0,99.0,101.0,111.0,110.0,47.28333333333333,33.7,44.0,29.0,44.0,53.0,80.0,50.23333333333333,38.7,46.0,31.0,47.0,55.7,83.0,47.800000000000004,36.8,44.0,29.0,44.0,53.0,80.0,51.03333333333334,41.4,46.0,32.0,47.4,56.0,83.4,49.416666666666664,43.0,44.0,29.0,45.0,54.0,81.5,52.25,47.0,46.0,32.0,48.0,56.0,84.5,51.5,46.0,46.0,31.0,46.0,57.0,83.0,54.5,50.0,48.0,34.0,49.0,59.0,87.0,46.5,31.0,44.0,28.0,43.0,53.0,80.0,49.666666666666664,36.0,46.0,31.0,47.0,55.0,83.0,63.666666666666664,71.0,52.0,37.0,53.0,72.0,97.0,66.33333333333333,74.0,54.0,39.0,56.0,75.0,100.0,C_p25,16.8397,2.9345336714232833,E1,2.5534896702435317,2.6128731509468697,1.7221209403968003,2.6722566316502077,3.206707957980249,4.839753677322042,2.16254842227989,False,E1,-13.0,1.7815044211001383,1.8408879018034763,0.9501356912534071,1.9002713825068143,2.4347227088368557,4.067768428178649,2.983918430016426,3.0,1,1,6,,False,False,False,2.6772052550421526,E1,2.256578510924457,1.989352108314982,1.9596602858028185,2.019043930827146,3.2067168313137024,4.631924311897571,False
high/IMG_7322_jpg,IMG_7322_jpg,high/IMG_7322_jpg,high,valid,4.0,2696,1798,True,oof,holdout,1.3955000000000002,2.982,1.988,0.0,0.0,1.104,2.299,E1,True,False,16.266666666666666,43.1,18.400000000000002,0.0,0.0,0.0,36.1,17.266666666666666,43.1,24.400000000000002,0.0,0.0,0.0,36.1,22.26666666666667,50.2,34.2,0.0,0.0,4.200000000000022,45.0,22.76666666666667,50.2,37.0,0.0,0.0,4.200000000000022,45.2,27.5,57.0,37.0,0.0,0.0,24.0,47.0,28.5,59.0,40.0,0.0,0.0,24.0,48.0,32.833333333333336,64.0,48.0,0.0,0.0,30.0,55.0,33.166666666666664,64.0,50.0,0.0,0.0,30.0,55.0,10.166666666666666,38.0,0.0,0.0,0.0,0.0,23.0,10.333333333333334,38.0,0.0,0.0,0.0,0.0,24.0,69.83333333333333,88.0,81.0,48.0,48.0,65.0,89.0,70.0,88.0,82.0,48.0,48.0,65.0,89.0,26.974999999999998,40.35,56.0,35.0,0.0,0.0,30.5,27.641666666666666,40.35,58.0,37.0,0.0,0.0,30.5,28.916666666666668,44.0,57.0,36.0,0.0,0.0,36.5,29.416666666666668,44.0,58.0,38.0,0.0,0.0,36.5,34.083333333333336,57.75,58.0,38.0,0.0,0.0,50.75,34.583333333333336,57.75,59.0,40.0,0.0,0.0,50.75,44.833333333333336,69.0,62.0,46.0,0.0,27.0,65.0,45.333333333333336,69.0,63.0,48.0,0.0,27.0,65.0,25.166666666666668,38.0,56.0,34.0,0.0,0.0,23.0,26.0,38.0,58.0,36.0,0.0,0.0,24.0,81.5,86.0,88.0,80.0,57.0,89.0,89.0,82.16666666666667,86.0,88.0,82.0,59.0,89.0,89.0,26.5,56.0,35.0,0.0,0.0,22.0,46.0,27.166666666666668,58.0,37.0,0.0,0.0,22.0,46.0,26.666666666666668,57.0,35.0,0.0,0.0,22.0,46.0,27.166666666666668,58.0,37.0,0.0,0.0,22.0,46.0,27.166666666666668,57.0,36.0,0.0,0.0,23.0,47.0,27.916666666666668,59.0,38.5,0.0,0.0,23.0,47.0,28.666666666666668,59.0,39.0,0.0,0.0,25.0,49.0,29.333333333333332,61.0,41.0,0.0,0.0,25.0,49.0,26.0,56.0,34.0,0.0,0.0,21.0,45.0,26.833333333333332,58.0,36.0,0.0,0.0,21.0,46.0,35.833333333333336,72.0,53.0,0.0,0.0,32.0,58.0,36.666666666666664,74.0,55.0,0.0,0.0,32.0,59.0,C_p25,16.8397,1.6132512257740141,E1,3.3848584000902626,2.1378053053201658,0.0,0.0,1.3658200561767726,2.791023593056883,0.841265976630621,False,E1,-13.0,2.6128731509468697,1.3658200561767726,0.0,0.0,0.5938348070333794,2.0190383439134902,1.6142509539433125,0.0,3,1,6,"gingiva_multi_component,region_zero",False,False,False,0.8264201064547864,E1,1.751817528217671,0.4156855151702948,0.1187672900486556,0.2375345800973113,0.2375345800973113,2.197194865900129,False
high/IMG_6900_jpg,IMG_6900_jpg,high/IMG_6900_jpg,high,train,2.0,2698,1799,True,oof,dev,1.204,0.0,2.159,0.498,1.412,2.408,0.747,E1,True,True,24.766666666666666,2.0,20.3,21.0,30.0,46.3,29.0,27.933333333333334,4.0,21.3,26.0,34.0,51.3,31.0,27.866666666666664,4.0,28.6,21.0,30.0,53.6,30.0,31.316666666666663,6.0,29.6,26.0,35.0,58.6,32.7,42.458333333333336,42.75,53.5,23.0,32.75,63.0,39.75,45.541666666666664,44.0,55.5,28.0,37.75,66.0,42.0,55.666666666666664,66.0,58.0,31.0,48.0,75.0,56.0,58.416666666666664,67.0,60.0,35.5,51.0,79.0,58.0,19.833333333333332,0.0,8.0,20.0,29.0,40.0,22.0,23.666666666666668,0.0,9.0,26.0,33.0,46.0,28.0,96.33333333333333,75.0,87.0,102.0,97.0,118.0,99.0,100.0,78.0,91.0,106.0,103.0,122.0,100.0,26.241666666666664,43.75,2.5500000000000007,21.0,30.0,30.0,30.15,29.316666666666666,43.75,5.0,26.0,34.0,32.0,35.15,28.766666666666666,46.0,6.0,21.0,30.0,33.0,36.6,31.766666666666666,46.0,8.0,26.0,35.0,35.0,40.6,43.25,60.75,32.75,24.0,34.0,60.0,48.0,45.916666666666664,60.75,34.75,29.0,38.0,63.0,50.0,55.5,66.0,57.0,35.0,47.0,69.0,59.0,58.5,67.0,60.0,40.0,51.0,73.0,60.0,23.333333333333332,41.0,0.0,20.0,29.0,28.0,22.0,26.333333333333332,41.0,0.0,26.0,33.0,30.0,28.0,101.66666666666667,75.0,99.0,102.0,117.0,118.0,99.0,105.0,78.0,103.0,106.0,121.0,122.0,100.0,32.333333333333336,0.0,54.0,20.0,29.0,62.0,29.0,35.5,0.0,57.0,26.0,34.0,65.0,31.0,32.833333333333336,1.0,54.0,21.0,30.0,62.0,29.0,36.166666666666664,4.0,57.0,26.0,34.0,65.0,31.0,33.583333333333336,3.0,54.0,21.0,30.0,63.0,30.5,36.833333333333336,5.5,57.0,26.0,34.0,66.0,32.5,36.333333333333336,7.0,56.0,22.0,31.0,65.0,37.0,39.666666666666664,9.0,59.0,27.0,35.0,69.0,39.0,32.0,0.0,53.0,20.0,29.0,62.0,28.0,35.166666666666664,0.0,57.0,26.0,33.0,65.0,30.0,62.0,74.0,66.0,26.0,35.0,81.0,90.0,65.83333333333333,77.0,69.0,33.0,41.0,84.0,91.0,C_p25,16.8397,1.9942952269537662,E1,0.17815044211001382,3.206707957980249,1.2470530947700968,1.7815044211001383,3.7411592843102905,1.8111961614518073,1.2223099778103728,False,E1,-13.0,0.0,2.4347227088368557,0.47506784562670357,1.0095191719567451,2.969174035166897,1.0392109123084141,2.4923056394973266,3.0,2,1,6,gingiva_multi_component,False,False,False,1.7320181871806901,E1,0.3859936926581308,2.3159621559487853,0.5938364502432782,1.6033584156568512,3.9490123941178,1.5439747706325233,False
high/IMG_7323_jpg,IMG_7323_jpg,high/IMG_7323_jpg,high,valid,3.0,2698,1799,True,oof,holdout,4.291666666666667,6.75,4.625,1.625,2.125,4.75,5.875,E2-E3,False,False,67.08333333333333,102.25,70.0,37.0,40.0,75.0,78.25,73.33333333333333,110.0,76.0,41.0,44.0,82.0,87.0,71.58333333333333,108.0,71.0,37.5,40.0,76.0,97.0,75.91666666666667,111.0,77.0,42.0,44.5,82.0,99.0,75.375,112.0,76.0,40.0,42.0,83.25,99.0,79.875,116.0,82.0,44.0,46.0,89.25,102.0,92.25,135.0,99.5,49.5,49.0,103.0,117.5,97.33333333333333,139.0,105.5,56.0,55.0,108.0,120.5,50.333333333333336,82.0,69.0,37.0,39.0,74.0,1.0,58.0,94.0,75.0,41.0,44.0,81.0,13.0,139.66666666666666,163.0,159.0,122.0,114.0,144.0,136.0,143.66666666666666,165.0,163.0,127.0,119.0,150.0,138.0,73.21666666666667,98.3,108.0,70.0,37.0,40.0,86.0,78.86666666666666,108.2,110.0,76.0,41.0,44.0,94.0,76.86666666666666,106.2,109.0,70.0,38.0,41.0,97.0,81.53333333333333,115.2,111.0,77.0,42.0,45.0,99.0,82.25,124.5,111.0,73.0,40.0,45.0,100.0,87.41666666666667,133.5,113.0,79.0,45.0,50.0,104.0,98.33333333333333,138.0,118.0,83.0,54.0,76.0,121.0,103.33333333333333,143.0,120.0,89.5,60.0,82.5,125.0,56.0,82.0,108.0,69.0,37.0,39.0,1.0,62.833333333333336,94.0,110.0,75.0,41.0,44.0,13.0,148.16666666666666,158.0,163.0,159.0,123.0,142.0,144.0,152.66666666666666,161.0,165.0,163.0,129.0,148.0,150.0,71.0,108.0,70.0,37.0,40.0,74.0,97.0,75.16666666666667,110.0,76.0,41.0,44.0,81.0,99.0,71.06666666666666,108.0,70.0,37.0,40.0,74.4,97.0,75.33333333333333,110.0,76.0,41.0,44.0,82.0,99.0,71.66666666666667,110.0,70.5,37.0,40.0,75.5,97.0,76.16666666666667,112.0,77.0,42.0,44.0,82.0,100.0,73.66666666666667,113.0,73.0,38.0,41.0,78.0,99.0,78.0,115.0,79.0,42.0,45.0,85.0,102.0,70.5,108.0,69.0,37.0,39.0,74.0,96.0,74.83333333333333,110.0,75.0,41.0,44.0,81.0,98.0,93.83333333333333,163.0,83.0,49.0,44.0,95.0,129.0,98.33333333333333,165.0,90.0,54.0,49.0,101.0,131.0,C_p25,16.8397,4.255816117072553,E2-E3,6.532182877367174,4.186535389585325,2.1971887860235038,2.3753392281335177,4.483452793102015,5.76019762822378,3.4838308679291594,False,E1-E2,-13.0,5.76019762822378,3.4145501404419316,1.4252035368801106,1.6033539789901246,3.7114675439586216,4.988212379080387,4.424515114671897,5.0,1,1,6,,False,False,False,3.5927005825519456,E1-E2,5.46329534223816,3.8005532815569807,1.36582383555954,1.395515658071704,4.542848844361078,4.988226182043537,False
high/IMG_7024_jpg,IMG_7024_jpg,high/IMG_7024_jpg,high,train,4.0,2697,1798,True,oof,dev,1.4993333333333334,0.871,1.064,2.128,1.838,2.515,0.58,E1,False,False,31.566666666666666,14.4,32.0,37.0,37.0,52.0,17.0,32.4,18.4,32.0,38.0,37.0,52.0,17.0,33.76666666666667,22.8,33.0,37.0,38.0,53.0,18.8,34.13333333333333,24.0,33.0,38.0,38.0,53.0,18.8,37.833333333333336,27.0,39.0,39.0,39.0,57.0,26.0,38.0,27.0,39.0,40.0,39.0,57.0,26.0,50.75,35.0,64.0,44.0,46.0,69.5,46.0,50.75,35.0,64.0,44.0,46.0,69.5,46.0,27.0,11.0,31.0,36.0,37.0,45.0,2.0,28.5,17.0,31.0,37.0,37.0,45.0,4.0,102.5,86.0,95.0,85.0,105.0,116.0,128.0,102.66666666666667,86.0,95.0,86.0,105.0,116.0,128.0,23.0,12.0,27.0,33.0,38.0,17.0,11.0,24.041666666666668,17.0,27.0,33.0,38.0,17.0,12.25,25.75,14.3,27.0,36.0,38.7,18.0,20.5,26.583333333333332,18.3,27.0,36.0,38.7,18.0,21.5,31.541666666666668,24.25,28.0,39.0,45.0,22.5,30.5,31.875,26.25,28.0,39.0,45.0,22.5,30.5,44.833333333333336,34.0,40.0,48.0,58.5,40.0,48.5,45.0,35.0,40.0,48.0,58.5,40.0,48.5,20.5,11.0,26.0,31.0,37.0,16.0,2.0,21.833333333333332,17.0,26.0,31.0,37.0,16.0,4.0,101.83333333333333,84.0,95.0,102.0,127.0,128.0,75.0,101.83333333333333,84.0,95.0,102.0,127.0,128.0,75.0,31.0,12.0,31.0,37.0,37.0,52.0,17.0,31.833333333333332,17.0,31.0,37.0,37.0,52.0,17.0,31.25,12.7,31.4,37.0,37.0,52.4,17.0,32.13333333333333,17.0,31.4,38.0,37.0,52.4,17.0,33.625,19.75,32.5,37.0,37.5,54.0,21.0,34.333333333333336,22.5,32.5,38.0,38.0,54.0,21.0,36.916666666666664,26.5,36.0,38.0,38.0,57.0,26.0,37.5,29.0,36.0,39.0,38.0,57.0,26.0,30.5,11.0,31.0,36.0,37.0,52.0,16.0,31.666666666666668,17.0,31.0,37.0,37.0,52.0,16.0,54.833333333333336,51.0,49.0,46.0,45.0,79.0,59.0,55.0,51.0,49.0,47.0,45.0,79.0,59.0,C_p25,16.8397,1.9967695386497384,E1,1.1728237438909244,1.9299631228584833,2.1971887860235038,2.2268805263751728,3.206707957980249,1.2470530947700968,1.224784289506345,False,E1,-13.0,0.40083849474753114,1.1579778737150899,1.4252035368801106,1.4548952772317796,2.4347227088368557,0.47506784562670357,2.220817979061406,0.0,1,1,6,,False,False,False,1.390563173136497,E1,0.5344528052189504,0.9798301429014092,1.7815093507298347,1.306440190535212,3.028565896240719,0.7126037402919339,False
high/IMG_8577_jpg,IMG_8577_jpg,high/IMG_8577_jpg,high,test,0.0,2698,1799,True,oof,holdout,1.9475,2.873,1.916,1.341,1.149,2.778,1.628,E1,False,False,38.44166666666667,33.0,43.0,38.0,33.0,59.0,24.65,42.108333333333334,35.0,45.0,45.0,36.0,63.0,28.65,40.71666666666667,36.0,44.0,39.0,33.3,59.0,33.0,44.38333333333333,38.0,46.0,45.0,37.0,64.0,36.3,45.708333333333336,40.25,50.5,41.0,36.0,64.5,42.0,49.375,42.25,52.0,47.25,41.25,68.5,45.0,62.083333333333336,67.0,72.0,55.0,47.0,83.0,48.5,66.83333333333333,69.0,75.0,63.0,55.0,88.0,51.0,35.666666666666664,26.0,42.0,38.0,32.0,59.0,17.0,38.666666666666664,28.0,44.0,45.0,35.0,63.0,17.0,114.33333333333333,99.0,128.0,112.0,132.0,121.0,94.0,121.16666666666667,102.0,132.0,121.0,148.0,126.0,98.0,38.975,34.85,43.0,38.0,33.0,59.0,26.0,42.80833333333334,36.85,45.0,45.0,36.0,63.0,31.0,41.166666666666664,36.0,44.0,39.0,34.0,59.0,35.0,44.6,38.0,45.6,45.0,37.0,64.0,38.0,47.291666666666664,52.25,48.0,42.0,36.5,62.0,43.0,50.875,53.25,50.0,48.0,42.0,66.0,46.0,60.666666666666664,73.0,62.0,57.0,49.0,71.0,52.0,65.41666666666667,74.5,65.0,66.0,57.0,75.0,55.0,35.666666666666664,26.0,42.0,38.0,32.0,59.0,17.0,38.666666666666664,28.0,44.0,45.0,35.0,63.0,17.0,126.5,127.0,128.0,131.0,132.0,121.0,120.0,134.83333333333334,131.0,132.0,147.0,148.0,126.0,125.0,46.0,64.0,42.0,38.0,32.0,59.0,41.0,50.06666666666666,66.7,44.7,45.0,36.0,63.0,45.0,46.23333333333333,64.0,42.4,38.0,33.0,59.0,41.0,50.166666666666664,67.0,45.0,45.0,36.0,63.0,45.0,47.166666666666664,66.0,44.0,38.0,33.0,59.0,43.0,50.916666666666664,68.0,45.5,45.0,37.0,64.0,46.0,48.833333333333336,69.0,46.0,39.0,34.0,61.0,44.0,52.5,71.0,48.0,46.0,38.0,65.0,47.0,45.833333333333336,63.0,42.0,38.0,32.0,59.0,41.0,49.5,66.0,44.0,45.0,35.0,63.0,44.0,63.0,99.0,60.0,44.0,39.0,70.0,66.0,68.16666666666667,102.0,64.0,55.0,44.0,74.0,70.0,C_p25,16.8397,2.800920839840773,E1,3.919309726420304,2.6128731509468697,2.2565722667268417,1.959654863210152,3.5036253614969386,2.5534896702435317,2.0289355906973796,False,E1,-13.0,3.147324477276911,1.8408879018034763,1.4845870175834486,1.1876696140667589,2.731640112353545,1.7815044211001383,2.683080752236082,4.0,1,1,6,,False,False,False,2.3456474877818487,E1,3.681785991508325,2.0784275758514736,2.019043930827146,1.0689056104379009,2.9691822512163912,2.256578510924457,False
high/IMG_7350_jpg,IMG_7350_jpg,high/IMG_7350_jpg,high,train,4.0,2699,1799,True,oof,holdout,1.0953333333333333,2.641,1.351,0.0,0.0,1.413,1.167,E1,True,False,14.65,36.45,28.0,0.0,0.0,0.0,23.45,14.983333333333334,36.45,30.0,0.0,0.0,0.0,23.45,16.650000000000002,42.9,30.0,0.0,0.0,0.0,27.0,16.816666666666666,42.9,31.0,0.0,0.0,0.0,27.0,19.333333333333332,55.0,32.0,0.0,0.0,0.0,29.0,19.666666666666668,55.0,34.0,0.0,0.0,0.0,29.0,33.083333333333336,61.0,50.0,0.0,26.5,28.0,33.0,33.583333333333336,62.0,52.0,0.0,26.5,28.0,33.0,12.333333333333334,32.0,27.0,0.0,0.0,0.0,15.0,12.833333333333334,32.0,29.0,0.0,0.0,0.0,16.0,64.66666666666667,78.0,61.0,58.0,89.0,50.0,52.0,65.16666666666667,79.0,63.0,58.0,89.0,50.0,52.0,18.408333333333335,33.0,29.0,0.0,0.0,27.0,21.45,18.741666666666667,33.0,31.0,0.0,0.0,27.0,21.45,19.96666666666667,34.9,31.0,0.0,0.0,28.0,25.9,20.133333333333336,34.9,32.0,0.0,0.0,28.0,25.9,24.333333333333332,42.25,45.75,0.0,0.0,29.0,29.0,24.5,42.25,46.75,0.0,0.0,29.0,29.0,30.166666666666668,55.5,54.0,0.0,3.5,36.0,32.0,30.333333333333332,55.5,55.0,0.0,3.5,36.0,32.0,16.833333333333332,32.0,27.0,0.0,0.0,27.0,15.0,17.333333333333332,32.0,29.0,0.0,0.0,27.0,16.0,72.0,76.0,78.0,87.0,89.0,50.0,52.0,72.16666666666667,76.0,79.0,87.0,89.0,50.0,52.0,21.95,48.7,28.0,0.0,0.0,27.0,28.0,22.5,50.0,30.0,0.0,0.0,27.0,28.0,22.066666666666666,49.0,28.0,0.0,0.0,27.0,28.4,22.566666666666666,50.0,30.0,0.0,0.0,27.0,28.4,22.833333333333332,50.0,30.0,0.0,0.0,28.0,29.0,23.333333333333332,52.0,31.0,0.0,0.0,28.0,29.0,24.166666666666668,52.0,32.0,0.0,0.0,30.0,31.0,24.666666666666668,54.0,33.0,0.0,0.0,30.0,31.0,21.666666666666668,48.0,27.0,0.0,0.0,27.0,28.0,22.166666666666668,49.0,29.0,0.0,0.0,27.0,28.0,31.833333333333332,63.0,46.0,0.0,0.0,39.0,43.0,32.5,66.0,47.0,0.0,0.0,39.0,43.0,C_p25,16.8397,1.355922809392883,E1,2.969174035166897,1.7815044211001383,0.0,0.0,1.6627374596934623,1.7221209403968003,0.5839375602494897,False,E1,-13.0,2.1971887860235038,1.0095191719567451,0.0,0.0,0.8907522105500691,0.9501356912534071,1.1348673373177227,0.0,3,1,6,"gingiva_multi_component,region_zero",False,False,False,0.9055980807259036,E1,2.1378112208758018,1.2470565455108842,0.0890754675364917,0.4750691601946226,0.2969182251216391,1.1876729004865565,False
high/IMG_8560_jpg,IMG_8560_jpg,high/IMG_8560_jpg,high,train,1.0,2699,1799,True,oof,dev,3.357,3.571,5.143,2.857,3.0,3.857,1.714,E1-E2,False,False,48.76666666666667,47.15,72.15,46.0,45.0,59.0,23.3,50.574999999999996,48.15,73.0,48.0,47.0,60.0,27.3,51.76666666666667,52.0,73.0,46.0,46.0,60.3,33.3,53.38333333333333,53.0,74.0,48.0,48.0,61.0,36.3,55.958333333333336,58.0,79.0,47.0,47.0,62.75,42.0,57.125,59.0,79.75,49.0,49.0,63.0,43.0,66.25,64.0,97.0,56.5,55.5,77.0,47.5,67.66666666666667,65.0,98.0,59.5,57.5,78.0,48.0,45.0,41.0,72.0,45.0,45.0,55.0,12.0,47.0,41.0,73.0,47.0,47.0,55.0,19.0,100.0,92.0,119.0,111.0,100.0,111.0,67.0,102.16666666666667,93.0,121.0,113.0,104.0,113.0,69.0,49.525,48.45,72.0,46.0,45.0,59.3,26.4,51.35833333333333,49.45,73.0,48.0,47.0,60.3,30.4,52.73333333333334,52.0,73.0,46.0,46.0,60.6,38.8,53.96666666666667,53.0,73.0,48.0,48.0,61.0,40.8,55.833333333333336,60.0,76.0,47.0,47.0,62.0,43.0,57.166666666666664,60.0,77.0,50.0,49.0,63.0,44.0,66.25,65.0,91.0,60.0,57.5,72.0,52.0,68.0,66.0,93.0,63.0,59.0,74.0,53.0,45.666666666666664,41.0,72.0,45.0,45.0,59.0,12.0,47.833333333333336,41.0,73.0,47.0,47.0,60.0,19.0,111.16666666666667,115.0,119.0,119.0,110.0,111.0,93.0,112.5,115.0,121.0,121.0,112.0,113.0,93.0,52.333333333333336,52.0,72.0,45.0,45.0,59.0,41.0,53.833333333333336,53.0,73.0,48.0,47.0,60.0,42.0,53.06666666666666,53.4,72.0,46.0,45.0,60.0,42.0,54.333333333333336,54.0,73.0,48.0,47.0,61.0,43.0,54.583333333333336,57.5,73.0,46.0,46.0,61.0,44.0,55.833333333333336,58.0,74.0,48.0,48.0,62.0,45.0,58.333333333333336,65.0,76.0,47.0,46.0,63.0,53.0,59.666666666666664,66.0,77.0,49.0,48.0,64.0,54.0,52.0,51.0,72.0,45.0,45.0,59.0,40.0,53.333333333333336,52.0,73.0,47.0,47.0,60.0,41.0,72.0,78.0,100.0,55.0,50.0,82.0,67.0,73.33333333333333,78.0,100.0,59.0,51.0,83.0,69.0,C_p25,16.8397,3.241348321723863,E1-E2,3.4145501404419316,4.3349940913436695,2.731640112353545,2.731640112353545,3.6223923229036146,2.6128731509468697,2.4693630725804696,False,E1,-13.0,2.6425648912985387,3.5630088422002766,1.959654863210152,1.959654863210152,2.850407073760221,1.8408879018034763,3.284756107796771,1.0,1,1,6,,False,False,False,2.3654419813496284,E1,2.3159621559487853,3.355175943874522,2.375345800973113,1.9002766407784903,2.73164767111908,1.5142829481203597,False
high/IMG_2969_jpg,IMG_2969_jpg,high/IMG_2969_jpg,high,train,1.0,2699,1799,True,oof,holdout,1.5231666666666668,1.406,3.187,1.734,0.75,1.781,0.281,E1,False,False,33.958333333333336,36.0,70.0,37.0,28.0,32.75,0.0,35.125,41.0,72.0,37.0,28.0,32.75,0.0,35.166666666666664,38.0,70.5,37.0,28.0,36.5,1.0,37.016666666666666,42.0,73.0,37.0,28.0,36.5,5.600000000000001,42.166666666666664,43.0,73.0,38.0,34.0,52.0,13.0,44.0,47.0,75.0,38.0,34.0,52.0,18.0,59.166666666666664,53.0,83.0,44.0,63.0,65.0,47.0,60.333333333333336,56.0,86.0,44.0,63.0,65.0,48.0,33.0,35.0,70.0,36.0,27.0,30.0,0.0,34.166666666666664,40.0,72.0,36.0,27.0,30.0,0.0,95.83333333333333,94.0,105.0,107.0,105.0,92.0,72.0,97.5,97.0,108.0,109.0,105.0,93.0,73.0,36.166666666666664,36.0,70.0,37.0,28.0,46.0,0.0,37.666666666666664,41.0,72.0,37.0,28.0,48.0,0.0,36.666666666666664,38.0,70.0,37.0,28.0,47.0,0.0,37.88333333333333,42.3,72.0,37.0,28.0,48.0,0.0,40.5,45.0,72.0,39.0,33.0,50.0,4.0,41.958333333333336,48.25,75.0,39.0,33.0,50.5,6.0,53.583333333333336,55.0,80.0,49.5,48.0,60.0,29.0,54.916666666666664,57.5,83.0,50.0,48.0,60.0,31.0,35.666666666666664,35.0,70.0,36.0,27.0,46.0,0.0,37.0,40.0,72.0,36.0,27.0,47.0,0.0,97.66666666666667,104.0,106.0,107.0,105.0,92.0,72.0,99.33333333333333,108.0,108.0,109.0,105.0,93.0,73.0,36.11666666666667,35.7,70.0,37.0,28.0,46.0,0.0,37.449999999999996,40.0,72.0,37.0,28.0,47.7,0.0,36.166666666666664,36.0,70.0,37.0,28.0,46.0,0.0,37.666666666666664,41.0,72.0,37.0,28.0,48.0,0.0,36.916666666666664,38.0,70.5,37.0,28.0,47.0,1.0,38.833333333333336,42.0,73.0,37.0,28.0,48.0,5.0,38.833333333333336,41.0,72.0,37.0,30.0,49.0,4.0,40.333333333333336,44.0,74.0,37.0,30.0,50.0,7.0,35.666666666666664,35.0,70.0,36.0,27.0,46.0,0.0,37.0,40.0,72.0,36.0,27.0,47.0,0.0,53.666666666666664,56.0,80.0,42.0,37.0,72.0,35.0,55.166666666666664,59.0,83.0,42.0,37.0,73.0,37.0,C_p25,16.8397,2.192240162631559,E1,2.2565722667268417,4.186535389585325,2.1971887860235038,1.6627374596934623,2.791023593056883,0.059383480703337946,1.4202549134881657,False,E1,-13.0,1.4845870175834486,3.4145501404419316,1.4252035368801106,0.8907522105500691,2.0190383439134902,0.0,2.4751847960464124,1.0,2,1,6,gingiva_multi_component,False,False,False,1.791401667884028,E1,1.989352108314982,3.5927105239718333,0.653220095267606,1.306440190535212,2.375345800973113,0.8313710303405896,False
high/IMG_6868-_jpg,IMG_6868-_jpg,high/IMG_6868-_jpg,high,test,3.0,2697,1798,True,oof,holdout,3.032,3.143,2.286,1.81,3.048,4.381,3.524,E1-E2,False,False,53.11666666666667,31.9,57.0,47.0,62.0,94.0,26.8,56.61666666666667,32.9,60.0,52.0,67.0,98.0,29.8,56.73333333333334,37.0,58.0,48.8,62.0,95.0,39.6,59.93333333333334,39.0,61.0,53.0,67.0,99.0,40.6,66.33333333333333,60.5,62.0,51.0,63.0,98.0,63.5,70.0,62.5,65.0,56.0,70.0,102.0,64.5,80.16666666666667,74.0,84.0,59.0,73.0,114.0,77.0,84.75,77.0,89.0,64.0,80.0,119.5,79.0,48.0,26.0,57.0,47.0,62.0,92.0,4.0,52.333333333333336,26.0,59.0,51.0,66.0,96.0,16.0,129.0,115.0,122.0,123.0,148.0,148.0,118.0,133.16666666666666,116.0,126.0,126.0,158.0,151.0,122.0,50.958333333333336,29.95,72.0,57.0,47.0,62.0,37.8,54.125,30.95,76.0,60.0,52.0,67.0,38.8,55.03333333333333,33.0,73.0,58.0,49.0,62.0,55.2,57.699999999999996,34.0,76.0,60.2,53.0,67.8,55.2,62.25,46.75,75.0,60.0,51.75,64.0,76.0,65.625,48.75,78.0,63.0,56.0,70.0,78.0,76.08333333333333,66.5,85.0,73.0,61.0,75.0,96.0,80.33333333333333,68.0,87.0,78.0,66.0,83.0,100.0,44.666666666666664,26.0,72.0,57.0,47.0,62.0,4.0,48.833333333333336,26.0,75.0,59.0,51.0,66.0,16.0,133.0,112.0,120.0,122.0,148.0,148.0,148.0,138.0,114.0,122.0,125.0,158.0,158.0,151.0,67.83333333333333,72.0,57.0,47.0,62.0,94.0,75.0,71.39999999999999,76.0,60.0,51.0,67.0,97.7,76.7,68.06666666666666,72.4,57.0,47.0,62.0,94.0,76.0,71.56666666666666,76.0,60.0,51.4,67.0,98.0,77.0,69.0,74.0,58.0,48.0,62.0,95.0,77.0,72.33333333333333,77.0,60.5,52.0,67.0,99.0,78.5,71.16666666666667,78.0,59.0,50.0,63.0,97.0,80.0,74.66666666666667,81.0,62.0,54.0,68.0,101.0,82.0,67.66666666666667,72.0,57.0,47.0,62.0,94.0,74.0,70.66666666666667,75.0,59.0,51.0,66.0,97.0,76.0,88.5,115.0,69.0,57.0,69.0,114.0,107.0,92.0,116.0,73.0,60.0,74.0,119.0,110.0,C_p25,16.8397,4.0974601685303185,E2-E3,4.3943775720470075,3.4442418807936006,2.850407073760221,3.6817758036069526,5.641430666817104,4.5725280141570215,3.3254749193869246,False,E1-E2,-13.0,3.6223923229036146,2.6722566316502077,2.0784218246168282,2.909790554463559,4.869445417673711,3.8005427650136285,3.8937689676935654,4.0,1,1,6,,False,False,False,3.523419855064718,E1-E2,4.067779684166456,2.909798606192063,2.8504149611677354,3.26610047633803,4.750691601946226,3.295792298850194,False
high/IMG_2675_jpg,IMG_2675_jpg,high/IMG_2675_jpg,high,train,0.0,2698,1799,True,oof,dev,1.6561666666666668,0.965,1.59,1.42,1.76,2.101,2.101,E1,False,False,27.28333333333333,24.85,37.0,27.0,30.0,39.85,5.0,28.441666666666666,24.85,38.0,30.8,32.0,40.0,5.0,28.78333333333333,26.0,38.0,28.0,31.0,40.0,9.700000000000001,30.116666666666664,28.0,39.0,31.0,33.0,40.0,9.700000000000001,32.875,29.0,40.0,30.0,32.25,44.0,22.0,34.208333333333336,30.0,41.0,33.0,35.0,44.0,22.25,42.666666666666664,37.0,49.5,38.0,39.5,61.0,31.0,44.25,37.0,50.5,44.0,41.5,61.0,31.5,25.333333333333332,17.0,36.0,27.0,29.0,39.0,4.0,26.333333333333332,17.0,37.0,30.0,31.0,39.0,4.0,72.33333333333333,71.0,74.0,78.0,74.0,81.0,56.0,74.66666666666667,72.0,75.0,87.0,76.0,82.0,56.0,27.291666666666668,24.55,37.0,27.3,30.0,39.0,5.9,28.474999999999998,24.55,38.0,31.0,32.0,39.4,5.9,29.133333333333336,26.0,38.0,28.0,31.0,40.0,11.8,30.46666666666667,28.0,39.0,31.0,33.0,40.0,11.8,32.875,28.75,40.0,31.0,33.0,42.0,22.5,34.083333333333336,29.0,41.0,34.0,35.0,42.0,23.5,42.25,36.0,48.5,42.0,42.0,52.0,33.0,44.083333333333336,37.0,49.5,46.0,45.0,53.0,34.0,25.333333333333332,17.0,36.0,27.0,29.0,39.0,4.0,26.333333333333332,17.0,37.0,30.0,31.0,39.0,4.0,77.33333333333333,71.0,73.0,78.0,81.0,80.0,81.0,80.5,72.0,74.0,87.0,87.0,82.0,81.0,27.566666666666663,25.7,37.0,27.0,30.0,39.0,6.7,28.95,28.0,38.0,30.0,32.0,39.0,6.7,28.066666666666666,26.0,37.0,27.0,30.0,39.0,9.4,29.46666666666667,28.0,38.0,30.0,32.0,39.4,9.4,30.833333333333332,27.5,38.0,28.0,31.0,40.0,20.5,32.083333333333336,29.0,39.0,31.0,33.0,40.0,20.5,32.666666666666664,31.0,40.0,29.0,32.0,42.0,22.0,34.166666666666664,33.0,41.0,32.0,34.0,42.0,23.0,27.0,25.0,36.0,27.0,29.0,39.0,6.0,28.333333333333332,27.0,37.0,30.0,31.0,39.0,6.0,45.166666666666664,47.0,52.0,38.0,40.0,56.0,38.0,46.166666666666664,48.0,53.0,39.0,43.0,56.0,38.0,C_p25,16.8397,1.8309906550195865,E1,1.6330457193417935,2.2565722667268417,1.6627374596934623,1.8408879018034763,2.3753392281335177,1.2173613544184279,1.0590054058761933,False,E1,-13.0,0.8610604701984002,1.4845870175834486,0.8907522105500691,1.0689026526600829,1.6033539789901246,0.4453761052750346,1.929763640395869,1.0,1,1,6,,False,False,False,1.3955117965284416,E1,1.2767483680230485,1.1876729004865565,1.7221257057055068,1.4845911256081956,1.336132013047376,1.36582383555954,False
high/IMG_3684-_jpg,IMG_3684-_jpg,high/IMG_3684-_jpg,high,train,3.0,2698,1799,True,oof,holdout,1.8028333333333333,1.845,2.609,1.654,1.464,1.909,1.336,E1,False,False,18.333333333333332,0.0,68.0,0.0,20.0,22.0,0.0,19.150000000000002,0.0,69.9,0.0,22.0,23.0,0.0,18.966666666666665,0.0,69.8,0.0,21.0,23.0,0.0,19.5,0.0,71.0,0.0,23.0,23.0,0.0,31.125,29.75,74.0,0.0,22.0,31.0,30.0,32.083333333333336,30.0,74.5,0.0,25.0,33.0,30.0,44.0,47.5,84.0,0.0,45.5,36.0,51.0,44.833333333333336,48.0,84.0,0.0,48.0,38.0,51.0,17.833333333333332,0.0,66.0,0.0,20.0,21.0,0.0,18.0,0.0,66.0,0.0,21.0,21.0,0.0,83.66666666666667,72.0,110.0,82.0,88.0,66.0,84.0,84.83333333333333,75.0,110.0,82.0,91.0,67.0,84.0,11.683333333333332,28.0,0.0,0.0,21.0,0.0,21.1,11.85,28.0,0.0,0.0,22.0,0.0,21.1,12.75,30.3,0.0,0.0,22.0,0.0,24.2,12.916666666666666,30.3,0.0,0.0,23.0,0.0,24.2,22.583333333333332,36.75,26.0,0.0,26.0,13.25,33.5,23.75,36.75,26.75,0.0,29.0,16.5,33.5,52.5,54.0,65.0,62.0,38.0,48.5,47.5,53.0,54.0,65.5,62.0,40.5,48.5,47.5,10.5,25.0,0.0,0.0,20.0,0.0,18.0,10.666666666666666,25.0,0.0,0.0,21.0,0.0,18.0,88.66666666666667,72.0,110.0,109.0,88.0,83.0,70.0,89.33333333333333,73.0,110.0,109.0,91.0,83.0,70.0,19.666666666666668,0.0,68.0,0.0,20.0,30.0,0.0,20.5,0.0,69.0,0.0,22.0,32.0,0.0,19.666666666666668,0.0,68.0,0.0,20.0,30.0,0.0,20.833333333333332,0.0,70.0,0.0,22.0,33.0,0.0,20.25,0.0,70.0,0.0,20.5,31.0,0.0,21.166666666666668,0.0,71.0,0.0,23.0,33.0,0.0,28.833333333333332,25.0,72.0,0.0,22.0,33.0,21.0,30.0,26.0,73.0,0.0,24.0,35.0,22.0,19.5,0.0,67.0,0.0,20.0,30.0,0.0,20.333333333333332,0.0,68.0,0.0,22.0,32.0,0.0,50.0,71.0,89.0,0.0,28.0,42.0,70.0,51.5,75.0,89.0,0.0,33.0,42.0,70.0,C_p25,16.8397,1.2025154842425934,E1,0.0,4.1568436492336565,0.0,1.2173613544184279,1.8408879018034763,0.0,0.4305302350992001,False,E1,-13.0,0.0,3.3848584000902626,0.0,0.4453761052750346,1.0689026526600829,0.0,1.8270385796903854,0.0,4,1,6,"gingiva_multi_component,region_zero",False,False,False,1.3361283158251038,E1,0.653220095267606,4.364697909288095,0.4453773376824587,0.3563018701459669,1.36582383555954,0.8313710303405896,False
high/IMG_3858-_jpg,IMG_3858-_jpg,high/IMG_3858-_jpg,high,train,3.0,2698,1799,True,oof,dev,1.789666666666667,1.994,2.071,1.074,1.841,3.298,0.46,E1,False,False,42.699999999999996,35.1,54.0,40.0,48.0,48.1,31.0,45.35,38.1,57.0,41.0,52.0,52.0,32.0,44.56666666666666,41.2,55.0,40.0,48.2,50.0,33.0,47.03333333333333,44.2,57.0,42.0,52.0,54.0,33.0,51.166666666666664,58.0,59.5,40.0,51.0,60.0,38.5,53.916666666666664,60.5,62.5,43.0,55.0,64.0,38.5,65.33333333333333,69.0,69.0,44.0,65.0,95.0,50.0,67.66666666666667,72.0,73.0,46.0,69.0,95.0,51.0,40.5,29.0,53.0,39.0,48.0,48.0,26.0,43.166666666666664,32.0,56.0,41.0,51.0,51.0,28.0,106.83333333333333,128.0,123.0,77.0,95.0,125.0,93.0,109.16666666666667,129.0,125.0,81.0,100.0,127.0,93.0,43.96666666666667,30.8,59.0,54.0,40.0,48.0,32.0,46.24166666666667,33.8,61.0,57.0,41.0,52.0,32.65,45.1,33.6,60.0,55.0,40.0,48.0,34.0,47.166666666666664,36.0,62.0,57.0,42.0,52.0,34.0,50.0,41.0,65.0,59.0,41.0,51.0,43.0,52.5,44.0,67.0,62.0,43.0,54.0,45.0,64.08333333333333,54.0,78.0,69.0,46.0,60.0,77.5,66.58333333333333,57.0,80.0,72.0,49.0,64.0,77.5,42.166666666666664,29.0,58.0,53.0,39.0,48.0,26.0,44.666666666666664,32.0,60.0,56.0,41.0,51.0,28.0,113.33333333333333,81.0,128.0,127.0,95.0,125.0,124.0,115.83333333333333,84.0,129.0,128.0,100.0,127.0,127.0,42.699999999999996,35.1,54.0,40.0,48.0,48.1,31.0,45.35,38.1,57.0,41.0,52.0,52.0,32.0,44.56666666666666,41.2,55.0,40.0,48.2,50.0,33.0,47.03333333333333,44.2,57.0,42.0,52.0,54.0,33.0,51.166666666666664,58.0,59.5,40.0,51.0,60.0,38.5,53.916666666666664,60.5,62.5,43.0,55.0,64.0,38.5,65.33333333333333,69.0,69.0,44.0,65.0,95.0,50.0,67.66666666666667,72.0,73.0,46.0,69.0,95.0,51.0,40.5,29.0,53.0,39.0,48.0,48.0,26.0,43.166666666666664,32.0,56.0,41.0,51.0,51.0,28.0,106.83333333333333,128.0,123.0,77.0,95.0,125.0,93.0,109.16666666666667,129.0,125.0,81.0,100.0,127.0,93.0,C_p25,16.8397,3.0384547626541245,E1-E2,3.4442418807936006,3.5333171018486076,2.3753392281335177,3.028557515870235,3.5630088422002766,2.2862640070785107,2.2664695135107316,False,E1,-13.0,2.6722566316502077,2.761331852705214,1.6033539789901246,2.2565722667268417,2.791023593056883,1.5142787579351176,3.003485108246042,3.0,1,1,0,zenith_detection_failed,True,False,False,2.4347227088368557,E1,2.612880381070424,2.8504149611677354,1.4252074805838677,1.6627420606811791,4.869458891994881,1.1876729004865565,False
high/IMG_8606_jpg,IMG_8606_jpg,high/IMG_8606_jpg,high,valid,4.0,2638,1759,False,oof,dev,2.2833333333333337,0.0,2.6,2.7,3.0,4.9,0.5,E1,True,False,58.53333333333333,29.0,66.0,59.0,64.0,108.05,25.150000000000002,63.175000000000004,34.0,69.0,62.0,68.0,111.0,35.05,63.06666666666667,32.1,69.0,59.0,64.0,109.0,45.300000000000004,67.05,37.1,71.0,63.0,69.0,112.0,50.2,78.70833333333333,62.5,77.0,62.0,70.0,117.25,83.5,82.08333333333333,65.5,79.25,66.0,74.0,120.25,87.5,99.58333333333333,103.0,91.0,80.5,90.0,135.5,97.5,102.75,105.0,94.0,84.0,95.0,138.5,100.0,52.5,27.0,64.0,58.0,63.0,101.0,2.0,57.833333333333336,30.0,67.0,62.0,67.0,104.0,17.0,148.5,129.0,138.0,148.0,165.0,176.0,135.0,151.5,130.0,141.0,151.0,170.0,179.0,138.0,55.43333333333333,29.0,66.0,71.9,59.0,64.0,42.7,59.04999999999999,33.0,69.0,74.9,62.0,68.0,47.400000000000006,61.050000000000004,31.0,67.9,75.6,59.0,64.0,68.80000000000001,65.0,36.0,70.0,78.6,63.0,69.0,73.4,73.29166666666667,48.0,79.25,85.0,62.0,70.0,95.5,76.54166666666667,51.0,82.25,87.5,66.0,74.5,98.0,97.33333333333333,97.0,102.0,106.0,77.0,91.0,111.0,100.5,101.0,103.0,109.0,81.0,95.0,114.0,47.333333333333336,27.0,64.0,70.0,58.0,63.0,2.0,52.666666666666664,30.0,67.0,73.0,62.0,67.0,17.0,153.83333333333334,127.0,136.0,145.0,165.0,174.0,176.0,156.5,128.0,139.0,147.0,169.0,177.0,179.0,75.39999999999999,64.6,70.6,58.0,63.0,107.6,88.6,78.8,67.6,73.6,62.0,68.0,110.0,91.6,76.1,65.2,72.2,58.0,63.0,109.0,89.2,79.39999999999999,68.2,75.2,62.0,68.0,111.0,92.0,78.5,68.0,78.0,59.0,64.0,110.0,92.0,81.16666666666667,70.0,80.0,62.0,68.0,112.0,95.0,83.16666666666667,75.0,86.0,60.0,65.0,116.0,97.0,86.33333333333333,77.0,89.0,64.0,70.0,118.0,100.0,74.83333333333333,64.0,70.0,58.0,63.0,107.0,87.0,78.16666666666667,67.0,73.0,62.0,67.0,110.0,90.0,104.5,99.0,123.0,66.0,79.0,139.0,121.0,107.33333333333333,100.0,126.0,69.0,84.0,142.0,123.0,C_p25,16.8397,4.661603235212029,E2-E3,4.0380766878269805,4.6319114948603595,3.5036253614969386,3.8005427650136285,6.532182877367174,5.46328022470709,3.8896179860686355,False,E1-E2,-13.0,3.266091438683587,3.8599262457169665,2.731640112353545,3.028557515870235,5.76019762822378,4.6912949755636975,4.620181896968056,3.0,1,1,6,frame_uncertain,False,False,False,2.6821538784340966,E1,0.4750691601946226,2.8504149611677354,2.8504149611677354,3.028565896240719,5.878980857408455,1.009521965413573,False
high/IMG_7276_jpg,IMG_7276_jpg,high/IMG_7276_jpg,high,train,1.0,2517,1678,False,oof,dev,2.5748333333333333,2.512,2.791,3.07,2.512,2.517,2.047,E1,False,False,51.074999999999996,37.0,61.0,65.0,51.0,50.0,42.45,55.4,41.5,64.0,69.0,55.0,53.0,49.900000000000006,54.5,47.0,61.0,65.0,51.0,51.0,52.0,58.333333333333336,50.0,64.0,70.0,56.0,55.0,55.0,59.5,54.0,68.0,66.0,53.0,60.0,56.0,62.916666666666664,57.0,70.25,70.0,57.0,64.0,59.25,74.75,73.0,86.0,69.0,62.0,77.0,81.5,78.41666666666667,76.0,88.5,72.5,66.0,81.0,86.5,45.833333333333336,27.0,60.0,65.0,51.0,49.0,23.0,50.833333333333336,33.0,63.0,69.0,55.0,52.0,33.0,123.66666666666667,101.0,137.0,124.0,133.0,129.0,118.0,127.33333333333333,103.0,139.0,129.0,137.0,135.0,121.0,50.23333333333333,39.35,60.05,65.0,51.0,50.0,36.0,54.69166666666666,43.35,63.05,69.0,55.0,53.75,44.0,54.5,51.0,61.0,65.0,51.0,52.0,47.0,59.11666666666667,54.7,64.0,70.0,56.0,55.0,55.0,61.25,56.0,65.0,66.0,53.0,55.0,72.5,65.04166666666667,59.75,67.0,70.0,58.0,58.0,77.5,75.75,78.0,80.0,71.0,63.5,68.0,94.0,79.16666666666667,80.5,82.5,75.0,68.0,71.0,98.0,45.833333333333336,27.0,60.0,65.0,51.0,49.0,23.0,50.833333333333336,33.0,63.0,69.0,55.0,52.0,33.0,127.16666666666667,111.0,136.0,137.0,133.0,128.0,118.0,130.66666666666666,115.0,138.0,139.0,137.0,134.0,121.0,54.75,51.0,60.0,65.0,51.0,49.0,52.5,58.083333333333336,55.0,63.0,69.0,55.0,52.0,54.5,55.0,52.0,60.0,65.0,51.0,49.0,53.0,58.333333333333336,55.0,63.0,69.0,55.0,53.0,55.0,55.666666666666664,53.0,61.0,65.0,51.0,50.0,54.0,59.25,56.0,64.0,70.0,55.5,54.0,56.0,57.5,56.0,63.0,66.0,52.0,53.0,55.0,61.0,59.0,66.0,70.0,56.0,57.0,58.0,54.666666666666664,51.0,60.0,65.0,51.0,49.0,52.0,57.833333333333336,54.0,63.0,69.0,55.0,52.0,54.0,76.66666666666667,94.0,79.0,67.0,54.0,71.0,95.0,79.83333333333333,97.0,81.0,72.0,58.0,73.0,98.0,C_p25,16.8397,3.3056804258191455,E1-E2,3.147324477276911,3.6223923229036146,3.8599262457169665,3.028557515870235,2.969174035166897,3.206707957980249,2.533695176675752,False,E1,-13.0,2.3753392281335177,2.850407073760221,3.087940996573573,2.2565722667268417,2.1971887860235038,2.4347227088368557,3.49265206398644,3.0,1,1,6,frame_uncertain,False,False,False,2.781126346272994,E1,1.9002766407784903,2.672264026094752,3.2067168313137024,2.909798606192063,3.0879495412650466,2.909798606192063,False
high/IMG_3570_jpg,IMG_3570_jpg,high/IMG_3570_jpg,high,train,0.0,2699,1799,True,oof,dev,2.599333333333333,2.234,2.804,2.716,2.541,2.935,2.366,E1,False,False,54.14166666666667,35.7,59.0,61.0,65.0,66.4,37.75,56.475,35.7,60.0,65.0,66.0,69.4,42.75,57.75,39.0,62.5,62.0,65.0,73.0,45.0,59.75,39.0,64.5,66.0,66.0,74.0,49.0,62.833333333333336,52.0,65.0,65.0,66.0,76.0,53.0,64.75,52.0,68.0,67.0,68.0,77.5,56.0,71.41666666666667,60.0,78.5,68.5,70.0,90.0,61.5,73.83333333333333,61.0,81.0,71.0,73.0,92.0,65.0,49.666666666666664,29.0,55.0,61.0,64.0,60.0,29.0,52.0,29.0,56.0,65.0,66.0,62.0,34.0,112.83333333333333,87.0,117.0,115.0,119.0,135.0,104.0,115.5,87.0,120.0,121.0,122.0,137.0,106.0,52.333333333333336,37.0,63.0,61.0,65.0,53.0,35.0,55.0,37.0,67.0,65.0,66.0,55.0,40.0,54.43333333333334,41.6,64.0,62.0,65.0,54.0,40.0,56.76666666666667,41.6,67.0,66.0,66.0,56.0,44.0,61.666666666666664,55.0,67.0,65.0,66.0,65.0,52.0,63.916666666666664,55.0,70.25,67.0,68.0,67.25,56.0,70.91666666666667,62.0,80.0,68.5,71.0,79.0,65.0,72.91666666666667,62.0,82.5,71.0,74.0,80.0,68.0,49.5,29.0,62.0,61.0,64.0,52.0,29.0,52.5,29.0,67.0,65.0,66.0,54.0,34.0,119.66666666666667,111.0,116.0,117.0,135.0,135.0,104.0,122.33333333333333,114.0,119.0,121.0,137.0,137.0,106.0,61.333333333333336,54.0,63.0,61.0,64.0,73.0,53.0,63.333333333333336,54.0,67.0,65.0,66.0,74.0,54.0,61.5,54.0,63.0,61.0,65.0,73.0,53.0,63.666666666666664,55.0,67.0,65.0,66.0,74.0,55.0,62.416666666666664,55.0,64.0,62.0,65.0,74.5,54.0,64.25,55.0,67.0,66.0,66.0,75.5,56.0,64.66666666666667,57.0,69.0,64.0,65.0,77.0,56.0,66.5,58.0,72.0,67.0,67.0,78.0,57.0,60.833333333333336,54.0,62.0,61.0,64.0,72.0,52.0,63.166666666666664,54.0,67.0,65.0,66.0,73.0,54.0,82.0,78.0,97.0,73.0,67.0,94.0,83.0,84.33333333333333,78.0,100.0,79.0,69.0,96.0,84.0,C_p25,16.8397,3.7065189205666766,E1-E2,3.266091438683587,3.8005427650136285,3.6817758036069526,3.8599262457169665,4.424069312398677,3.206707957980249,2.9345336714232833,False,E1,-13.0,2.4941061895401937,3.028557515870235,2.909790554463559,3.087940996573573,3.6520840632552836,2.4347227088368557,3.688318846282599,2.0,1,1,6,,False,False,False,2.179868604151697,E1,1.7221257057055068,2.612880381070424,3.563018701459669,2.73164767111908,1.5588206818886057,0.8907546753649174,True
high/IMG_8633_jpg,IMG_8633_jpg,high/IMG_8633_jpg,high,test,4.0,2699,1799,True,oof,holdout,2.0415,4.269,5.134,1.423,0.632,0.0,0.791,E1,True,False,27.866666666666664,27.0,63.1,25.0,25.0,0.0,27.1,29.183333333333334,27.0,65.0,28.0,28.0,0.0,27.1,29.03333333333333,29.0,64.0,27.0,25.0,0.0,29.200000000000003,30.23333333333333,29.200000000000003,65.0,30.0,28.0,0.0,29.200000000000003,34.666666666666664,38.5,69.0,35.0,28.0,0.0,37.5,35.333333333333336,38.5,69.0,37.0,30.0,0.0,37.5,49.916666666666664,53.0,78.0,69.0,44.5,0.0,55.0,50.583333333333336,53.0,78.0,71.0,46.5,0.0,55.0,22.666666666666668,25.0,63.0,24.0,24.0,0.0,0.0,23.833333333333332,25.0,64.0,27.0,27.0,0.0,0.0,84.83333333333333,84.0,106.0,95.0,75.0,66.0,83.0,86.5,84.0,106.0,99.0,77.0,69.0,84.0,34.550000000000004,27.0,63.0,63.05,25.0,0.0,29.25,35.375,27.0,63.0,65.0,28.0,0.0,29.25,35.56666666666667,27.9,64.0,64.0,25.0,0.0,32.5,36.25,28.0,64.0,65.0,28.0,0.0,32.5,39.375,33.0,67.0,68.0,27.0,0.0,41.25,40.208333333333336,34.0,67.0,69.0,30.0,0.0,41.25,54.416666666666664,47.0,77.0,75.0,36.0,34.0,57.5,55.416666666666664,47.0,77.0,77.0,38.0,35.0,58.5,33.666666666666664,25.0,63.0,63.0,24.0,0.0,27.0,34.333333333333336,25.0,63.0,64.0,27.0,0.0,27.0,92.5,82.0,106.0,106.0,95.0,83.0,83.0,93.33333333333333,82.0,106.0,106.0,99.0,83.0,84.0,27.866666666666664,27.0,63.1,25.0,25.0,0.0,27.1,29.183333333333334,27.0,65.0,28.0,28.0,0.0,27.1,29.03333333333333,29.0,64.0,27.0,25.0,0.0,29.200000000000003,30.23333333333333,29.200000000000003,65.0,30.0,28.0,0.0,29.200000000000003,34.666666666666664,38.5,69.0,35.0,28.0,0.0,37.5,35.333333333333336,38.5,69.0,37.0,30.0,0.0,37.5,49.916666666666664,53.0,78.0,69.0,44.5,0.0,55.0,50.583333333333336,53.0,78.0,71.0,46.5,0.0,55.0,22.666666666666668,25.0,63.0,24.0,24.0,0.0,0.0,23.833333333333332,25.0,64.0,27.0,27.0,0.0,0.0,84.83333333333333,84.0,106.0,95.0,75.0,66.0,83.0,86.5,84.0,106.0,99.0,77.0,69.0,84.0,C_p25,16.8397,2.0586273310490486,E1,2.2862640070785107,4.0974601685303185,2.0784218246168282,1.6627374596934623,0.0,2.2268805263751728,1.2866420819056552,False,E1,-13.0,1.5142787579351176,3.3254749193869246,1.3064365754734348,0.8907522105500691,0.0,1.4548952772317796,2.0349345358800544,1.0,2,1,0,"gingiva_multi_component,region_zero,zenith_detection_failed",True,False,False,1.449946653839835,E1,3.741169636532653,2.642572203582588,0.326610047633803,0.1187672900486556,0.7719873853162617,1.0985974329500647,False
high/IMG_8593_jpg,IMG_8593_jpg,high/IMG_8593_jpg,high,train,0.0,2699,1799,True,oof,dev,1.5235,0.808,2.508,3.476,0.97,0.975,0.404,E1,False,False,28.366666666666664,35.0,39.0,41.0,14.0,24.0,17.2,29.875,35.0,39.25,42.0,18.0,24.0,21.0,29.75,37.0,39.5,41.0,15.0,26.0,20.0,31.0,37.0,40.0,42.0,18.0,26.0,23.0,35.0,42.0,44.0,43.0,17.0,34.0,30.0,36.708333333333336,44.0,44.0,45.0,21.0,34.25,32.0,50.0,49.0,56.0,61.0,33.0,49.0,52.0,51.666666666666664,50.0,57.5,64.0,35.0,49.5,54.0,24.833333333333332,32.0,39.0,40.0,14.0,22.0,2.0,28.0,32.0,39.0,41.0,17.0,22.0,17.0,80.83333333333333,75.0,83.0,100.0,88.0,70.0,69.0,82.16666666666667,75.0,83.0,104.0,92.0,70.0,69.0,24.066666666666663,35.0,39.0,14.35,23.1,19.0,13.950000000000003,26.183333333333334,35.0,40.0,18.0,23.1,22.0,19.0,26.7,37.0,40.0,15.0,25.0,20.0,23.200000000000003,28.21666666666667,37.0,42.0,18.0,25.0,23.0,24.3,34.458333333333336,42.0,43.0,18.75,29.5,33.0,40.5,36.208333333333336,44.0,43.75,22.0,29.5,35.5,42.5,49.416666666666664,51.0,52.5,40.5,42.0,53.0,57.5,50.583333333333336,52.0,54.0,42.5,42.0,54.0,59.0,21.0,32.0,39.0,14.0,22.0,17.0,2.0,24.666666666666668,32.0,39.0,17.0,22.0,21.0,17.0,81.5,82.0,100.0,100.0,69.0,69.0,69.0,82.83333333333333,82.0,104.0,104.0,69.0,69.0,69.0,27.666666666666668,33.0,39.0,40.0,14.0,23.0,17.0,29.333333333333332,33.0,39.0,42.0,18.0,23.0,21.0,28.400000000000002,34.0,39.0,41.0,14.0,23.4,19.0,29.733333333333334,34.0,39.0,42.0,18.0,23.4,22.0,29.583333333333332,37.0,39.0,41.0,15.0,25.5,20.0,30.916666666666668,37.0,40.0,42.0,18.0,25.5,23.0,33.5,43.0,41.0,42.0,16.0,30.0,29.0,34.666666666666664,43.0,42.0,43.0,19.0,30.0,31.0,27.333333333333332,32.0,39.0,40.0,14.0,22.0,17.0,28.666666666666668,32.0,39.0,41.0,17.0,22.0,21.0,52.333333333333336,62.0,51.0,48.0,37.0,50.0,66.0,53.166666666666664,62.0,51.0,50.0,39.0,50.0,67.0,C_p25,16.8397,1.756761304140414,E1,2.1971887860235038,2.3159557474301797,2.4347227088368557,0.8907522105500691,1.5142787579351176,1.1876696140667589,0.9847760549970208,False,E1,-13.0,1.4252035368801106,1.5439704982867866,1.6627374596934623,0.11876696140667589,0.7422935087917243,0.4156843649233656,2.0545012141096706,1.0,1,1,6,,False,False,False,0.9847760549970208,E1,0.8313710303405896,1.0689056104379009,2.197194865900129,0.1781509350729834,0.7126037402919339,0.9204464978770812,False
high/IMG_7309_jpg,IMG_7309_jpg,high/IMG_7309_jpg,high,valid,3.0,2697,1798,True,oof,dev,2.708333333333333,1.875,3.25,2.125,2.375,4.5,2.125,E1,False,False,41.23333333333333,38.7,58.0,30.0,25.0,71.0,24.7,44.449999999999996,42.0,59.0,32.0,29.0,74.0,30.7,44.23333333333333,41.0,59.0,31.0,26.0,71.0,37.4,46.53333333333333,43.0,59.0,33.0,29.4,74.0,40.8,47.75,44.5,62.0,33.0,29.0,73.0,45.0,50.125,46.5,63.0,36.0,33.0,75.75,46.5,56.916666666666664,50.0,77.0,40.0,38.0,85.5,51.0,59.916666666666664,53.0,79.0,44.0,43.0,88.5,52.0,37.166666666666664,28.0,58.0,30.0,24.0,70.0,13.0,40.5,32.0,58.0,32.0,28.0,73.0,20.0,93.0,74.0,106.0,84.0,84.0,115.0,95.0,95.5,75.0,110.0,87.0,88.0,116.0,97.0,41.916666666666664,41.0,58.0,30.0,25.0,71.0,26.5,44.833333333333336,43.0,59.0,32.45,29.0,73.8,31.75,45.083333333333336,42.0,59.0,31.0,26.0,71.0,41.5,47.166666666666664,43.0,59.0,33.0,30.0,74.0,44.0,48.0,46.0,60.0,34.0,30.0,72.0,46.0,50.333333333333336,48.0,61.0,37.0,34.0,75.0,47.0,56.0,52.0,69.5,42.0,41.0,78.0,53.5,58.75,55.0,70.0,46.0,45.0,81.0,55.5,37.166666666666664,28.0,58.0,30.0,24.0,70.0,13.0,40.5,32.0,58.0,32.0,28.0,73.0,20.0,107.83333333333333,97.0,106.0,106.0,109.0,114.0,115.0,110.16666666666667,98.0,109.0,110.0,113.0,115.0,116.0,43.78333333333333,41.0,58.0,30.0,25.0,71.0,37.7,46.06666666666666,43.0,58.0,32.0,29.0,73.0,41.4,44.56666666666666,41.0,58.0,30.0,25.0,71.0,42.4,46.96666666666667,43.0,59.0,32.0,29.0,73.4,45.4,45.583333333333336,42.0,59.0,31.0,25.5,71.0,45.0,47.666666666666664,44.0,59.0,33.0,29.0,74.0,47.0,47.5,45.0,60.0,32.0,27.0,72.0,49.0,49.666666666666664,46.0,61.0,34.0,31.0,75.0,51.0,42.833333333333336,41.0,58.0,30.0,24.0,70.0,34.0,45.166666666666664,42.0,58.0,32.0,28.0,73.0,38.0,60.833333333333336,60.0,82.0,38.0,38.0,78.0,69.0,64.16666666666667,64.0,82.0,42.0,42.0,83.0,72.0,C_p25,16.8397,2.7068969953938216,E1,2.4941061895401937,3.5036253614969386,1.8408879018034763,1.5142787579351176,4.216227129936994,2.6722566316502077,1.9349117462504282,False,E1,-13.0,1.7221209403968003,2.731640112353545,1.0689026526600829,0.7422935087917243,3.4442418807936006,1.9002713825068143,2.802926656392479,3.0,1,1,6,,False,False,False,2.3802878515254626,E1,1.8408929957541624,3.4442514114110137,1.9596602858028185,1.009521965413573,3.5927105239718333,2.4347294459974407,False
high/IMG_3693-_jpg,IMG_3693-_jpg,high/IMG_3693-_jpg,high,test,0.0,2699,1799,True,oof,dev,1.955833333333333,2.743,2.068,1.619,2.023,2.158,1.124,E1,False,False,44.0,38.0,53.0,40.0,48.0,53.0,32.0,47.333333333333336,44.0,54.0,43.0,52.0,55.0,36.0,45.81666666666666,46.0,54.0,40.0,48.0,53.9,33.0,49.166666666666664,52.0,55.0,43.0,52.0,56.0,37.0,51.458333333333336,57.0,57.75,42.0,51.0,62.0,39.0,55.166666666666664,62.0,60.0,44.0,56.0,65.0,44.0,64.91666666666667,68.0,67.5,51.0,67.0,81.0,55.0,68.5,73.0,70.0,54.0,71.0,84.0,59.0,42.666666666666664,33.0,52.0,40.0,48.0,52.0,31.0,45.833333333333336,38.0,53.0,42.0,52.0,54.0,36.0,116.83333333333333,108.0,130.0,118.0,128.0,145.0,72.0,119.5,111.0,133.0,120.0,131.0,148.0,74.0,44.5,37.0,56.0,53.0,40.0,48.0,33.0,48.13333333333333,42.8,60.0,54.0,43.0,52.0,37.0,46.21666666666667,43.0,57.0,53.0,41.0,48.0,35.3,50.28333333333333,49.0,61.0,55.0,43.0,52.7,41.0,53.333333333333336,61.0,59.0,56.0,42.0,52.0,50.0,56.833333333333336,67.0,63.0,57.0,44.0,56.0,54.0,65.83333333333333,74.0,72.0,66.0,53.0,69.0,61.0,69.0,77.0,76.0,68.0,56.0,73.0,64.0,43.333333333333336,33.0,56.0,52.0,40.0,48.0,31.0,46.666666666666664,38.0,59.0,53.0,42.0,52.0,36.0,129.5,101.0,130.0,130.0,128.0,143.0,145.0,132.5,104.0,133.0,133.0,131.0,146.0,148.0,46.666666666666664,56.0,52.0,40.0,48.0,52.0,32.0,49.61666666666667,59.7,54.0,42.0,52.0,54.0,36.0,47.06666666666666,56.4,53.0,40.0,48.0,53.0,32.0,50.0,60.0,54.0,43.0,52.0,55.0,36.0,47.583333333333336,58.0,53.5,40.0,48.0,53.0,33.0,50.75,61.5,55.0,43.0,52.0,56.0,37.0,49.833333333333336,60.0,55.0,41.0,50.0,56.0,37.0,53.166666666666664,65.0,57.0,43.0,54.0,59.0,41.0,46.5,56.0,52.0,40.0,48.0,52.0,31.0,49.333333333333336,59.0,53.0,42.0,52.0,54.0,36.0,68.5,108.0,68.0,46.0,56.0,75.0,58.0,71.66666666666667,111.0,70.0,49.0,61.0,78.0,61.0,C_p25,16.8397,2.825663956800497,E1,3.4442418807936006,3.17701621762858,2.3753392281335177,2.850407073760221,3.147324477276911,1.959654863210152,2.053678707657104,False,E1,-13.0,2.6722566316502077,2.4050309684851867,1.6033539789901246,2.0784218246168282,2.3753392281335177,1.1876696140667589,3.020605951696956,3.0,1,1,6,,False,False,False,2.3060585006462904,E1,3.028565896240719,2.3159621559487853,2.1378112208758018,2.3159621559487853,2.73164767111908,1.306440190535212,False
high/IMG_7289_jpg,IMG_7289_jpg,high/IMG_7289_jpg,high,valid,3.0,2608,1739,False,oof,holdout,4.1001666666666665,3.686,4.054,3.868,5.252,5.437,2.304,E2-E3,False,False,,,,,,,,,,,,,,,,,,,,,,,,,,,,,,,,,,,,,,,,,,,,,,,,,,,,,,,,,,,,,,,,,,,,,,,,,,,,,,,,,,,,,,,,,,,,,,,,,,,,,,,,,,,,,,,,,,,,,,,,,,,,,,,,,,,,,,,,,,,,,,,,,,,,,,,,,,,,,,,,,,,,,,,,,,,,,,,,,,,,,,,,,,,,,,,,,,,,,,,,,,,,,,,,,,,,,,,,,,,,,,,,,,,,,,,,,,,,,,,,,,,,,,,,,,,,,C_p25,16.8397,,UNCLASSIFIED,,,,,,,,False,UNCLASSIFIED,-13.0,,,,,,,,,0,1,0,"no_gingiva_mask,frame_uncertain",False,False,True,4.265713363856442,E2-E3,3.1473331862893748,4.216238796727276,4.156855151702947,4.631924311897571,6.413433662627405,3.028565896240719,False
high/IMG_3800-_jpg,IMG_3800-_jpg,high/IMG_3800-_jpg,high,valid,2.0,2698,1799,True,oof,holdout,2.736833333333333,0.0,2.647,2.512,2.871,4.981,3.41,E1,True,False,51.1,21.000000000000007,34.2,57.0,62.0,70.0,62.400000000000006,66.3,65.2,40.2,71.0,71.0,86.0,64.4,60.6,50.400000000000006,42.800000000000004,58.0,62.0,76.0,74.4,72.03333333333335,75.4,47.400000000000006,71.0,73.0,90.0,75.4,78.0,63.0,85.0,61.0,66.0,111.0,82.0,90.5,87.0,93.0,73.0,83.0,121.0,86.0,98.66666666666667,93.0,98.0,78.0,82.0,127.0,114.0,109.33333333333333,111.0,105.0,85.0,102.0,136.0,117.0,46.333333333333336,17.0,30.0,57.0,61.0,66.0,47.0,54.5,20.0,37.0,71.0,70.0,80.0,49.0,154.66666666666666,165.0,169.0,145.0,127.0,158.0,164.0,164.16666666666666,170.0,176.0,150.0,149.0,170.0,170.0,50.666666666666664,20.0,31.7,58.0,62.0,76.0,56.3,64.08333333333333,64.2,38.0,71.0,72.0,81.0,58.3,57.56666666666667,47.8,35.0,59.0,64.0,77.0,62.6,68.16666666666667,72.4,41.0,72.0,77.0,82.0,64.6,70.5,62.0,51.0,69.5,76.0,80.0,84.5,81.5,86.0,56.5,83.0,92.0,86.0,85.5,102.75,88.0,107.0,94.0,114.0,98.5,115.0,111.08333333333333,107.0,110.0,105.0,124.0,103.5,117.0,47.833333333333336,17.0,30.0,57.0,61.0,75.0,47.0,54.5,20.0,37.0,71.0,70.0,80.0,49.0,162.66666666666666,162.0,168.0,169.0,163.0,164.0,150.0,168.83333333333334,168.0,176.0,175.0,170.0,170.0,154.0,70.45,31.0,85.7,57.0,61.0,112.0,76.0,79.18333333333332,37.7,94.0,71.0,70.0,121.7,80.7,70.96666666666665,32.4,86.0,57.0,61.0,113.0,76.4,79.7,38.4,95.0,71.0,70.4,122.0,81.4,73.33333333333333,39.0,87.0,57.5,62.0,115.0,79.5,82.0,44.5,96.0,71.0,72.0,124.0,84.5,80.33333333333333,58.0,93.0,59.0,64.0,120.0,88.0,88.83333333333333,63.0,100.0,73.0,77.0,128.0,92.0,69.83333333333333,30.0,85.0,57.0,61.0,111.0,75.0,78.5,37.0,93.0,71.0,70.0,120.0,80.0,115.33333333333333,153.0,107.0,65.0,70.0,144.0,153.0,126.5,162.0,115.0,84.0,87.0,152.0,159.0,C_p25,16.8397,4.354788584911449,E2-E3,2.3159557474301797,5.166362821190401,3.4145501404419316,3.6817758036069526,6.829100280883863,4.720986715915367,3.5828033357680558,False,E1-E2,-13.0,1.5439704982867866,4.3943775720470075,2.6425648912985387,2.909790554463559,6.05711503174047,3.949001466771973,4.578602705730122,8.0,1,1,6,,False,False,False,4.000962012387394,E2-E3,4.869458891994881,3.681785991508325,2.73164767111908,3.2215627425697844,5.582062632286815,3.919320571605637,True
high/IMG_3595-_jpg,IMG_3595-_jpg,high/IMG_3595-_jpg,high,test,1.0,2698,1799,True,oof,holdout,3.0421666666666667,3.978,4.552,2.784,2.254,3.182,1.503,E1-E2,False,False,56.625,41.75,88.0,55.0,46.0,73.0,36.0,60.583333333333336,48.5,90.0,59.0,50.0,76.0,40.0,58.916666666666664,52.0,89.5,56.0,46.0,73.0,37.0,62.666666666666664,57.5,92.0,59.5,50.0,76.0,41.0,65.95833333333333,78.75,91.0,57.0,48.0,76.0,45.0,69.54166666666667,81.75,95.0,60.75,52.0,79.0,48.75,75.25,93.0,100.0,63.0,56.0,82.0,57.5,78.41666666666667,95.0,104.0,66.5,60.0,85.0,60.0,51.666666666666664,30.0,87.0,55.0,45.0,65.0,28.0,55.5,37.0,88.0,58.0,49.0,69.0,32.0,118.83333333333333,135.0,127.0,123.0,121.0,117.0,90.0,122.0,137.0,131.0,127.0,124.0,121.0,92.0,50.0,39.3,88.0,56.0,46.0,37.0,33.7,53.80833333333333,46.15,89.0,59.0,50.0,41.0,37.7,53.166666666666664,47.6,88.0,56.0,46.0,41.0,40.400000000000006,56.98333333333333,54.3,90.0,60.0,50.0,44.2,43.400000000000006,64.79166666666667,72.75,91.0,60.0,48.0,64.0,53.0,68.29166666666667,76.75,92.0,64.0,52.0,69.0,56.0,79.41666666666667,92.0,100.5,90.0,57.0,77.0,60.0,82.66666666666667,95.0,103.0,94.0,61.0,80.0,63.0,46.833333333333336,30.0,87.0,55.0,45.0,36.0,28.0,50.5,37.0,88.0,58.0,49.0,39.0,32.0,120.5,133.0,135.0,127.0,121.0,117.0,90.0,123.33333333333333,135.0,137.0,131.0,124.0,121.0,92.0,64.28333333333333,87.0,89.7,55.0,45.0,73.0,36.0,67.61666666666666,89.0,93.0,58.0,49.7,76.0,40.0,64.66666666666667,88.0,90.0,55.0,45.0,73.0,37.0,68.0,89.0,94.0,59.0,50.0,76.0,40.0,65.33333333333333,89.0,91.0,56.0,46.0,73.0,37.0,68.58333333333333,91.0,94.5,59.0,50.0,76.0,41.0,67.33333333333333,91.0,93.0,56.0,46.0,75.0,43.0,70.83333333333333,92.0,97.0,60.0,51.0,78.0,47.0,64.16666666666667,87.0,89.0,55.0,45.0,73.0,36.0,67.0,88.0,93.0,58.0,49.0,75.0,39.0,82.5,120.0,101.0,58.0,51.0,83.0,82.0,85.66666666666667,121.0,106.0,61.0,55.0,86.0,85.0,C_p25,16.8397,3.8797207392847453,E1-E2,5.285129782597077,5.403896744003752,3.3254749193869246,2.731640112353545,4.3349940913436695,2.1971887860235038,3.1077354901413523,False,E1-E2,-13.0,4.5131445334536835,4.6319114948603595,2.5534896702435317,1.959654863210152,3.5630088422002766,1.4252035368801106,3.8717564546852477,4.0,1,1,6,,False,False,False,3.0483520094380148,E1-E2,5.225760762140848,4.810075246970554,2.0784275758514736,1.5439747706325233,3.384867766386686,1.2470565455108842,False
high/IMG_3792-_jpg,IMG_3792-_jpg,high/IMG_3792-_jpg,high,valid,1.0,2698,1799,True,oof,holdout,3.326166666666667,4.186,4.328,2.759,1.597,4.043,3.044,E1-E2,False,False,58.824999999999996,45.45,87.0,63.0,45.0,81.0,31.5,62.574999999999996,48.45,90.5,66.0,49.0,84.0,37.5,63.13333333333333,53.900000000000006,91.0,63.0,46.0,81.9,43.0,66.64999999999999,56.900000000000006,94.0,67.0,49.0,85.0,48.0,72.66666666666667,78.0,92.5,64.0,49.0,87.0,65.5,76.04166666666667,80.25,95.5,69.0,51.0,91.0,69.5,81.33333333333333,90.0,102.0,69.0,56.5,100.5,70.0,85.25,93.0,105.0,76.0,60.0,104.5,73.0,55.0,38.0,85.0,62.0,44.0,80.0,21.0,59.166666666666664,42.0,88.0,65.0,48.0,84.0,28.0,124.0,125.0,138.0,133.0,105.0,134.0,109.0,128.5,129.0,141.0,136.0,115.0,139.0,111.0,57.56666666666666,48.9,91.0,63.0,46.0,69.0,27.5,60.9,51.9,94.0,66.0,49.0,70.0,34.5,60.96666666666667,59.8,92.0,63.0,47.0,69.0,35.0,64.46666666666667,62.8,95.0,67.0,50.0,71.0,41.0,70.58333333333333,86.0,94.0,64.0,53.0,74.0,52.5,73.95833333333333,89.0,97.0,69.0,55.25,76.0,57.5,84.25,93.0,105.5,69.0,81.0,90.0,67.0,88.16666666666667,96.0,108.5,75.0,84.5,94.0,71.0,54.0,38.0,91.0,62.0,44.0,68.0,21.0,57.833333333333336,42.0,94.0,65.0,48.0,70.0,28.0,130.5,138.0,137.0,132.0,133.0,134.0,109.0,133.83333333333334,141.0,140.0,135.0,137.0,139.0,111.0,71.95,85.0,91.0,62.7,45.0,80.0,68.0,75.0,88.0,94.0,66.0,48.0,84.0,70.0,72.39999999999999,85.4,91.0,63.0,45.0,81.0,69.0,75.23333333333333,89.0,94.0,66.0,48.0,84.0,70.4,73.0,86.0,92.0,63.0,46.0,81.0,70.0,76.0,89.0,95.0,66.5,49.0,84.5,72.0,74.83333333333333,87.0,93.0,64.0,47.0,84.0,74.0,78.0,91.0,96.0,67.0,50.0,87.0,77.0,71.66666666666667,85.0,91.0,62.0,44.0,80.0,68.0,74.83333333333333,88.0,94.0,65.0,48.0,84.0,70.0,89.66666666666667,106.0,105.0,68.0,50.0,100.0,109.0,92.83333333333333,109.0,108.0,71.0,54.0,104.0,111.0,C_p25,16.8397,4.3349940913436695,E2-E3,5.106979340487063,5.46328022470709,3.7411592843102905,2.731640112353545,4.810061936970373,4.1568436492336565,3.5630088422002766,False,E1-E2,-13.0,4.3349940913436695,4.6912949755636975,2.969174035166897,1.959654863210152,4.0380766878269805,3.3848584000902626,4.265535854056268,3.0,1,1,6,,False,False,False,3.7411592843102905,E1-E2,5.106993472092193,5.285144407165176,3.384867766386686,1.6033584156568512,3.741169636532653,3.3254841213623583,False
high/IMG_3552_jpg,IMG_3552_jpg,high/IMG_3552_jpg,high,train,3.0,2698,1799,True,oof,holdout,1.030333333333333,0.751,2.914,0.751,0.177,1.236,0.353,E1,False,False,13.266666666666666,23.0,31.3,0.0,0.0,0.0,25.3,13.6,23.0,33.3,0.0,0.0,0.0,25.3,15.200000000000001,23.0,39.2,0.0,0.0,0.0,29.0,15.366666666666667,23.0,40.2,0.0,0.0,0.0,29.0,26.0,33.0,71.0,0.0,0.0,21.5,30.5,26.0,33.0,71.0,0.0,0.0,21.5,30.5,37.833333333333336,67.0,74.0,0.0,0.0,48.0,38.0,38.0,67.0,75.0,0.0,0.0,48.0,38.0,9.666666666666666,22.0,22.0,0.0,0.0,0.0,14.0,10.166666666666666,22.0,25.0,0.0,0.0,0.0,14.0,76.5,106.0,89.0,56.0,61.0,75.0,72.0,78.16666666666667,106.0,91.0,59.0,65.0,76.0,72.0,23.63333333333333,22.0,71.0,0.0,0.0,29.1,19.7,23.63333333333333,22.0,71.0,0.0,0.0,29.1,19.7,24.633333333333336,23.0,71.0,0.0,0.0,30.0,23.8,24.633333333333336,23.0,71.0,0.0,0.0,30.0,23.8,28.041666666666668,27.75,73.0,0.0,0.0,33.0,34.5,28.041666666666668,27.75,73.0,0.0,0.0,33.0,34.5,40.5,44.0,78.0,24.0,0.0,44.0,53.0,41.166666666666664,44.0,78.0,27.0,0.0,45.0,53.0,22.666666666666668,22.0,71.0,0.0,0.0,29.0,14.0,22.666666666666668,22.0,71.0,0.0,0.0,29.0,14.0,86.66666666666667,105.0,106.0,89.0,74.0,75.0,71.0,87.33333333333333,105.0,106.0,91.0,75.0,76.0,71.0,13.266666666666666,23.0,31.3,0.0,0.0,0.0,25.3,13.6,23.0,33.3,0.0,0.0,0.0,25.3,15.200000000000001,23.0,39.2,0.0,0.0,0.0,29.0,15.366666666666667,23.0,40.2,0.0,0.0,0.0,29.0,26.0,33.0,71.0,0.0,0.0,21.5,30.5,26.0,33.0,71.0,0.0,0.0,21.5,30.5,37.833333333333336,67.0,74.0,0.0,0.0,48.0,38.0,38.0,67.0,75.0,0.0,0.0,48.0,38.0,9.666666666666666,22.0,22.0,0.0,0.0,0.0,14.0,10.166666666666666,22.0,25.0,0.0,0.0,0.0,14.0,76.5,106.0,89.0,56.0,61.0,75.0,72.0,78.16666666666667,106.0,91.0,59.0,65.0,76.0,72.0,C_p25,16.8397,1.5439704982867866,E1,1.959654863210152,4.216227129936994,0.0,0.0,1.2767448351217658,1.8111961614518073,0.7719852491433933,False,E1,-13.0,1.1876696140667589,3.4442418807936006,0.0,0.0,0.5047595859783726,1.0392109123084141,1.5262009019100409,0.0,3,1,0,"gingiva_multi_component,region_zero,zenith_detection_failed",True,False,False,1.0985943930117519,E1,0.6235282727554421,4.216238796727276,0.1781509350729834,0.1187672900486556,0.7422955628040978,0.7126037402919339,False
high/IMG_6907_jpg,IMG_6907_jpg,high/IMG_6907_jpg,high,test,4.0,2696,1798,True,oof,dev,3.560666666666666,5.273,4.455,0.727,2.727,3.818,4.364,E1-E2,False,False,65.075,67.2,104.0,18.0,57.0,78.05,66.2,67.24999999999999,69.2,107.0,19.0,58.1,79.0,71.2,70.76666666666667,85.4,105.0,18.0,57.0,79.0,80.2,72.6,85.4,108.0,19.0,59.0,80.0,84.2,80.95833333333333,117.5,109.0,20.0,59.0,81.25,99.0,83.125,119.5,112.0,21.0,60.5,83.25,102.5,91.66666666666667,129.0,116.0,27.0,72.0,97.0,109.0,93.58333333333333,130.0,118.0,28.0,73.0,98.5,114.0,54.0,42.0,93.0,18.0,56.0,78.0,37.0,57.0,48.0,96.0,19.0,58.0,79.0,42.0,132.0,156.0,155.0,89.0,112.0,139.0,141.0,134.5,156.0,155.0,93.0,114.0,146.0,143.0,62.150000000000006,60.8,18.0,57.0,78.0,98.0,61.1,64.78333333333335,63.8,19.8,58.0,79.0,102.0,66.1,66.60000000000001,75.8,19.0,57.0,79.0,98.0,70.8,68.93333333333334,76.8,21.0,59.0,79.0,102.0,75.8,78.41666666666667,106.0,32.0,58.0,80.0,100.0,94.5,80.75,107.0,33.0,60.0,82.0,105.0,97.5,104.91666666666667,136.0,104.0,70.0,90.0,108.5,121.0,107.41666666666667,138.0,107.0,72.0,91.0,114.5,122.0,54.666666666666664,42.0,18.0,56.0,78.0,97.0,37.0,57.833333333333336,48.0,19.0,58.0,79.0,101.0,42.0,140.83333333333334,156.0,156.0,113.0,138.0,141.0,141.0,143.33333333333334,156.0,156.0,115.0,144.0,146.0,143.0,80.33333333333333,127.0,104.0,18.0,57.0,78.0,98.0,82.0,127.0,107.0,19.0,58.0,79.0,102.0,80.33333333333333,127.0,104.0,18.0,57.0,78.0,98.0,82.0,127.0,107.0,19.0,58.0,79.0,102.0,81.0,127.0,105.5,18.0,57.0,79.0,99.5,82.83333333333333,127.0,108.0,19.0,59.0,80.0,104.0,83.33333333333333,130.0,109.0,19.0,58.0,80.0,104.0,85.0,130.0,112.0,20.0,59.0,81.0,108.0,79.66666666666667,126.0,103.0,18.0,56.0,78.0,97.0,81.66666666666667,126.0,107.0,19.0,58.0,79.0,101.0,106.83333333333333,156.0,152.0,25.0,67.0,100.0,141.0,108.5,156.0,153.0,26.0,68.0,105.0,143.0,C_p25,16.8397,4.810061936970373,E2-E3,7.541702049323919,6.264957214202153,1.0689026526600829,3.3848584000902626,4.6912949755636975,5.908656329982126,4.0380766878269805,False,E2-E3,-13.0,6.769716800180525,5.49297196505876,0.2969174035166897,2.6128731509468697,3.919309726420304,5.136671080838732,4.752256975017963,2.0,1,1,6,,False,False,False,3.5580602188083312,E1-E2,5.878980857408455,4.335006086775931,0.2969182251216391,2.612880381070424,3.741169636532653,4.483465199336751,False
high/IMG_2739-_jpg,IMG_2739-_jpg,high/IMG_2739-_jpg,high,train,1.0,2699,1799,True,oof,holdout,2.4341666666666666,0.0,2.683,2.684,3.739,4.751,0.748,E1,True,False,61.61666666666667,24.7,71.0,69.0,76.0,104.0,25.0,64.23333333333333,24.7,72.0,76.0,80.0,106.0,26.7,63.916666666666664,30.0,72.0,70.0,77.0,104.5,30.0,66.56666666666666,30.0,73.0,77.0,80.0,107.0,32.4,68.08333333333333,33.5,77.0,71.0,80.0,110.0,37.0,70.875,33.5,79.0,79.0,82.0,112.75,39.0,81.25,49.0,98.0,80.0,84.0,123.5,53.0,85.41666666666667,49.0,99.5,93.0,88.0,128.0,55.0,58.833333333333336,19.0,69.0,69.0,76.0,104.0,16.0,61.166666666666664,19.0,70.0,76.0,79.0,106.0,17.0,149.0,121.0,168.0,151.0,142.0,164.0,148.0,154.83333333333334,121.0,169.0,164.0,155.0,170.0,150.0,48.650000000000006,22.200000000000003,70.5,69.0,76.4,34.0,19.8,51.550000000000004,22.200000000000003,71.5,77.0,80.0,37.0,21.6,51.916666666666664,30.0,72.0,70.0,77.0,38.900000000000006,23.6,54.28333333333334,30.0,73.0,77.1,80.0,41.0,24.6,60.916666666666664,31.0,77.5,71.0,80.0,74.0,32.0,63.416666666666664,31.0,78.5,79.0,83.0,76.0,33.0,78.5,42.0,101.0,85.0,89.0,110.0,44.0,81.41666666666667,42.0,101.0,94.0,94.0,112.5,45.0,46.333333333333336,19.0,69.0,69.0,76.0,29.0,16.0,48.833333333333336,19.0,70.0,76.0,79.0,32.0,17.0,142.66666666666666,121.0,165.0,168.0,164.0,164.0,74.0,145.5,121.0,167.0,169.0,170.0,170.0,76.0,63.166666666666664,30.0,70.0,69.0,76.0,104.0,30.0,66.16666666666667,30.0,71.0,78.0,79.0,106.0,33.0,63.333333333333336,30.0,70.0,69.0,76.0,104.0,31.0,66.33333333333333,30.0,71.0,78.0,79.0,106.0,34.0,64.58333333333333,30.0,72.0,70.0,77.0,104.0,34.5,67.75,30.0,73.0,79.0,80.0,107.0,37.5,67.66666666666667,36.0,75.0,70.0,78.0,107.0,40.0,70.66666666666667,36.0,76.0,79.0,81.0,109.0,43.0,62.833333333333336,30.0,69.0,69.0,76.0,104.0,29.0,65.66666666666667,30.0,70.0,77.0,79.0,106.0,32.0,83.16666666666667,54.0,95.0,78.0,82.0,116.0,74.0,86.5,54.0,95.0,90.0,85.0,119.0,76.0,C_p25,16.8397,3.835183128757242,E1-E2,1.7815044211001383,4.2756106106403315,4.1568436492336565,4.5725280141570215,6.175881993147146,2.0487300842651592,3.0631978796138486,False,E1-E2,-13.0,1.0095191719567451,3.5036253614969386,3.3848584000902626,3.8005427650136285,5.403896744003752,1.2767448351217658,3.996494028399049,3.0,1,1,6,,False,False,False,3.0829923731816278,E1-E2,0.8313710303405896,3.473943233923177,3.028565896240719,3.741169636532653,5.403911697213832,2.019043930827146,False
high/gummy30_JPG,gummy30_JPG,high/gummy30_JPG,high,train,2.0,2698,1799,True,oof,dev,1.1561666666666668,0.0,0.595,1.85,2.247,2.245,0.0,E1,True,False,31.200000000000003,7.4,38.0,33.0,46.0,47.0,15.8,33.925000000000004,11.0,39.4,35.0,47.35,49.0,21.8,34.03333333333334,11.8,39.0,33.0,46.0,48.8,25.6,36.233333333333334,13.8,41.0,35.0,48.0,50.0,29.6,40.625,21.0,47.0,34.0,47.75,53.0,41.0,41.833333333333336,21.0,49.0,36.0,49.0,54.0,42.0,50.166666666666664,23.0,61.0,43.0,57.0,70.0,47.0,51.416666666666664,23.0,63.0,45.0,58.5,72.0,47.0,27.833333333333332,2.0,37.0,33.0,45.0,47.0,3.0,31.833333333333332,8.0,39.0,35.0,47.0,49.0,13.0,85.33333333333333,37.0,91.0,104.0,104.0,98.0,78.0,86.66666666666667,37.0,92.0,106.0,106.0,100.0,79.0,31.200000000000003,7.4,38.0,33.0,46.0,47.0,15.8,33.925000000000004,11.0,39.4,35.0,47.35,49.0,21.8,34.03333333333334,11.8,39.0,33.0,46.0,48.8,25.6,36.233333333333334,13.8,41.0,35.0,48.0,50.0,29.6,40.625,21.0,47.0,34.0,47.75,53.0,41.0,41.833333333333336,21.0,49.0,36.0,49.0,54.0,42.0,50.166666666666664,23.0,61.0,43.0,57.0,70.0,47.0,51.416666666666664,23.0,63.0,45.0,58.5,72.0,47.0,27.833333333333332,2.0,37.0,33.0,45.0,47.0,3.0,31.833333333333332,8.0,39.0,35.0,47.0,49.0,13.0,85.33333333333333,37.0,91.0,104.0,104.0,98.0,78.0,86.66666666666667,37.0,92.0,106.0,106.0,100.0,79.0,31.200000000000003,7.4,38.0,33.0,46.0,47.0,15.8,33.925000000000004,11.0,39.4,35.0,47.35,49.0,21.8,34.03333333333334,11.8,39.0,33.0,46.0,48.8,25.6,36.233333333333334,13.8,41.0,35.0,48.0,50.0,29.6,40.625,21.0,47.0,34.0,47.75,53.0,41.0,41.833333333333336,21.0,49.0,36.0,49.0,54.0,42.0,50.166666666666664,23.0,61.0,43.0,57.0,70.0,47.0,51.416666666666664,23.0,63.0,45.0,58.5,72.0,47.0,27.833333333333332,2.0,37.0,33.0,45.0,47.0,3.0,31.833333333333332,8.0,39.0,35.0,47.0,49.0,13.0,85.33333333333333,37.0,91.0,104.0,104.0,98.0,78.0,86.66666666666667,37.0,92.0,106.0,106.0,100.0,79.0,C_p25,16.8397,2.412453903573104,E1,1.2470530947700968,2.791023593056883,2.0190383439134902,2.835561203584387,3.147324477276911,2.4347227088368557,1.6404686544297107,False,E1,-13.0,0.47506784562670357,2.0190383439134902,1.2470530947700968,2.0635759544409935,2.3753392281335177,1.6627374596934623,2.384688909234439,2.0,1,1,0,"festoon_detection_failed,zenith_detection_failed",True,False,False,2.0586273310490486,E1,1.1876729004865565,1.6627420606811791,2.791031316143408,2.5534967360460965,3.1473331862893748,1.009521965413573,True
high/IMG_3866-_jpg,IMG_3866-_jpg,high/IMG_3866-_jpg,high,valid,1.0,2699,1799,True,oof,dev,0.6145,0.444,0.711,0.622,0.844,1.066,0.0,E1,True,False,21.833333333333332,19.0,29.0,20.0,21.0,35.0,7.0,23.166666666666668,19.0,29.0,25.0,22.0,35.0,9.0,22.666666666666668,20.0,30.0,20.0,22.0,35.0,9.0,23.666666666666668,20.0,30.0,25.0,22.0,35.0,10.0,25.5,23.0,34.0,23.0,22.0,37.0,14.0,26.666666666666668,23.0,34.0,27.0,23.0,37.0,16.0,38.5,38.0,52.0,31.0,29.0,48.0,33.0,39.5,38.0,52.0,33.0,33.0,48.0,33.0,20.5,18.0,28.0,19.0,20.0,32.0,6.0,22.166666666666668,18.0,28.0,25.0,21.0,32.0,9.0,93.33333333333333,93.0,111.0,79.0,101.0,100.0,76.0,94.83333333333333,93.0,111.0,83.0,106.0,100.0,76.0,21.808333333333334,19.0,29.0,20.0,21.0,35.0,6.8500000000000005,23.166666666666668,19.0,29.0,25.0,22.0,35.0,9.0,22.5,20.0,29.0,21.0,22.0,35.0,8.0,23.45,20.0,29.0,25.0,22.0,35.0,9.700000000000001,25.416666666666668,22.0,32.75,25.0,23.0,37.75,12.0,26.291666666666668,22.0,32.75,28.0,24.0,37.75,13.25,39.083333333333336,37.0,43.5,39.0,36.0,50.5,28.5,39.583333333333336,37.0,43.5,41.0,37.0,50.5,28.5,21.0,18.0,28.0,19.0,20.0,35.0,6.0,22.666666666666668,18.0,28.0,25.0,21.0,35.0,9.0,97.83333333333333,90.0,111.0,110.0,101.0,99.0,76.0,98.66666666666667,90.0,111.0,110.0,106.0,99.0,76.0,21.166666666666668,18.0,28.0,20.0,20.0,35.0,6.0,22.78333333333333,18.0,28.0,25.0,21.7,35.0,9.0,21.733333333333334,19.0,29.0,20.0,21.0,35.0,6.4,23.166666666666668,19.0,29.0,25.0,22.0,35.0,9.0,22.583333333333332,20.0,30.0,20.0,22.0,35.0,8.5,23.666666666666668,20.0,30.0,25.0,22.0,35.0,10.0,24.333333333333332,21.0,32.0,22.0,22.0,37.0,12.0,25.333333333333332,21.0,32.0,26.0,24.0,37.0,12.0,21.0,18.0,28.0,19.0,20.0,35.0,6.0,22.666666666666668,18.0,28.0,25.0,21.0,35.0,9.0,39.333333333333336,45.0,44.0,27.0,43.0,48.0,29.0,40.833333333333336,45.0,44.0,30.0,49.0,48.0,29.0,C_p25,16.8397,1.3410769392170485,E1,1.1876696140667589,1.7815044211001383,1.1876696140667589,1.3064365754734348,2.0784218246168282,0.5047595859783726,0.5690916900736552,False,E1,-13.0,0.4156843649233656,1.0095191719567451,0.4156843649233656,0.5344513263300414,1.3064365754734348,0.0,1.496850884565617,0.0,1,1,6,,False,False,False,0.9897246783889658,E1,0.3563018701459669,0.4156855151702948,1.36582383555954,1.306440190535212,2.256578510924457,0.2375345800973113,False
high/IMG_6488-_jpg,IMG_6488-_jpg,high/IMG_6488-_jpg,high,test,0.0,2697,1798,True,oof,holdout,4.627,2.183,4.471,6.135,5.199,5.927,3.847,E2-E3,False,False,73.45,30.0,89.0,96.0,94.0,99.9,31.8,77.8,34.0,91.0,102.0,97.0,103.0,39.8,76.60000000000001,34.0,91.0,96.0,94.0,103.0,41.6,80.9,38.8,92.0,102.0,97.0,106.0,49.6,84.83333333333333,43.0,96.5,99.0,95.0,106.0,69.5,88.66666666666667,46.0,98.5,105.0,99.0,111.0,72.5,97.5,47.0,115.0,105.0,114.0,118.0,86.0,101.0,50.0,117.0,110.0,119.0,122.0,88.0,70.0,26.0,88.0,95.0,94.0,97.0,20.0,73.66666666666667,29.0,89.0,101.0,96.0,101.0,26.0,147.66666666666666,100.0,157.0,163.0,155.0,164.0,147.0,151.5,103.0,161.0,168.0,159.0,167.0,151.0,73.76666666666667,30.0,89.0,96.0,94.0,104.0,29.6,78.60000000000001,34.0,91.0,102.0,97.0,110.0,37.6,76.86666666666666,36.0,91.0,96.0,94.0,105.0,39.2,81.53333333333333,40.0,92.0,102.0,97.0,111.0,47.2,84.70833333333333,44.0,96.0,101.0,95.25,108.0,64.0,87.95833333333333,46.0,98.0,105.0,99.0,113.75,66.0,96.75,49.0,114.5,109.0,106.5,120.5,81.0,100.75,52.0,116.5,114.0,110.0,126.0,86.0,71.0,26.0,88.0,95.0,94.0,103.0,20.0,75.0,29.0,89.0,101.0,96.0,109.0,26.0,157.66666666666666,147.0,162.0,163.0,163.0,164.0,147.0,161.33333333333334,150.0,166.0,168.0,166.0,167.0,151.0,83.61666666666666,43.0,88.0,96.0,94.0,104.0,76.7,87.28333333333335,45.0,89.7,101.0,97.0,110.0,81.0,83.89999999999999,43.0,89.0,96.0,94.0,104.0,77.4,87.83333333333333,45.0,91.0,102.0,97.0,110.0,82.0,84.91666666666667,44.0,91.0,96.0,94.0,105.5,79.0,88.66666666666667,46.0,92.0,102.0,97.0,111.0,84.0,87.66666666666667,47.0,94.0,98.0,95.0,108.0,84.0,91.33333333333333,50.0,96.0,103.0,98.0,114.0,87.0,83.0,43.0,88.0,95.0,94.0,103.0,75.0,86.33333333333333,45.0,89.0,101.0,96.0,109.0,78.0,104.83333333333333,58.0,126.0,109.0,104.0,132.0,100.0,108.83333333333333,62.0,128.0,115.0,110.0,136.0,102.0,C_p25,16.8397,5.0426472363917805,E2-E3,2.6128731509468697,5.403896744003752,5.700814147520442,5.582047186113766,6.264957214202153,4.6912949755636975,4.2706619872483875,False,E2-E3,-13.0,1.8408879018034763,4.6319114948603595,4.928828898377049,4.810061936970373,5.49297196505876,3.919309726420304,4.9797196094372485,4.0,1,1,6,,False,False,False,4.636860118252304,E2-E3,2.375345800973113,4.899150714507045,6.057131792481438,5.225760762140848,6.057131792481438,3.2067168313137024,False
high/IMG_2761-_jpg,IMG_2761-_jpg,high/IMG_2761-_jpg,high,train,0.0,2693,1796,False,oof,dev,3.2761666666666667,2.468,4.425,2.553,2.51,4.723,2.978,E1-E2,False,False,66.025,49.0,81.05,59.0,52.0,106.0,49.1,68.85833333333333,49.0,85.05,62.0,56.0,109.0,52.1,69.73333333333333,50.1,89.2,59.0,52.0,107.0,61.1,72.73333333333333,50.1,92.1,63.0,57.0,110.1,64.1,77.83333333333333,64.0,101.0,61.0,54.0,110.0,77.0,81.04166666666667,64.0,103.0,65.0,61.0,114.25,79.0,89.16666666666667,80.5,107.0,70.5,63.0,122.0,92.0,93.25,81.0,109.5,74.5,73.0,127.0,94.5,60.833333333333336,45.0,75.0,58.0,51.0,104.0,32.0,64.66666666666667,46.0,80.0,62.0,56.0,108.0,36.0,144.16666666666666,140.0,156.0,143.0,124.0,156.0,146.0,151.33333333333334,143.0,160.0,156.0,138.0,162.0,149.0,63.56666666666666,50.0,59.0,52.0,106.0,75.0,39.4,66.23333333333333,50.0,62.1,57.0,109.0,76.9,42.4,66.75,58.7,60.0,53.0,107.0,76.0,45.8,69.41666666666667,58.7,63.0,58.0,110.0,78.0,48.8,73.33333333333333,72.0,62.0,55.0,109.0,81.0,61.0,77.5,73.0,67.0,64.0,114.0,83.0,64.0,92.58333333333333,101.0,79.0,72.0,119.5,100.0,84.0,97.16666666666667,103.0,82.0,83.0,125.0,103.0,87.0,60.833333333333336,45.0,58.0,51.0,105.0,74.0,32.0,63.833333333333336,46.0,62.0,56.0,108.0,75.0,36.0,148.33333333333334,154.0,156.0,155.0,156.0,148.0,121.0,152.33333333333334,159.0,160.0,162.0,162.0,150.0,121.0,75.5,63.0,100.0,58.0,51.0,106.0,75.0,78.0,63.0,102.0,62.0,56.0,109.0,76.0,75.8,63.4,100.0,58.0,52.0,106.0,75.4,78.39999999999999,64.0,102.0,62.0,56.0,109.0,77.4,77.08333333333333,66.0,101.0,59.0,52.0,107.0,77.5,79.83333333333333,66.5,103.0,63.0,57.0,110.0,79.5,79.5,72.0,102.0,60.0,53.0,109.0,81.0,82.5,73.0,104.0,63.0,58.0,113.0,84.0,75.0,62.0,100.0,58.0,51.0,105.0,74.0,77.5,62.0,102.0,62.0,56.0,108.0,75.0,95.0,90.0,108.0,71.0,57.0,128.0,116.0,99.0,92.0,111.0,74.0,70.0,130.0,117.0,C_p25,16.8397,4.577476637548966,E2-E3,3.919309726420304,5.997731551037132,3.5036253614969386,3.087940996573573,6.35403243525716,4.602219754508691,3.805491388405573,False,E1-E2,-13.0,3.147324477276911,5.225746301893739,2.731640112353545,2.3159557474301797,5.582047186113766,3.8302345053652975,4.5688193666153145,3.0,1,1,6,frame_uncertain,False,False,False,3.7461079077022355,E1-E2,3.0582577187528828,6.235282727554422,2.375345800973113,2.1378112208758018,5.641446277311143,3.028565896240719,False
high/IMG_6931_jpg,IMG_6931_jpg,high/IMG_6931_jpg,high,train,3.0,2699,1799,True,oof,dev,4.544333333333333,3.795,5.493,3.596,3.995,5.893,4.494,E2-E3,False,False,82.95,76.45,96.45,66.0,78.45,115.0,65.35000000000001,87.70833333333333,78.45,98.45,71.0,84.0,121.0,73.35000000000001,88.5,79.0,105.0,66.0,79.0,116.0,86.0,92.95,82.0,107.80000000000001,72.0,85.0,121.0,89.9,92.04166666666667,82.0,109.0,69.0,80.0,122.0,90.25,96.54166666666667,85.0,112.25,75.0,86.0,127.0,94.0,108.41666666666667,93.5,121.0,79.0,90.0,139.0,128.0,114.5,99.5,125.0,84.5,98.0,144.5,135.5,69.5,59.0,89.0,66.0,78.0,108.0,17.0,75.33333333333333,65.0,91.0,71.0,84.0,111.0,30.0,156.0,163.0,156.0,151.0,140.0,163.0,163.0,161.66666666666666,165.0,163.0,157.0,148.0,170.0,167.0,85.65833333333335,75.05,79.0,66.0,88.0,159.5,46.4,89.80833333333334,76.05,82.0,72.0,91.0,161.0,56.8,89.64999999999999,79.1,80.0,68.0,90.0,160.0,60.8,93.5,81.2,83.0,74.0,93.0,161.0,68.8,105.70833333333333,88.0,98.5,78.75,115.0,160.0,94.0,110.04166666666667,93.0,100.5,84.0,119.75,162.0,101.0,120.91666666666667,107.5,113.0,88.0,129.0,161.0,127.0,126.16666666666667,113.5,117.0,95.5,134.0,162.0,135.0,77.5,59.0,78.0,66.0,86.0,159.0,17.0,82.83333333333333,65.0,81.0,71.0,89.0,161.0,30.0,162.66666666666666,161.0,163.0,163.0,163.0,163.0,163.0,166.5,163.0,165.0,170.0,169.0,165.0,167.0,88.28333333333335,79.0,105.7,66.0,78.0,115.0,86.0,92.83333333333333,82.0,110.0,71.0,84.0,121.0,89.0,88.5,79.0,106.0,66.0,78.0,115.0,87.0,93.0,82.0,110.0,71.0,84.0,121.0,90.0,89.41666666666667,80.0,107.5,66.0,79.0,116.0,88.0,94.0,83.0,111.0,72.0,85.0,122.0,91.0,91.5,82.0,110.0,67.0,79.0,120.0,91.0,96.0,85.0,114.0,73.0,85.0,125.0,94.0,88.0,78.0,105.0,66.0,78.0,115.0,86.0,92.5,81.0,109.0,71.0,84.0,121.0,89.0,127.0,163.0,137.0,72.0,83.0,146.0,161.0,131.66666666666666,165.0,142.0,78.0,90.0,152.0,163.0,C_p25,16.8397,5.309872899556801,E2-E3,4.750678456267035,6.383724175608829,3.919309726420304,4.6912949755636975,6.888483761587201,5.225746301893739,4.537887650413408,False,E2-E3,-13.0,3.978693207123642,5.611738926465436,3.147324477276911,3.919309726420304,6.116498512443808,4.4537610527503455,5.402849026152693,6.0,1,1,6,,False,False,False,4.720986715915367,E2-E3,3.830245104069145,6.2946663725787495,3.5036350564353413,3.41455958889885,6.8291191777977,4.453773376824587,False
high/IMG_6703_jpg,IMG_6703_jpg,high/IMG_6703_jpg,high,valid,3.0,2699,1799,True,oof,dev,2.729833333333333,3.471,3.362,2.278,1.844,2.495,2.929,E1,False,False,43.98333333333334,50.3,61.0,39.0,33.0,48.0,32.6,46.81666666666667,53.3,62.0,42.0,36.0,51.0,36.6,48.21666666666667,59.6,61.6,39.0,33.5,49.0,46.6,50.699999999999996,62.6,63.0,42.0,36.0,51.0,49.6,53.666666666666664,69.0,66.5,41.0,36.0,54.5,55.0,55.916666666666664,70.0,68.0,44.0,39.0,57.5,57.0,63.166666666666664,75.0,74.0,51.0,45.0,71.0,63.0,65.33333333333333,77.0,75.0,53.0,48.0,73.0,66.0,38.5,40.0,59.0,38.0,32.0,47.0,15.0,42.0,43.0,60.0,41.0,36.0,50.0,22.0,106.0,126.0,120.0,111.0,95.0,98.0,86.0,108.0,127.0,121.0,112.0,97.0,101.0,90.0,47.833333333333336,48.45,69.0,61.0,39.0,33.0,36.55,50.333333333333336,51.45,70.0,62.0,42.0,36.0,40.55,51.666666666666664,55.9,69.0,61.0,39.0,34.0,51.1,54.0,58.9,70.0,62.0,42.0,37.0,54.1,56.5,67.0,70.0,63.0,41.0,41.0,57.0,58.791666666666664,70.0,71.0,64.0,44.0,44.0,59.75,65.75,75.0,78.5,72.0,51.0,52.0,66.0,68.0,78.0,79.0,73.0,54.0,55.0,69.0,42.166666666666664,40.0,69.0,59.0,38.0,32.0,15.0,45.333333333333336,43.0,70.0,60.0,41.0,36.0,22.0,112.16666666666667,122.0,126.0,120.0,110.0,97.0,98.0,113.83333333333333,123.0,127.0,121.0,112.0,99.0,101.0,49.833333333333336,69.0,60.0,38.0,33.0,47.0,52.0,52.166666666666664,70.0,61.0,41.0,36.0,50.0,55.0,50.4,69.0,61.0,39.0,33.0,48.0,52.4,52.5,70.0,62.0,41.0,36.0,51.0,55.0,50.75,69.5,61.0,39.0,33.0,48.0,54.0,52.916666666666664,70.5,62.0,42.0,36.0,51.0,56.0,52.5,70.0,63.0,40.0,34.0,51.0,57.0,54.833333333333336,71.0,64.0,43.0,37.0,54.0,60.0,49.5,69.0,59.0,38.0,32.0,47.0,52.0,52.0,70.0,60.0,41.0,36.0,50.0,55.0,69.83333333333333,99.0,74.0,46.0,40.0,75.0,85.0,71.83333333333333,100.0,75.0,48.0,43.0,77.0,88.0,C_p25,16.8397,3.0137116456944004,E1-E2,4.127151908881987,3.6223923229036146,2.3159557474301797,1.959654863210152,2.850407073760221,3.206707957980249,2.2417263965510075,False,E1,-13.0,3.3551666597385936,2.850407073760221,1.5439704982867866,1.1876696140667589,2.0784218246168282,2.4347227088368557,3.150235194968161,3.0,1,1,6,,False,False,False,2.3901850983093524,E1,3.0582577187528828,2.8504149611677354,2.197194865900129,1.5439747706325233,2.019043930827146,2.672264026094752,False
high/IMG_8579_jpg,IMG_8579_jpg,high/IMG_8579_jpg,high,valid,4.0,2698,1799,True,oof,dev,7.141666666666667,5.515,8.485,6.93,5.94,8.202,7.778,E3,False,False,82.94999999999999,55.6,122.85,94.0,76.0,93.85,55.400000000000006,88.375,59.8,126.0,100.0,83.0,96.85,64.6,89.2,67.6,123.0,94.0,76.0,102.4,72.2,94.31666666666666,71.6,126.0,100.0,84.0,105.7,78.6,99.83333333333333,75.0,129.0,97.0,78.0,118.0,102.0,104.20833333333333,79.0,132.25,102.0,85.0,121.0,106.0,111.08333333333333,91.0,146.5,106.0,84.0,127.0,112.0,115.0,94.0,150.5,110.0,92.0,129.5,114.0,76.16666666666667,44.0,122.0,93.0,75.0,89.0,34.0,84.0,51.0,126.0,99.0,83.0,93.0,52.0,157.16666666666666,162.0,175.0,153.0,155.0,156.0,142.0,160.83333333333334,164.0,180.0,158.0,160.0,159.0,144.0,79.46666666666667,46.1,71.0,122.0,94.0,76.0,67.7,85.29166666666667,53.05,75.0,126.0,100.0,83.0,74.7,83.75,49.2,72.6,123.0,95.0,76.0,86.7,88.85000000000001,55.1,77.0,126.0,100.0,84.0,91.0,92.58333333333333,60.25,80.0,126.25,98.0,79.0,112.0,96.79166666666667,64.25,83.0,130.0,103.5,87.0,113.0,104.83333333333333,72.5,96.0,142.5,111.0,89.0,118.0,109.75,77.5,100.0,145.5,117.0,97.5,121.0,73.0,44.0,70.0,122.0,93.0,75.0,34.0,80.83333333333333,51.0,74.0,126.0,99.0,83.0,52.0,153.5,98.0,163.0,173.0,175.0,156.0,156.0,157.16666666666666,102.0,165.0,177.0,180.0,160.0,159.0,98.66666666666667,71.0,122.0,94.0,76.0,118.0,111.0,102.66666666666667,75.0,126.0,100.0,83.0,120.0,112.0,98.66666666666667,71.0,122.0,94.0,76.0,118.0,111.0,102.83333333333333,75.0,126.0,100.0,83.0,121.0,112.0,99.33333333333333,73.0,123.0,94.0,76.0,118.0,112.0,103.41666666666667,77.0,126.0,100.0,84.0,121.0,112.5,101.16666666666667,78.0,125.0,95.0,77.0,120.0,112.0,105.5,82.0,129.0,101.0,86.0,122.0,113.0,98.16666666666667,70.0,122.0,93.0,75.0,118.0,111.0,102.33333333333333,74.0,126.0,99.0,83.0,120.0,112.0,111.16666666666667,98.0,142.0,101.0,82.0,130.0,114.0,116.0,102.0,145.0,106.0,94.0,133.0,116.0,C_p25,16.8397,5.898759083198235,E2-E3,4.3349940913436695,7.304168126510567,5.582047186113766,4.5131445334536835,7.007250722993877,6.650949838773849,5.126773834054842,False,E2-E3,-13.0,3.5630088422002766,6.532182877367174,4.810061936970373,3.7411592843102905,6.235265473850484,5.878964589630456,5.8602201297699645,4.0,1,1,6,,False,False,False,5.413793990787644,E2-E3,3.741169636532653,7.066653757895011,5.582062632286815,4.453773376824587,6.591584597700388,5.047609827067865,True
high/IMG_6617-_jpg,IMG_6617-_jpg,high/IMG_6617-_jpg,high,train,2.0,2701,1800,False,oof,dev,3.7575,3.712,4.165,2.807,3.803,4.165,3.893,E1-E2,False,False,60.475,39.0,87.0,63.0,68.0,84.0,21.85,67.14999999999999,45.0,92.0,71.0,75.0,91.0,28.9,64.96666666666667,49.0,87.0,64.0,69.0,85.0,35.8,70.98333333333333,54.0,93.0,71.0,75.0,92.0,40.9,75.875,74.0,90.0,66.75,72.0,88.0,64.5,81.25,79.0,96.0,74.0,78.0,94.0,66.5,90.75,81.0,102.5,79.0,87.0,106.0,89.0,95.75,86.0,107.0,86.5,92.0,110.0,93.0,55.5,29.0,86.0,63.0,68.0,80.0,7.0,62.5,36.0,92.0,70.0,74.0,86.0,17.0,136.0,130.0,137.0,133.0,159.0,135.0,122.0,141.16666666666666,133.0,142.0,140.0,165.0,140.0,127.0,58.550000000000004,36.0,76.0,64.0,68.0,84.0,23.299999999999997,64.7,42.0,79.0,71.0,75.0,91.0,30.2,62.86666666666667,42.4,77.0,65.0,69.0,84.4,39.4,68.6,47.4,80.0,72.0,75.0,92.0,45.2,75.08333333333333,61.0,80.0,77.0,73.0,87.0,72.5,79.91666666666667,66.0,83.0,84.75,78.25,93.0,74.5,91.75,84.0,99.5,92.0,86.0,96.0,93.0,96.83333333333333,91.0,102.5,97.5,91.0,102.0,97.0,54.5,29.0,76.0,63.0,68.0,84.0,7.0,61.166666666666664,36.0,79.0,70.0,74.0,91.0,17.0,142.0,130.0,137.0,159.0,159.0,134.0,133.0,147.0,133.0,142.0,165.0,165.0,139.0,138.0,77.16666666666667,76.0,87.0,63.0,68.0,84.0,85.0,82.61666666666666,79.0,92.0,70.7,74.0,91.0,89.0,77.39999999999999,76.4,87.0,63.0,68.0,84.0,86.0,82.89999999999999,79.4,92.0,71.0,74.0,91.0,90.0,78.5,78.0,87.0,64.0,69.0,85.0,88.0,84.0,81.0,93.0,71.0,75.0,92.0,92.0,80.33333333333333,80.0,88.0,65.0,70.0,87.0,92.0,85.83333333333333,83.0,94.0,72.0,77.0,93.0,96.0,77.0,76.0,86.0,63.0,68.0,84.0,85.0,82.33333333333333,79.0,92.0,70.0,74.0,91.0,88.0,98.33333333333333,129.0,96.0,72.0,77.0,103.0,113.0,103.33333333333333,132.0,101.0,80.0,82.0,108.0,117.0,C_p25,16.8397,4.661603235212029,E2-E3,4.6319114948603595,5.166362821190401,3.8005427650136285,4.0974601685303185,5.047595859783725,5.225746301893739,3.8896179860686355,False,E1-E2,-13.0,3.8599262457169665,4.3943775720470075,3.028557515870235,3.3254749193869246,4.2756106106403315,4.4537610527503455,4.453865132016321,5.0,1,1,6,frame_uncertain,False,False,False,4.3349940913436695,E2-E3,4.394389731800259,4.869458891994881,3.563018701459669,3.741169636532653,5.0179180045557015,4.424081554312423,False
high/IMG_7280_jpg,IMG_7280_jpg,high/IMG_7280_jpg,high,test,4.0,2700,1800,True,oof,holdout,0.5625,0.0,1.598,0.499,0.599,0.679,0.0,E1,True,False,17.666666666666668,0.0,44.0,10.0,23.0,29.0,0.0,18.166666666666668,0.0,44.0,13.0,23.0,29.0,0.0,18.0,0.0,44.0,11.0,24.0,29.0,0.0,18.5,0.0,44.0,14.0,24.0,29.0,0.0,19.916666666666668,0.0,47.0,14.0,26.0,32.5,0.0,20.25,0.0,47.0,16.0,26.0,32.5,0.0,35.916666666666664,27.0,59.0,23.5,32.0,47.0,27.0,36.0,27.0,59.0,24.0,32.0,47.0,27.0,17.166666666666668,0.0,43.0,10.0,22.0,28.0,0.0,17.666666666666668,0.0,43.0,13.0,22.0,28.0,0.0,75.16666666666667,55.0,89.0,70.0,86.0,88.0,63.0,75.16666666666667,55.0,89.0,70.0,86.0,88.0,63.0,12.008333333333333,0.0,11.0,24.0,29.0,0.0,8.05,12.341666666666667,0.0,13.0,24.0,29.0,0.0,8.05,12.533333333333333,0.0,11.0,25.0,30.0,0.0,9.2,13.033333333333333,0.0,14.0,25.0,30.0,0.0,9.2,19.833333333333332,24.75,17.0,26.0,33.0,0.0,18.25,20.0,24.75,18.0,26.0,33.0,0.0,18.25,33.833333333333336,43.0,33.0,35.0,47.5,21.0,23.5,34.0,43.0,34.0,35.0,47.5,21.0,23.5,11.333333333333334,0.0,10.0,22.0,29.0,0.0,7.0,11.833333333333334,0.0,13.0,22.0,29.0,0.0,7.0,73.83333333333333,89.0,89.0,87.0,88.0,63.0,27.0,73.83333333333333,89.0,89.0,87.0,88.0,63.0,27.0,17.45,0.0,43.0,10.0,22.7,29.0,0.0,17.95,0.0,43.0,13.0,22.7,29.0,0.0,17.666666666666668,0.0,44.0,10.0,23.0,29.0,0.0,18.166666666666668,0.0,44.0,13.0,23.0,29.0,0.0,18.166666666666668,0.0,44.0,11.0,24.0,30.0,0.0,18.666666666666668,0.0,44.0,14.0,24.0,30.0,0.0,19.5,0.0,45.0,13.0,26.0,33.0,0.0,19.833333333333332,0.0,45.0,15.0,26.0,33.0,0.0,17.333333333333332,0.0,43.0,10.0,22.0,29.0,0.0,17.833333333333332,0.0,43.0,13.0,22.0,29.0,0.0,35.333333333333336,30.0,55.0,21.0,34.0,45.0,27.0,35.666666666666664,30.0,55.0,23.0,34.0,45.0,27.0,C_p25,16.8397,1.0787998994439727,E1,0.0,2.6128731509468697,0.6532182877367174,1.4252035368801106,1.7815044211001383,0.0,0.3068146503005795,False,E1,-13.0,0.0,1.8408879018034763,0.0,0.6532182877367174,1.0095191719567451,0.0,1.1691090242195505,0.0,3,1,6,"gingiva_multi_component,region_zero",False,False,False,0.4354788584911449,E1,0.2078427575851474,1.4845911256081956,0.2078427575851474,0.2969182251216391,0.2375345800973113,0.1781509350729834,False
high/IMG_2862_jpg,IMG_2862_jpg,high/IMG_2862_jpg,high,valid,4.0,2699,1799,True,oof,dev,3.3513333333333333,3.38,5.557,2.062,2.922,3.781,2.406,E1-E2,False,False,49.050000000000004,28.0,68.3,38.0,53.0,69.0,38.0,49.775,28.0,69.65,40.0,54.0,69.0,38.0,53.550000000000004,34.4,81.3,39.0,53.0,69.0,44.6,54.71666666666667,34.4,84.3,41.0,54.0,70.0,44.6,65.33333333333333,53.5,106.0,41.0,54.0,76.5,61.0,66.33333333333333,54.5,108.0,43.0,55.0,76.5,61.0,79.08333333333333,78.0,122.5,49.0,60.0,96.0,69.0,80.16666666666667,79.0,125.0,50.0,61.0,97.0,69.0,44.0,24.0,58.0,37.0,52.0,63.0,30.0,45.166666666666664,25.0,59.0,39.0,53.0,64.0,31.0,136.16666666666666,133.0,156.0,126.0,128.0,138.0,136.0,138.33333333333334,135.0,160.0,128.0,131.0,140.0,136.0,55.19166666666666,28.0,105.0,38.15,53.0,69.0,38.0,56.0,28.0,107.0,40.0,54.0,69.0,38.0,57.63333333333333,34.8,106.0,39.0,53.0,70.0,43.0,58.63333333333333,34.8,108.0,41.0,54.0,70.0,44.0,66.33333333333333,54.0,110.0,43.0,54.0,77.0,60.0,67.5,55.0,112.0,45.0,56.0,77.0,60.0,83.58333333333333,78.0,130.0,60.5,67.0,99.0,67.0,84.58333333333333,79.0,131.0,62.5,69.0,99.0,67.0,52.666666666666664,24.0,104.0,37.0,52.0,69.0,30.0,54.0,25.0,107.0,39.0,53.0,69.0,31.0,142.83333333333334,136.0,153.0,156.0,138.0,138.0,136.0,145.0,138.0,157.0,160.0,140.0,139.0,136.0,66.28333333333333,74.0,105.0,38.0,52.7,69.0,59.0,67.16666666666667,75.0,107.0,39.0,54.0,69.0,59.0,66.73333333333333,75.0,105.4,38.0,53.0,69.0,60.0,67.73333333333333,76.0,107.4,40.0,54.0,69.0,60.0,67.66666666666667,76.0,107.0,39.0,53.0,70.0,61.0,68.58333333333333,77.0,109.0,40.5,54.0,70.0,61.0,70.33333333333333,80.0,111.0,40.0,53.0,74.0,64.0,71.5,81.0,113.0,42.0,55.0,74.0,64.0,65.66666666666667,74.0,104.0,37.0,52.0,69.0,58.0,66.83333333333333,75.0,107.0,39.0,53.0,69.0,58.0,87.16666666666667,97.0,138.0,46.0,58.0,111.0,73.0,87.66666666666667,98.0,140.0,46.0,58.0,111.0,73.0,C_p25,16.8397,4.018282194259201,E2-E3,4.5131445334536835,6.35403243525716,2.3159557474301797,3.147324477276911,4.1568436492336565,3.6223923229036146,3.246296945115808,False,E1-E2,-13.0,3.7411592843102905,5.582047186113766,1.5439704982867866,2.3753392281335177,3.3848584000902626,2.850407073760221,3.8350689330047176,1.0,1,1,6,,False,False,False,3.068146503005793,E1-E2,3.9490123941178,5.492987164750324,1.8408929957541624,2.1378112208758018,3.741169636532653,1.2470565455108842,False
high/IMG_2773_jpg,IMG_2773_jpg,high/IMG_2773_jpg,high,train,3.0,2691,1794,False,oof,holdout,3.2426666666666666,2.855,4.743,2.42,2.178,4.598,2.662,E1-E2,False,False,59.56666666666667,35.2,74.05,55.0,50.0,88.1,55.05,64.89166666666667,38.2,77.05,62.0,56.1,95.0,61.0,63.583333333333336,45.4,83.1,55.0,50.0,90.0,58.0,68.71666666666667,49.2,86.1,62.0,57.0,96.0,62.0,70.5,61.0,95.0,57.0,53.0,94.0,63.0,75.58333333333333,64.0,98.0,64.0,60.0,100.5,67.0,81.33333333333333,68.0,104.0,66.0,63.0,114.0,73.0,87.33333333333333,71.0,107.0,74.0,72.0,122.0,78.0,53.166666666666664,25.0,71.0,55.0,50.0,78.0,40.0,59.166666666666664,29.0,74.0,61.0,56.0,87.0,48.0,136.16666666666666,110.0,138.0,153.0,131.0,157.0,128.0,142.33333333333334,113.0,143.0,159.0,139.0,166.0,134.0,57.63333333333333,46.800000000000004,55.0,50.0,89.05,58.0,46.95,63.474999999999994,49.900000000000006,62.0,57.0,95.0,62.0,54.95,61.449999999999996,60.0,55.0,50.0,90.0,58.9,54.8,66.95,62.0,62.0,57.0,96.0,62.9,61.8,67.125,69.0,58.0,53.0,92.0,61.75,69.0,72.45833333333333,71.0,65.0,60.0,99.0,65.75,74.0,80.58333333333333,92.0,68.0,68.5,105.0,76.0,74.0,86.75,95.0,76.0,77.5,112.0,80.0,80.0,52.333333333333336,25.0,55.0,50.0,88.0,56.0,40.0,58.166666666666664,29.0,61.0,56.0,94.0,61.0,48.0,147.33333333333334,151.0,153.0,156.0,157.0,155.0,112.0,153.83333333333334,157.0,159.0,164.0,166.0,161.0,116.0,67.45,59.7,94.0,55.0,50.0,89.0,57.0,71.95,62.0,97.0,61.0,56.0,94.7,61.0,67.73333333333333,60.0,94.0,55.0,50.0,89.4,58.0,72.56666666666666,63.0,97.4,62.0,56.0,95.0,62.0,68.66666666666667,63.0,95.0,55.0,50.0,90.0,59.0,73.66666666666667,66.0,98.0,62.0,57.0,96.0,63.0,71.66666666666667,70.0,97.0,56.0,51.0,93.0,63.0,76.33333333333333,72.0,100.0,63.0,58.0,99.0,66.0,66.83333333333333,59.0,93.0,55.0,50.0,88.0,56.0,71.66666666666667,61.0,97.0,61.0,56.0,94.0,61.0,85.83333333333333,94.0,107.0,59.0,54.0,109.0,92.0,91.83333333333333,97.0,111.0,67.0,62.0,118.0,96.0,C_p25,16.8397,4.077665674962539,E2-E3,3.7411592843102905,5.641430666817104,3.266091438683587,2.969174035166897,5.344513263300415,3.5036253614969386,3.305680425819146,False,E1-E2,-13.0,2.969174035166897,4.869445417673711,2.4941061895401937,2.1971887860235038,4.5725280141570215,2.731640112353545,4.138352445563765,6.0,1,1,6,frame_uncertain,False,False,False,3.89456660946058,E1-E2,3.384867766386686,5.0179180045557015,2.5534967360460965,2.8504149611677354,5.819597212384126,3.741169636532653,False
high/IMG_8609_jpg,IMG_8609_jpg,high/IMG_8609_jpg,high,valid,4.0,2581,1721,False,oof,holdout,4.088666666666667,2.778,4.598,3.736,3.71,4.89,4.82,E2-E3,False,False,75.14999999999999,54.0,67.0,79.0,76.0,98.9,76.0,77.48333333333333,56.0,68.0,81.0,78.0,100.9,81.0,82.0,62.0,72.0,80.0,76.0,107.0,95.0,84.0,63.0,73.0,82.0,78.0,110.0,98.0,90.625,71.0,99.75,82.0,78.0,109.0,104.0,92.29166666666667,73.0,99.75,84.0,80.0,112.0,105.0,102.83333333333333,85.0,108.5,93.0,86.0,121.5,123.0,104.58333333333333,88.0,110.0,94.0,87.0,123.5,125.0,65.33333333333333,40.0,64.0,79.0,75.0,86.0,48.0,68.16666666666667,43.0,66.0,80.0,77.0,89.0,54.0,141.33333333333334,104.0,148.0,146.0,138.0,156.0,156.0,143.16666666666666,106.0,148.0,149.0,138.0,158.0,160.0,80.04166666666667,58.15,102.0,79.0,76.0,102.0,63.1,82.375,59.15,104.0,81.0,78.0,104.0,68.1,83.91666666666667,65.0,102.2,80.0,77.0,103.0,76.3,86.38333333333333,66.0,105.0,82.0,79.0,105.0,81.3,91.66666666666667,72.75,105.0,82.0,83.0,105.5,101.75,93.66666666666667,73.75,108.0,84.0,84.0,107.5,104.75,109.41666666666667,86.0,116.0,95.0,107.0,124.0,128.5,111.5,88.0,118.0,96.5,110.0,126.0,130.5,74.0,40.0,101.0,79.0,75.0,101.0,48.0,76.66666666666667,43.0,104.0,80.0,77.0,102.0,54.0,151.16666666666666,146.0,148.0,146.0,155.0,156.0,156.0,153.33333333333334,146.0,148.0,149.0,157.0,160.0,160.0,88.3,64.6,102.0,79.0,75.6,107.0,101.6,90.16666666666667,66.0,104.0,81.0,77.0,110.0,103.0,88.5,65.0,102.0,79.0,76.0,107.0,102.0,90.2,66.0,104.0,81.0,77.0,110.0,103.2,89.0,65.0,103.0,80.0,76.0,107.0,103.0,91.16666666666667,67.0,105.0,82.0,78.0,110.0,105.0,90.33333333333333,68.0,104.0,80.0,77.0,109.0,104.0,92.66666666666667,70.0,107.0,82.0,79.0,112.0,106.0,87.83333333333333,64.0,101.0,79.0,75.0,107.0,101.0,89.66666666666667,66.0,104.0,80.0,77.0,109.0,102.0,104.66666666666667,104.0,114.0,85.0,80.0,124.0,121.0,107.16666666666667,106.0,117.0,87.0,83.0,126.0,124.0,C_p25,16.8397,5.285129782597077,E2-E3,3.8599262457169665,6.116498512443808,4.750678456267035,4.5131445334536835,6.35403243525716,6.116498512443808,4.5131445334536835,False,E2-E3,-13.0,3.087940996573573,5.344513263300415,3.978693207123642,3.7411592843102905,5.582047186113766,5.344513263300415,5.319690643676825,2.0,1,1,6,frame_uncertain,False,False,False,4.562630767373132,E2-E3,3.2067168313137024,5.285144407165176,4.09747150667862,3.622402346483997,5.700829922335471,5.46329534223816,False
high/IMG_7314_jpg,IMG_7314_jpg,high/IMG_7314_jpg,high,valid,2.0,2784,1856,False,oof,dev,3.5515000000000003,3.922,4.707,3.334,3.012,3.334,3.0,E1-E2,False,False,52.23333333333334,33.6,89.0,56.0,57.0,61.0,16.799999999999997,56.5,38.2,92.0,63.0,62.0,65.0,18.799999999999997,56.76666666666666,48.2,89.0,56.2,57.0,62.0,28.2,61.23333333333333,53.2,92.0,64.0,62.0,66.0,30.2,66.625,74.0,92.75,58.0,58.0,64.0,53.0,71.625,79.0,95.75,66.0,63.0,69.0,57.0,78.0,87.0,113.0,65.0,64.0,74.0,65.0,82.91666666666667,92.0,117.0,71.0,70.0,78.5,69.0,47.333333333333336,21.0,88.0,56.0,56.0,60.0,3.0,51.666666666666664,27.0,90.0,63.0,62.0,64.0,4.0,135.0,136.0,154.0,150.0,126.0,132.0,112.0,140.33333333333334,142.0,159.0,154.0,132.0,139.0,116.0,51.416666666666664,34.5,89.0,56.0,57.0,61.0,11.0,55.85833333333333,39.5,91.65,63.0,62.0,65.0,14.0,56.38333333333333,50.0,89.0,57.0,57.0,61.3,24.0,60.88333333333333,55.0,92.0,64.0,62.0,65.3,27.0,66.29166666666667,76.75,91.0,59.0,58.0,64.0,49.0,70.91666666666667,82.5,94.0,66.0,63.0,68.0,52.0,77.5,88.0,106.0,68.0,67.0,78.0,58.0,82.08333333333333,93.5,109.0,74.0,72.0,82.0,62.0,47.333333333333336,21.0,88.0,56.0,56.0,60.0,3.0,51.666666666666664,27.0,90.0,63.0,62.0,64.0,4.0,139.5,154.0,154.0,153.0,132.0,132.0,112.0,144.66666666666666,159.0,159.0,157.0,139.0,138.0,116.0,66.5,84.0,89.0,56.0,57.0,60.0,53.0,71.13333333333334,89.0,91.0,63.0,62.0,64.8,57.0,66.66666666666667,84.0,89.0,56.0,57.0,61.0,53.0,71.16666666666667,89.0,91.0,63.0,62.0,65.0,57.0,67.16666666666667,85.0,89.0,56.0,57.0,61.0,55.0,72.0,90.0,92.0,64.0,62.0,65.0,59.0,68.66666666666667,87.0,89.0,57.0,57.0,63.0,59.0,73.5,92.0,92.0,64.0,63.0,67.0,63.0,66.0,84.0,88.0,56.0,56.0,60.0,52.0,70.5,88.0,90.0,63.0,62.0,64.0,56.0,77.5,104.0,98.0,60.0,59.0,70.0,74.0,82.16666666666667,109.0,101.0,67.0,64.0,75.0,77.0,C_p25,16.8397,3.9885904539075323,E1-E2,5.047595859783725,5.285129782597077,3.3254749193869246,3.3848584000902626,3.6223923229036146,3.266091438683587,3.216605204764139,False,E1-E2,-13.0,4.2756106106403315,4.5131445334536835,2.5534896702435317,2.6128731509468697,2.850407073760221,2.4941061895401937,3.9108898111444796,5.0,1,1,6,frame_uncertain,False,False,False,3.097838243357462,E1-E2,4.038087861654292,3.919320571605637,2.8504149611677354,2.256578510924457,2.791031316143408,2.73164767111908,False
high/IMG_6545-_jpg,IMG_6545-_jpg,high/IMG_6545-_jpg,high,train,1.0,2705,1804,False,oof,holdout,2.592166666666667,1.098,3.492,3.293,2.694,2.993,1.983,E1,False,False,47.5,19.0,67.0,62.0,51.0,63.0,23.0,50.208333333333336,22.25,70.0,65.0,54.0,64.0,26.0,49.98333333333333,26.5,67.0,63.0,51.0,63.0,29.4,52.54999999999999,29.5,70.4,66.0,54.0,64.0,31.4,58.041666666666664,39.25,78.0,64.0,51.0,70.0,46.0,61.208333333333336,42.25,81.0,67.0,56.0,72.0,49.0,71.83333333333333,59.0,99.0,71.0,58.0,89.0,55.0,74.91666666666667,62.0,102.0,75.0,62.5,91.0,57.0,45.0,16.0,65.0,62.0,50.0,62.0,15.0,48.0,19.0,69.0,64.0,53.0,63.0,20.0,129.33333333333334,110.0,137.0,134.0,144.0,139.0,112.0,132.33333333333334,113.0,140.0,137.0,147.0,142.0,115.0,47.53333333333333,19.0,67.0,62.2,51.0,63.0,23.0,50.225,22.15,70.0,65.2,54.0,64.0,26.0,49.900000000000006,26.3,67.0,63.0,51.0,63.0,29.1,52.400000000000006,29.3,70.0,66.0,54.0,64.0,31.1,57.708333333333336,39.0,74.25,66.0,52.0,69.0,46.0,60.541666666666664,42.0,77.25,69.0,56.0,70.0,49.0,72.75,58.5,94.0,79.0,63.0,88.0,54.0,76.0,61.5,97.0,83.0,68.0,90.0,56.5,45.0,16.0,65.0,62.0,50.0,62.0,15.0,48.0,19.0,69.0,64.0,53.0,63.0,20.0,130.66666666666666,109.0,136.0,144.0,144.0,139.0,112.0,133.66666666666666,112.0,139.0,147.0,147.0,142.0,115.0,53.73333333333333,36.0,66.7,62.0,50.0,62.0,45.7,56.666666666666664,40.0,70.0,65.0,54.0,63.0,48.0,54.166666666666664,36.0,67.0,62.0,51.0,63.0,46.0,57.06666666666666,40.4,70.0,65.0,54.0,64.0,49.0,55.166666666666664,39.0,67.0,63.0,51.0,63.0,48.0,57.916666666666664,42.5,70.0,66.0,54.0,64.0,51.0,59.0,46.0,73.0,63.0,51.0,68.0,53.0,61.833333333333336,49.0,76.0,67.0,55.0,69.0,55.0,53.166666666666664,35.0,65.0,62.0,50.0,62.0,45.0,55.833333333333336,39.0,69.0,64.0,53.0,63.0,47.0,77.83333333333333,73.0,98.0,69.0,53.0,108.0,66.0,81.0,77.0,101.0,72.0,58.0,110.0,68.0,C_p25,16.8397,3.2759886854674765,E1-E2,2.3159557474301797,3.978693207123642,3.7411592843102905,3.028557515870235,3.7411592843102905,2.850407073760221,2.504003436324083,False,E1,-13.0,1.5439704982867866,3.206707957980249,2.969174035166897,2.2565722667268417,2.969174035166897,2.0784218246168282,3.40704784673187,3.0,1,1,6,frame_uncertain,False,False,False,2.6178217743388146,E1,1.306440190535212,3.8005532815569807,3.384867766386686,2.0784275758514736,2.701955848606916,2.4347294459974407,False
high/IMG_7036_jpg,IMG_7036_jpg,high/IMG_7036_jpg,high,train,0.0,2701,1800,False,oof,holdout,6.212,7.823,7.82,4.717,3.912,6.673,6.327,E3,False,False,78.36666666666667,83.05,136.0,68.0,61.0,84.05,38.1,84.875,94.1,140.0,72.05,65.0,87.05,51.05,85.55000000000001,93.1,137.0,69.0,63.0,97.1,54.1,92.06666666666666,106.1,141.0,73.0,66.0,101.2,65.1,96.91666666666667,111.25,142.0,72.0,66.0,105.25,85.0,104.16666666666667,128.25,145.25,78.25,70.0,109.25,94.0,116.16666666666667,126.0,154.5,85.0,93.0,124.5,114.0,122.5,134.0,159.0,94.5,103.0,128.5,116.0,68.16666666666667,72.0,135.0,67.0,60.0,74.0,1.0,77.16666666666667,82.0,139.0,72.0,64.0,77.0,29.0,171.5,157.0,206.0,181.0,143.0,182.0,160.0,177.66666666666666,169.0,209.0,182.0,158.0,185.0,163.0,82.49166666666666,86.45,136.0,68.0,61.5,104.0,39.0,89.15833333333335,98.45,140.0,73.0,65.0,107.0,51.5,87.91666666666667,97.9,136.6,70.0,63.0,105.0,55.0,94.14999999999999,111.9,140.0,73.0,66.0,108.0,66.0,99.66666666666667,123.0,140.0,73.0,67.5,108.0,86.5,105.33333333333333,130.0,144.0,81.0,70.5,112.0,94.5,116.83333333333333,130.0,150.0,97.0,86.0,124.0,114.0,123.16666666666667,139.0,155.0,107.0,93.0,128.0,117.0,73.16666666666667,72.0,135.0,67.0,60.0,104.0,1.0,82.16666666666667,82.0,139.0,72.0,64.0,107.0,29.0,188.0,206.0,205.0,181.0,182.0,182.0,172.0,190.16666666666666,209.0,207.0,182.0,184.0,185.0,174.0,101.0,125.0,135.0,68.0,61.0,104.0,113.0,104.33333333333333,129.0,139.0,72.0,65.0,107.0,114.0,101.16666666666667,125.0,136.0,68.0,61.0,104.0,113.0,104.66666666666667,129.0,140.0,72.0,65.0,107.0,115.0,102.16666666666667,125.0,137.0,69.0,62.0,105.0,115.0,105.83333333333333,130.0,141.0,73.0,66.0,108.0,117.0,104.5,127.0,140.0,70.0,64.0,108.0,118.0,108.5,132.0,144.0,75.0,67.0,112.0,121.0,100.33333333333333,124.0,135.0,67.0,60.0,104.0,112.0,104.0,129.0,139.0,72.0,64.0,107.0,113.0,118.0,135.0,154.0,81.0,71.0,136.0,131.0,124.16666666666667,145.0,157.0,95.0,75.0,139.0,134.0,C_p25,16.8397,6.06701227852436,E3,7.422935087917243,8.135536856357298,4.0974601685303185,3.6817758036069526,6.235265473850484,6.829100280883863,5.295027029380967,False,E2-E3,-13.0,6.650949838773849,7.363551607213905,3.3254749193869246,2.909790554463559,5.46328022470709,6.05711503174047,5.689011695260826,5.0,1,1,6,frame_uncertain,False,False,False,5.082236223527339,E2-E3,6.8291191777977,7.36357198301665,2.909798606192063,3.0879495412650466,5.878980857408455,4.424081554312423,False
high/IMG_2736-_jpg,IMG_2736-_jpg,high/IMG_2736-_jpg,high,train,0.0,2694,1796,False,oof,holdout,1.9925,1.431,3.093,2.031,2.031,2.446,0.923,E1,False,False,38.89166666666666,15.45,78.0,43.0,41.0,43.45,12.45,41.98333333333333,20.0,79.0,46.0,43.0,45.45,18.45,42.28333333333334,20.0,80.0,44.0,42.0,45.9,21.8,44.78333333333333,23.0,81.0,46.0,44.0,47.9,26.8,49.458333333333336,38.25,86.0,44.25,43.0,54.25,31.0,51.666666666666664,40.0,87.0,49.0,46.0,56.0,32.0,62.166666666666664,46.5,104.5,52.5,59.5,66.5,43.5,65.58333333333333,47.5,105.0,58.5,69.5,68.5,44.5,34.666666666666664,3.0,77.0,43.0,41.0,42.0,2.0,39.833333333333336,15.0,79.0,45.0,43.0,44.0,13.0,107.16666666666667,90.0,137.0,105.0,118.0,106.0,87.0,110.33333333333333,90.0,139.0,106.0,131.0,108.0,88.0,37.90833333333333,9.4,38.0,78.0,43.3,41.95,16.8,41.166666666666664,17.2,39.0,79.0,46.0,44.0,21.8,41.0,13.8,39.2,79.0,44.0,42.0,28.0,43.26666666666667,19.4,40.2,80.0,46.0,44.0,30.0,45.166666666666664,22.0,41.0,82.0,46.0,43.0,37.0,47.166666666666664,24.0,42.0,83.0,50.0,46.0,38.0,61.166666666666664,43.0,55.0,98.0,59.0,55.0,57.0,63.5,44.0,55.0,99.5,65.0,59.5,58.0,34.0,3.0,38.0,77.0,43.0,41.0,2.0,39.0,15.0,39.0,79.0,45.0,43.0,13.0,114.33333333333333,73.0,117.0,136.0,137.0,117.0,106.0,117.66666666666667,75.0,117.0,137.0,139.0,130.0,108.0,46.666666666666664,38.0,78.0,43.0,41.0,53.0,27.0,48.449999999999996,39.0,79.0,45.0,43.0,55.0,29.7,47.0,38.0,78.0,43.0,41.0,54.0,28.0,48.56666666666666,39.0,79.0,45.4,43.0,55.0,30.0,48.166666666666664,40.0,79.5,44.0,42.0,54.0,29.5,49.833333333333336,41.0,81.0,46.0,44.0,56.0,31.0,49.833333333333336,42.0,82.0,44.0,42.0,57.0,32.0,51.333333333333336,43.0,83.0,47.0,44.0,58.0,33.0,46.0,38.0,77.0,43.0,41.0,53.0,24.0,48.333333333333336,39.0,79.0,45.0,43.0,55.0,29.0,65.16666666666667,66.0,97.0,53.0,46.0,87.0,42.0,69.16666666666667,67.0,99.0,63.0,52.0,88.0,46.0,C_p25,16.8397,2.860304320544111,E1,2.3753392281335177,4.720986715915367,2.6128731509468697,2.4941061895401937,3.206707957980249,1.7518126807484693,2.0883190714007176,False,E1,-13.0,1.6033539789901246,3.949001466771973,1.8408879018034763,1.7221209403968003,2.4347227088368557,0.979827431605076,2.9032058823192606,2.0,1,1,6,frame_uncertain,False,False,False,3.1126841135332968,E1-E2,2.8504149611677354,5.46329534223816,3.5927105239718333,2.0784275758514736,3.26610047633803,1.4252074805838677,False
high/IMG_2947_jpg,IMG_2947_jpg,high/IMG_2947_jpg,high,train,4.0,2699,1799,True,oof,dev,2.957333333333333,2.454,3.634,1.746,3.02,3.681,3.209,E1,False,False,54.85,38.55,78.0,42.0,61.0,74.0,35.55,57.18333333333334,41.55,81.0,45.0,63.0,76.0,36.55,57.53333333333334,43.1,79.0,43.0,61.0,75.0,44.1,59.88333333333333,46.1,81.1,46.0,64.0,77.0,45.1,66.875,55.0,86.75,47.0,64.75,87.0,60.75,68.79166666666667,58.0,90.0,49.0,67.0,88.0,60.75,83.66666666666667,65.0,110.5,60.0,80.0,111.5,75.0,85.83333333333333,67.0,114.5,63.0,82.0,112.5,76.0,52.0,31.0,78.0,41.0,60.0,73.0,29.0,54.333333333333336,33.0,80.0,44.0,63.0,75.0,31.0,136.16666666666666,108.0,142.0,145.0,144.0,152.0,126.0,139.33333333333334,112.0,146.0,149.0,149.0,152.0,128.0,55.06666666666666,39.0,78.0,42.0,61.0,74.0,36.4,57.23333333333333,42.0,81.0,45.0,63.0,75.0,37.4,57.93333333333334,44.6,78.2,43.0,61.0,75.0,45.8,60.23333333333334,47.6,81.0,46.0,64.0,76.0,46.8,66.33333333333333,56.0,83.0,48.0,66.0,81.0,64.0,68.29166666666667,58.0,86.0,51.0,68.75,82.0,64.0,82.33333333333333,66.0,100.0,68.0,84.0,101.0,75.0,85.0,69.0,104.0,71.0,87.0,102.0,77.0,52.0,31.0,78.0,41.0,60.0,73.0,29.0,54.333333333333336,33.0,80.0,44.0,63.0,75.0,31.0,142.33333333333334,128.0,142.0,145.0,152.0,151.0,136.0,144.83333333333334,132.0,146.0,149.0,152.0,152.0,138.0,54.85,38.55,78.0,42.0,61.0,74.0,35.55,57.18333333333334,41.55,81.0,45.0,63.0,76.0,36.55,57.53333333333334,43.1,79.0,43.0,61.0,75.0,44.1,59.88333333333333,46.1,81.1,46.0,64.0,77.0,45.1,66.875,55.0,86.75,47.0,64.75,87.0,60.75,68.79166666666667,58.0,90.0,49.0,67.0,88.0,60.75,83.66666666666667,65.0,110.5,60.0,80.0,111.5,75.0,85.83333333333333,67.0,114.5,63.0,82.0,112.5,76.0,52.0,31.0,78.0,41.0,60.0,73.0,29.0,54.333333333333336,33.0,80.0,44.0,63.0,75.0,31.0,136.16666666666666,108.0,142.0,145.0,144.0,152.0,126.0,139.33333333333334,112.0,146.0,149.0,149.0,152.0,128.0,C_p25,16.8397,3.971270272035725,E1-E2,3.266091438683587,5.151516951014567,2.791023593056883,3.845080375541132,5.166362821190401,3.60754645272778,3.1992850228923317,False,E1-E2,-13.0,2.4941061895401937,4.379531701871174,2.0190383439134902,3.0730951263977384,4.3943775720470075,2.835561203584387,3.925564819816692,2.0,1,3,0,zenith_detection_failed,True,False,False,3.6619813100391725,E1-E2,2.642572203582588,4.691307956921898,2.019043930827146,3.384867766386686,4.8397670694827175,4.394389731800259,False
high/IMG_2821_jpg,IMG_2821_jpg,high/IMG_2821_jpg,high,train,0.0,2699,1799,True,oof,dev,4.034333333333333,2.585,4.794,5.17,5.406,4.935,1.316,E2-E3,False,False,53.75,39.4,49.0,56.0,58.9,105.0,14.200000000000001,54.98333333333334,39.8,49.0,59.0,60.9,105.0,16.200000000000003,60.48333333333334,47.8,49.0,61.6,66.9,105.0,32.6,61.95000000000001,48.8,49.0,64.4,69.9,106.0,33.6,72.04166666666667,61.0,54.0,73.0,86.25,108.0,50.0,72.875,62.0,54.0,75.0,87.25,109.0,50.0,100.33333333333333,75.0,116.0,105.0,115.0,124.0,67.0,101.16666666666667,75.0,116.0,106.0,117.0,126.0,67.0,49.0,31.0,48.0,55.0,55.0,104.0,1.0,50.666666666666664,31.0,48.0,58.0,57.0,105.0,5.0,128.33333333333334,131.0,130.0,126.0,121.0,139.0,123.0,129.0,131.0,131.0,126.0,123.0,140.0,123.0,49.050000000000004,33.2,59.0,49.0,72.0,56.0,25.1,49.96666666666666,33.4,59.0,49.0,73.0,59.0,26.400000000000002,54.4,35.4,61.0,49.0,74.0,62.0,45.0,55.23333333333333,36.4,61.0,49.0,75.0,65.0,45.0,64.125,43.0,68.0,51.25,82.0,83.0,57.5,64.70833333333333,44.0,68.0,51.25,83.0,84.0,58.0,89.33333333333333,57.0,85.0,64.0,109.0,116.0,105.0,90.16666666666667,58.0,85.0,64.0,111.0,117.0,106.0,43.666666666666664,31.0,58.0,48.0,69.0,55.0,1.0,44.833333333333336,31.0,58.0,48.0,70.0,57.0,5.0,124.66666666666667,79.0,130.0,131.0,130.0,139.0,139.0,125.0,79.0,130.0,131.0,130.0,140.0,140.0,72.85000000000001,48.7,70.7,55.0,113.7,104.0,45.0,73.56666666666666,48.7,70.7,57.0,115.0,105.0,45.0,73.23333333333333,49.0,71.0,55.0,114.0,104.4,46.0,74.06666666666666,49.0,71.4,58.0,115.0,105.0,46.0,74.5,49.0,73.5,56.0,114.0,105.0,49.5,75.58333333333333,49.0,74.5,59.0,115.5,106.0,49.5,78.16666666666667,51.0,78.0,63.0,115.0,106.0,56.0,79.16666666666667,51.0,79.0,66.0,116.0,107.0,56.0,72.33333333333333,48.0,69.0,55.0,113.0,104.0,45.0,73.33333333333333,48.0,70.0,57.0,115.0,105.0,45.0,110.0,129.0,106.0,113.0,120.0,112.0,80.0,110.83333333333333,130.0,107.0,115.0,121.0,112.0,80.0,C_p25,16.8397,4.424069312398677,E2-E3,2.909790554463559,4.364685831695339,3.3254749193869246,6.769716800180525,6.235265473850484,2.939482294815228,3.6520840632552836,False,E1-E2,-13.0,2.1378053053201658,3.5927005825519456,2.5534896702435317,5.997731551037132,5.46328022470709,2.1674970456718348,4.228848332375739,1.0,1,1,6,,False,False,False,5.077287600135394,E2-E3,2.5238049135339327,5.878980857408455,7.185421047943667,6.2946663725787495,6.53220095267606,2.04873575333931,False
high/IMG_7278_jpg,IMG_7278_jpg,high/IMG_7278_jpg,high,train,4.0,2699,1799,True,oof,holdout,3.279333333333333,3.807,4.528,2.906,2.264,3.293,2.878,E1-E2,False,False,48.6,38.9,72.0,54.0,44.9,61.95,19.85,50.80833333333333,38.9,73.0,56.0,46.0,63.0,27.95,53.29999999999999,48.9,75.0,54.0,45.0,63.0,33.9,54.949999999999996,48.9,75.9,57.0,47.0,64.0,36.9,63.791666666666664,70.0,89.0,58.0,48.0,67.0,50.75,65.66666666666667,71.0,89.75,60.75,50.0,68.75,53.75,78.08333333333333,74.0,96.0,71.0,79.0,86.5,62.0,79.58333333333333,76.0,96.5,73.5,81.0,86.5,64.0,43.0,31.0,71.0,53.0,44.0,55.0,4.0,46.5,31.0,71.0,55.0,46.0,57.0,19.0,120.16666666666667,99.0,120.0,133.0,131.0,132.0,106.0,121.5,99.0,121.0,135.0,134.0,133.0,107.0,52.46666666666667,43.5,89.6,54.0,45.0,63.0,19.700000000000003,54.5,43.5,89.6,56.0,46.0,64.0,27.9,57.300000000000004,58.0,90.0,54.0,45.0,63.0,33.8,58.800000000000004,58.0,90.0,57.0,47.0,64.0,36.8,64.79166666666667,72.0,93.0,58.0,49.0,66.25,50.5,66.29166666666667,72.0,93.0,61.0,51.0,67.25,53.5,78.5,77.0,104.0,74.0,71.0,83.0,62.0,80.0,78.0,105.0,76.5,73.0,83.5,64.0,47.0,31.0,88.0,53.0,44.0,62.0,4.0,50.333333333333336,31.0,88.0,55.0,46.0,63.0,19.0,125.5,120.0,131.0,133.0,131.0,132.0,106.0,127.33333333333333,121.0,134.0,135.0,134.0,133.0,107.0,62.5,71.0,89.0,53.0,44.0,62.0,56.0,63.833333333333336,71.0,89.0,56.0,46.0,63.0,58.0,62.96666666666666,71.0,89.4,54.0,44.0,63.0,56.4,64.06666666666666,71.0,89.4,56.0,46.0,64.0,58.0,63.75,72.0,90.5,54.0,45.0,63.0,58.0,64.83333333333333,72.0,90.5,56.0,47.0,64.0,59.5,66.16666666666667,74.0,93.0,55.0,46.0,67.0,62.0,67.33333333333333,74.0,93.0,58.0,48.0,68.0,63.0,62.333333333333336,71.0,88.0,53.0,44.0,62.0,56.0,63.333333333333336,71.0,88.0,55.0,46.0,63.0,57.0,78.0,86.0,104.0,63.0,52.0,84.0,79.0,79.5,87.0,104.0,65.0,54.0,85.0,82.0,C_p25,16.8397,3.785696894837794,E1-E2,4.2756106106403315,5.374205003652084,3.206707957980249,2.6722566316502077,3.7411592843102905,3.4442418807936006,3.0137116456944004,False,E1-E2,-13.0,3.5036253614969386,4.602219754508691,2.4347227088368557,1.9002713825068143,2.969174035166897,2.6722566316502077,3.7445730461927442,2.0,1,1,6,,False,False,False,3.068146503005793,E1-E2,3.028565896240719,4.216238796727276,2.9691822512163912,1.8408929957541624,3.3254841213623583,3.028565896240719,False
high/IMG_3785-_jpg,IMG_3785-_jpg,high/IMG_3785-_jpg,high,train,4.0,2698,1799,True,oof,dev,1.9571666666666667,2.872,2.359,0.667,0.718,2.461,2.666,E1,False,False,36.125,40.7,57.0,18.7,25.0,34.65,40.7,37.84166666666667,41.7,60.0,19.0,25.0,36.65,44.7,39.45,44.0,58.0,19.0,25.0,43.3,47.4,41.00000000000001,45.0,60.3,19.0,26.0,45.3,50.4,47.541666666666664,61.0,63.0,22.0,26.0,51.25,62.0,48.833333333333336,62.0,65.0,23.0,27.0,53.0,63.0,59.416666666666664,68.0,78.5,32.0,43.0,65.0,70.0,60.416666666666664,69.0,80.5,32.0,43.0,67.0,71.0,32.666666666666664,37.0,57.0,18.0,25.0,30.0,29.0,34.333333333333336,38.0,59.0,18.0,25.0,32.0,34.0,105.83333333333333,106.0,129.0,87.0,95.0,107.0,111.0,107.5,107.0,132.0,89.0,97.0,108.0,112.0,39.25,39.0,62.0,19.0,25.0,50.0,40.5,40.416666666666664,40.0,63.0,19.0,25.0,51.0,44.5,41.199999999999996,41.0,62.2,21.0,25.0,51.0,47.0,42.666666666666664,42.0,64.0,22.0,26.0,52.0,50.0,47.833333333333336,48.0,65.0,32.0,26.0,54.0,62.0,48.958333333333336,49.0,66.5,32.75,27.0,55.5,63.0,63.25,65.0,78.0,61.0,35.5,70.0,70.0,64.66666666666667,66.0,80.0,63.0,37.0,72.0,70.0,36.5,37.0,61.0,18.0,25.0,49.0,29.0,37.833333333333336,38.0,62.0,18.0,25.0,50.0,34.0,113.16666666666667,105.0,129.0,129.0,95.0,110.0,111.0,114.83333333333333,106.0,131.0,132.0,97.0,111.0,112.0,45.449999999999996,61.0,57.0,18.0,25.0,49.7,62.0,46.449999999999996,62.7,59.0,18.0,25.0,51.0,63.0,45.833333333333336,62.0,57.0,18.0,25.0,50.0,63.0,46.666666666666664,63.0,60.0,18.0,25.0,51.0,63.0,46.5,63.0,58.0,19.0,25.0,51.0,63.0,47.5,64.0,60.0,19.0,26.0,52.0,64.0,48.666666666666664,65.0,60.0,21.0,26.0,53.0,67.0,50.0,67.0,63.0,21.0,26.0,55.0,68.0,45.333333333333336,61.0,57.0,18.0,25.0,49.0,62.0,46.0,62.0,59.0,18.0,25.0,50.0,62.0,63.333333333333336,86.0,74.0,28.0,32.0,72.0,88.0,64.5,87.0,76.0,28.0,33.0,74.0,89.0,C_p25,16.8397,2.761331852705214,E1,3.7411592843102905,3.4442418807936006,1.1282861333634209,1.4845870175834486,3.028557515870235,3.7411592843102905,1.989346603561821,False,E1,-13.0,2.969174035166897,2.6722566316502077,0.35630088422002765,0.7126017684400553,2.2565722667268417,2.969174035166897,2.790697482498969,1.0,1,1,6,,False,False,False,2.815766710016607,E1,3.859936926581309,3.3254841213623583,1.1876729004865565,1.36582383555954,3.028565896240719,4.127163329190783,False
high/IMG_7352_jpg,IMG_7352_jpg,high/IMG_7352_jpg,high,test,3.0,2697,1798,True,oof,holdout,2.9721666666666664,1.833,3.25,1.583,1.917,5.0,4.25,E1,False,False,30.191666666666666,23.05,28.0,30.0,33.0,34.0,33.1,34.19166666666667,32.05,30.0,33.0,36.0,36.0,38.1,33.699999999999996,28.1,29.0,30.0,35.0,34.0,46.1,36.88333333333333,34.1,31.0,33.0,37.1,36.0,50.1,41.333333333333336,33.25,36.25,32.0,39.0,45.5,62.0,44.916666666666664,42.0,38.0,36.0,40.0,48.5,65.0,54.666666666666664,50.0,46.0,51.0,50.0,67.0,64.0,58.416666666666664,56.0,49.0,55.0,52.5,70.0,68.0,24.666666666666668,17.0,27.0,30.0,31.0,34.0,9.0,29.5,26.0,30.0,33.0,34.0,36.0,18.0,90.0,66.0,81.0,94.0,103.0,93.0,103.0,93.16666666666667,69.0,83.0,99.0,106.0,96.0,106.0,31.224999999999998,21.5,28.0,44.0,30.0,34.0,29.85,35.55833333333333,31.5,30.0,48.0,33.0,36.0,34.85,34.5,26.0,28.200000000000003,44.0,30.0,35.0,43.8,38.46666666666667,36.0,30.0,48.0,33.0,37.0,46.8,41.291666666666664,35.0,31.0,46.75,32.0,42.0,61.0,45.333333333333336,45.0,33.0,50.0,35.0,44.0,65.0,53.5,52.0,39.0,60.0,40.0,67.0,63.0,57.416666666666664,58.0,42.0,63.5,44.0,70.0,67.0,26.666666666666668,17.0,27.0,43.0,30.0,34.0,9.0,31.666666666666668,26.0,30.0,47.0,33.0,36.0,18.0,91.16666666666667,64.0,80.0,94.0,103.0,103.0,103.0,94.5,67.0,83.0,99.0,106.0,106.0,106.0,43.5,28.0,44.0,30.0,34.0,64.0,61.0,46.333333333333336,30.0,47.0,33.0,36.0,67.0,65.0,43.833333333333336,28.0,44.0,30.0,34.0,65.0,62.0,46.666666666666664,30.0,48.0,33.0,36.0,68.0,65.0,44.166666666666664,29.0,44.0,30.0,34.0,65.0,63.0,47.083333333333336,30.5,48.0,33.0,36.0,68.0,67.0,45.833333333333336,30.0,47.0,31.0,36.0,67.0,64.0,49.0,33.0,50.0,34.0,38.0,71.0,68.0,43.166666666666664,27.0,43.0,30.0,34.0,64.0,61.0,46.333333333333336,30.0,47.0,33.0,36.0,67.0,65.0,60.0,46.0,63.0,34.0,49.0,81.0,87.0,63.166666666666664,49.0,66.0,38.0,52.0,84.0,90.0,C_p25,16.8397,2.622770397730759,E1,1.7221209403968003,2.6128731509468697,1.7815044211001383,2.0190383439134902,3.8599262457169665,3.7411592843102905,1.8507851485873659,False,E1,-13.0,0.9501356912534071,1.8408879018034763,1.0095191719567451,1.2470530947700968,3.087940996573573,2.969174035166897,2.426268100472373,3.0,1,1,6,,False,False,False,1.667686083085407,E1,0.7719873853162617,2.0784275758514736,1.009521965413573,1.1282892554622286,3.0879495412650466,1.9299684632906544,False
high/IMG_6748_jpg,IMG_6748_jpg,high/IMG_6748_jpg,high,train,2.0,2698,1799,True,oof,dev,1.876666666666667,3.535,3.781,0.575,1.069,0.574,1.726,E1,False,False,42.63333333333333,86.0,64.4,25.0,24.0,26.0,30.4,46.35,90.0,68.4,28.0,28.0,27.0,36.7,47.03333333333333,87.0,79.8,26.0,25.0,27.0,37.4,50.26666666666666,90.0,84.2,29.0,28.0,27.0,43.4,54.5,90.0,89.0,28.0,27.0,37.0,56.0,57.291666666666664,94.0,92.0,31.75,30.0,38.0,58.0,67.0,100.0,102.0,40.0,37.0,53.0,70.0,69.5,103.0,105.0,43.0,39.0,55.0,72.0,38.333333333333336,83.0,52.0,24.0,24.0,26.0,21.0,41.833333333333336,88.0,55.0,27.0,27.0,26.0,28.0,99.5,115.0,119.0,70.0,92.0,93.0,108.0,102.5,120.0,121.0,72.0,96.0,95.0,111.0,39.916666666666664,86.0,26.0,24.0,26.0,49.0,28.5,43.324999999999996,90.0,28.450000000000003,28.0,27.0,51.0,35.5,41.666666666666664,87.0,27.0,25.0,26.0,50.0,35.0,44.666666666666664,90.0,30.0,28.0,27.0,52.0,41.0,48.5,91.0,35.0,27.0,32.0,54.0,52.0,51.083333333333336,95.0,38.25,30.25,32.0,56.0,55.0,65.91666666666667,101.0,69.0,37.5,53.0,65.0,70.0,68.16666666666667,104.0,72.0,40.0,54.0,67.0,72.0,37.666666666666664,83.0,24.0,24.0,26.0,48.0,21.0,41.0,88.0,27.0,27.0,26.0,50.0,28.0,106.16666666666667,119.0,119.0,92.0,92.0,108.0,107.0,109.16666666666667,121.0,121.0,96.0,96.0,111.0,110.0,49.349999999999994,86.0,86.7,24.7,24.0,26.0,48.7,51.849999999999994,89.7,90.0,27.0,27.7,26.0,50.7,49.5,86.0,87.0,25.0,24.0,26.0,49.0,52.333333333333336,90.0,90.0,28.0,28.0,27.0,51.0,50.666666666666664,87.0,88.0,26.0,25.0,26.5,51.5,53.166666666666664,90.0,92.0,28.5,28.0,27.0,53.5,53.5,90.0,92.0,27.0,26.0,31.0,55.0,56.0,94.0,95.0,30.0,29.0,31.0,57.0,49.0,86.0,86.0,24.0,24.0,26.0,48.0,51.333333333333336,89.0,89.0,27.0,27.0,26.0,50.0,72.33333333333333,115.0,114.0,31.0,31.0,53.0,90.0,75.5,120.0,116.0,36.0,34.0,54.0,93.0,C_p25,16.8397,3.0087630223024555,E1-E2,5.166362821190401,5.225746301893739,1.5439704982867866,1.4845870175834486,1.5736622386384556,3.058249256221904,2.2367777731590626,False,E1,-13.0,4.3943775720470075,4.4537610527503455,0.7719852491433933,0.7126017684400553,0.8016769894950623,2.2862640070785107,3.199151890542201,3.0,1,1,6,,False,False,False,2.3308016176060145,E1,4.572540666873242,4.691307956921898,0.68291191777977,0.653220095267606,0.7126037402919339,2.672264026094752,False
high/IMG_3160_jpg,IMG_3160_jpg,high/IMG_3160_jpg,high,train,3.0,2698,1799,True,oof,dev,0.7408333333333333,0.889,0.938,1.137,0.197,0.938,0.346,E1,False,False,20.49166666666667,37.7,29.0,31.400000000000002,0.0,10.75,14.100000000000003,21.233333333333334,37.7,30.0,33.0,0.0,12.0,14.700000000000001,22.983333333333334,40.400000000000006,30.5,33.0,3.0,13.0,18.0,25.133333333333336,40.400000000000006,31.0,33.0,15.400000000000002,13.0,18.0,32.5,49.0,38.0,34.0,19.5,19.0,35.5,33.083333333333336,49.0,39.0,35.0,21.0,19.0,35.5,47.083333333333336,62.0,51.5,45.0,27.0,33.0,64.0,48.833333333333336,62.0,52.0,51.0,31.0,33.0,64.0,13.833333333333334,35.0,28.0,16.0,0.0,0.0,4.0,17.0,35.0,28.0,32.0,0.0,0.0,7.0,89.0,92.0,89.0,85.0,92.0,90.0,86.0,91.66666666666667,92.0,91.0,99.0,92.0,90.0,86.0,17.21666666666667,37.05,29.0,3.3500000000000014,9.65,13.0,11.25,19.883333333333333,37.05,29.0,16.0,11.0,13.0,13.25,22.8,40.0,30.0,14.0,14.3,15.0,23.5,23.71666666666667,40.0,30.5,19.0,14.3,15.0,23.5,32.25,48.0,34.0,26.75,22.0,19.25,43.5,33.375,48.0,34.75,32.75,22.0,19.25,43.5,50.166666666666664,61.5,51.0,40.5,42.5,39.5,66.0,51.0,61.5,51.5,45.0,42.5,39.5,66.0,12.833333333333334,35.0,28.0,0.0,0.0,10.0,4.0,13.666666666666666,35.0,28.0,0.0,0.0,12.0,7.0,90.0,90.0,92.0,91.0,92.0,90.0,85.0,91.5,91.0,92.0,99.0,92.0,90.0,85.0,20.49166666666667,37.7,29.0,31.400000000000002,0.0,10.75,14.100000000000003,21.233333333333334,37.7,30.0,33.0,0.0,12.0,14.700000000000001,22.983333333333334,40.400000000000006,30.5,33.0,3.0,13.0,18.0,25.133333333333336,40.400000000000006,31.0,33.0,15.400000000000002,13.0,18.0,32.5,49.0,38.0,34.0,19.5,19.0,35.5,33.083333333333336,49.0,39.0,35.0,21.0,19.0,35.5,47.083333333333336,62.0,51.5,45.0,27.0,33.0,64.0,48.833333333333336,62.0,52.0,51.0,31.0,33.0,64.0,13.833333333333334,35.0,28.0,16.0,0.0,0.0,4.0,17.0,35.0,28.0,32.0,0.0,0.0,7.0,89.0,92.0,89.0,85.0,92.0,90.0,86.0,91.66666666666667,92.0,91.0,99.0,92.0,90.0,86.0,C_p25,16.8397,1.9299631228584833,E1,2.909790554463559,2.2565722667268417,2.0190383439134902,1.1579778737150899,1.1282861333634209,2.108113564968497,1.1579778737150899,False,E1,-13.0,2.1378053053201658,1.4845870175834486,1.2470530947700968,0.38599262457169664,0.35630088422002765,1.3361283158251038,1.9077511273875511,0.0,3,1,0,"gingiva_multi_component,zenith_detection_failed",True,False,False,0.8759063403742346,E1,1.2173647229987203,0.9501383203892452,0.8313710303405896,0.1187672900486556,0.8016792078284256,1.336132013047376,False
high/IMG_6726_jpg,IMG_6726_jpg,high/IMG_6726_jpg,high,valid,0.0,2698,1799,True,oof,holdout,1.4891666666666663,3.259,1.787,0.0,0.42,1.472,1.997,E1,True,False,18.733333333333334,28.2,23.2,0.0,0.0,34.0,27.0,19.433333333333334,28.2,23.4,0.0,0.0,35.0,30.0,21.266666666666666,33.8,30.4,0.0,0.0,35.4,28.0,22.03333333333333,33.8,31.4,0.0,0.0,36.0,31.0,30.0,56.0,41.0,0.0,0.0,40.0,43.0,30.5,57.0,41.0,0.0,0.0,40.0,45.0,36.5,68.0,43.0,10.0,0.0,48.0,50.0,37.0,68.0,43.0,12.0,0.0,49.0,50.0,15.833333333333334,24.0,18.0,0.0,0.0,33.0,20.0,16.333333333333332,24.0,18.0,0.0,0.0,33.0,23.0,66.83333333333333,92.0,71.0,53.0,52.0,62.0,71.0,67.0,92.0,71.0,53.0,53.0,62.0,71.0,22.233333333333334,27.75,0.0,0.0,34.0,46.7,24.95,23.058333333333334,27.75,0.0,0.0,35.0,46.7,28.9,23.666666666666668,33.0,0.0,0.0,35.0,47.0,27.0,24.333333333333332,33.0,0.0,0.0,35.0,47.0,31.0,29.875,53.75,9.0,0.0,37.5,48.0,31.0,30.791666666666668,53.75,11.0,0.0,38.0,48.0,34.0,42.583333333333336,66.5,41.0,0.0,44.0,53.0,51.0,42.833333333333336,67.0,41.0,0.0,45.0,53.0,51.0,20.5,24.0,0.0,0.0,33.0,46.0,20.0,21.0,24.0,0.0,0.0,33.0,46.0,23.0,73.0,90.0,92.0,52.0,62.0,71.0,71.0,73.16666666666667,90.0,92.0,53.0,62.0,71.0,71.0,30.666666666666668,63.0,41.0,0.0,0.0,34.0,46.0,30.666666666666668,63.0,41.0,0.0,0.0,34.0,46.0,30.833333333333332,63.0,41.0,0.0,0.0,34.0,47.0,31.0,63.0,41.0,0.0,0.0,35.0,47.0,31.333333333333332,65.0,41.0,0.0,0.0,35.0,47.0,31.416666666666668,65.0,41.0,0.0,0.0,35.5,47.0,32.833333333333336,69.0,41.0,0.0,0.0,37.0,50.0,33.0,69.0,41.0,0.0,0.0,38.0,50.0,30.333333333333332,62.0,41.0,0.0,0.0,33.0,46.0,30.333333333333332,62.0,41.0,0.0,0.0,33.0,46.0,40.166666666666664,78.0,44.0,0.0,0.0,48.0,71.0,40.166666666666664,78.0,44.0,0.0,0.0,48.0,71.0,C_p25,16.8397,1.8606823953712555,E1,3.8599262457169665,2.4347227088368557,0.0,0.0,2.0784218246168282,2.791023593056883,1.0886971462278623,False,E1,-13.0,3.087940996573573,1.6627374596934623,0.0,0.0,1.3064365754734348,2.0190383439134902,1.7610010406654317,0.0,3,1,6,"gingiva_multi_component,region_zero",False,False,False,0.7521907555756139,E1,1.7221257057055068,0.9501383203892452,0.0593836450243278,0.2969182251216391,0.1781509350729834,1.306440190535212,False
high/IMG_7291_jpg,IMG_7291_jpg,high/IMG_7291_jpg,high,train,0.0,2698,1799,True,oof,dev,5.9665,8.918,5.708,4.519,8.806,6.183,1.665,E2-E3,False,False,63.95833333333334,55.6,60.0,85.0,66.0,94.6,22.55,67.35833333333333,61.0,60.0,91.55,71.0,94.6,26.0,65.89999999999999,59.2,61.0,85.0,66.2,97.0,27.0,69.33333333333333,65.0,61.0,92.0,71.0,97.0,30.0,76.625,85.0,70.0,88.0,67.0,100.0,49.75,79.83333333333333,89.0,70.0,96.0,72.0,100.0,52.0,93.16666666666667,94.0,99.0,103.0,75.0,111.0,77.0,95.41666666666667,95.0,99.0,110.5,80.0,111.0,77.0,61.0,44.0,59.0,84.0,66.0,92.0,21.0,63.5,47.0,59.0,91.0,70.0,92.0,22.0,148.33333333333334,128.0,185.0,182.0,139.0,145.0,111.0,151.16666666666666,128.0,190.0,187.0,146.0,145.0,111.0,59.71666666666667,50.3,60.0,85.0,66.0,75.0,22.0,63.61666666666667,58.3,60.0,92.0,71.0,75.0,25.4,61.56666666666667,55.6,62.0,85.0,67.0,77.0,22.8,64.83333333333333,61.0,62.0,92.0,71.0,77.0,26.0,70.5,62.0,85.0,89.0,67.0,90.0,30.0,73.79166666666667,67.5,85.0,96.25,72.0,90.0,32.0,86.58333333333333,85.0,98.0,105.0,79.0,100.5,52.0,89.66666666666667,89.0,98.0,113.5,84.0,100.5,53.0,57.833333333333336,44.0,59.0,84.0,66.0,73.0,21.0,60.333333333333336,47.0,59.0,91.0,70.0,73.0,22.0,149.5,127.0,185.0,185.0,144.0,145.0,111.0,151.5,127.0,190.0,190.0,146.0,145.0,111.0,77.45,90.0,59.0,84.0,66.0,92.7,73.0,79.39999999999999,90.0,59.0,91.0,70.7,92.7,73.0,77.83333333333333,90.0,59.0,84.0,66.0,94.0,74.0,79.83333333333333,90.0,59.0,91.0,71.0,94.0,74.0,78.91666666666667,91.0,60.0,85.0,66.0,96.0,75.5,80.91666666666667,91.0,60.0,92.0,71.0,96.0,75.5,80.83333333333333,93.0,62.0,86.0,67.0,99.0,78.0,82.66666666666667,93.0,62.0,93.0,71.0,99.0,78.0,77.33333333333333,90.0,59.0,84.0,66.0,92.0,73.0,79.16666666666667,90.0,59.0,91.0,70.0,92.0,73.0,95.16666666666667,101.0,79.0,95.0,76.0,116.0,104.0,97.5,101.0,79.0,104.0,81.0,116.0,104.0,C_p25,16.8397,4.6863463521717525,E2-E3,5.403896744003752,3.5630088422002766,5.047595859783725,3.919309726420304,5.700814147520442,4.483452793102015,3.9143611030283596,False,E1-E2,-13.0,4.6319114948603595,2.791023593056883,4.2756106106403315,3.147324477276911,4.928828898377049,3.7114675439586216,4.497890158032957,0.0,1,1,6,,False,False,False,5.775043498399615,E2-E3,8.58093670601537,7.957408433259928,5.641446277311143,3.5036350564353413,7.36357198301665,1.6033584156568512,False
high/gummy15_JPG,gummy15_JPG,high/gummy15_JPG,high,train,4.0,2698,1799,True,oof,holdout,3.583333333333333,5.6,4.7,3.3,2.1,2.8,3.0,E1-E2,False,False,59.84166666666667,73.0,95.0,60.0,44.0,64.35,22.7,63.175000000000004,78.0,95.0,63.0,47.0,66.35,29.7,63.46666666666666,81.4,96.0,60.0,45.0,66.0,32.4,66.35,84.7,96.7,63.0,48.0,68.0,37.7,72.20833333333333,89.0,102.0,65.5,48.0,72.0,56.75,74.25,90.0,102.0,69.0,50.75,74.0,59.75,88.08333333333333,100.0,119.0,88.0,63.0,92.5,66.0,90.58333333333333,103.0,120.5,92.0,65.0,94.5,68.5,54.833333333333336,64.0,93.0,59.0,43.0,64.0,6.0,58.666666666666664,70.0,93.0,62.0,46.0,66.0,15.0,139.0,127.0,171.0,168.0,139.0,131.0,98.0,141.33333333333334,131.0,172.0,171.0,142.0,133.0,99.0,60.54999999999999,75.8,94.85,60.0,44.0,64.0,24.65,63.71666666666666,79.8,94.85,63.0,47.0,66.0,31.65,64.46666666666667,84.8,95.7,60.0,45.0,65.0,36.3,66.83333333333333,87.0,95.7,63.0,48.0,67.0,40.3,71.91666666666667,92.0,98.0,67.0,48.5,68.0,58.0,73.875,94.0,99.0,69.0,51.0,69.25,61.0,87.33333333333333,107.0,111.5,93.0,64.0,80.5,68.0,89.75,110.0,112.5,96.0,67.0,83.0,70.0,54.833333333333336,64.0,93.0,59.0,43.0,64.0,6.0,58.666666666666664,70.0,93.0,62.0,46.0,66.0,15.0,148.5,169.0,171.0,168.0,139.0,131.0,113.0,150.66666666666666,170.0,172.0,171.0,142.0,133.0,116.0,67.45,87.0,94.0,60.0,44.0,64.0,55.7,69.39999999999999,89.0,94.0,63.0,46.7,66.0,57.7,67.8,87.4,94.4,60.0,44.0,64.0,57.0,69.89999999999999,89.0,94.4,63.0,47.0,66.0,60.0,68.91666666666667,89.0,96.0,60.0,45.0,65.0,58.5,71.08333333333333,91.5,96.0,63.0,47.5,67.0,61.5,72.0,97.0,98.0,62.0,46.0,68.0,61.0,74.0,100.0,98.0,65.0,48.0,69.0,64.0,66.66666666666667,87.0,93.0,59.0,43.0,64.0,54.0,68.66666666666667,89.0,93.0,62.0,46.0,66.0,56.0,86.5,108.0,119.0,72.0,52.0,86.0,82.0,89.0,112.0,119.0,75.0,55.0,89.0,84.0,C_p25,16.8397,4.092511545138374,E2-E3,5.285129782597077,5.700814147520442,3.5630088422002766,2.6722566316502077,3.8599262457169665,3.4739336211452696,3.32052629599498,False,E1-E2,-13.0,4.5131445334536835,4.928828898377049,2.791023593056883,1.9002713825068143,3.087940996573573,2.701948372001876,4.238631671490546,2.0,1,1,6,,False,False,False,3.4788822445372145,E1-E2,4.216238796727276,4.810075246970554,2.9691822512163912,2.197194865900129,3.5036350564353413,3.1770250088015386,False
high/IMG_2910_jpg,IMG_2910_jpg,high/IMG_2910_jpg,high,train,4.0,2698,1799,True,oof,dev,1.7566666666666666,0.324,2.108,2.838,2.27,1.703,1.297,E1,False,False,48.50833333333333,27.0,64.0,63.05,58.0,56.0,23.0,49.68333333333334,28.0,65.05,66.0,60.05,56.0,23.0,51.18333333333334,30.1,68.0,64.0,59.0,60.0,26.0,52.18333333333334,30.1,70.0,66.0,61.0,60.0,26.0,59.166666666666664,47.5,79.25,67.0,61.0,65.0,35.25,60.375,47.5,82.25,69.0,63.0,65.25,35.25,72.58333333333333,63.5,98.0,74.0,74.5,76.5,49.0,74.25,64.0,100.5,77.5,77.5,77.0,49.0,46.833333333333336,24.0,62.0,63.0,58.0,53.0,21.0,47.833333333333336,25.0,63.0,65.0,60.0,53.0,21.0,102.5,83.0,122.0,118.0,121.0,113.0,58.0,105.33333333333333,85.0,123.0,124.0,127.0,115.0,58.0,46.96666666666667,26.2,62.0,64.0,58.0,49.0,22.6,47.800000000000004,26.2,62.0,66.0,61.0,49.0,22.6,47.916666666666664,27.4,62.1,65.0,59.0,50.0,24.0,48.916666666666664,28.4,63.1,67.0,61.0,50.0,24.0,52.0,35.0,66.0,69.0,62.0,52.0,28.0,53.125,35.0,67.75,72.0,64.0,52.0,28.0,66.41666666666667,55.0,80.0,85.0,74.0,61.5,43.0,67.58333333333333,55.0,82.0,88.0,76.0,61.5,43.0,46.0,24.0,61.0,63.0,58.0,49.0,21.0,46.833333333333336,25.0,61.0,65.0,60.0,49.0,21.0,103.0,83.0,121.0,122.0,121.0,113.0,58.0,105.66666666666667,84.0,123.0,127.0,127.0,115.0,58.0,48.50833333333333,27.0,64.0,63.05,58.0,56.0,23.0,49.68333333333334,28.0,65.05,66.0,60.05,56.0,23.0,51.18333333333334,30.1,68.0,64.0,59.0,60.0,26.0,52.18333333333334,30.1,70.0,66.0,61.0,60.0,26.0,59.166666666666664,47.5,79.25,67.0,61.0,65.0,35.25,60.375,47.5,82.25,69.0,63.0,65.25,35.25,72.58333333333333,63.5,98.0,74.0,74.5,76.5,49.0,74.25,64.0,100.5,77.5,77.5,77.0,49.0,46.833333333333336,24.0,62.0,63.0,58.0,53.0,21.0,47.833333333333336,25.0,63.0,65.0,60.0,53.0,21.0,102.5,83.0,122.0,118.0,121.0,113.0,58.0,105.33333333333333,85.0,123.0,124.0,127.0,115.0,58.0,C_p25,16.8397,3.513522608280828,E1-E2,2.820715333408552,4.706140845739532,3.978693207123642,3.6223923229036146,3.8599262457169665,2.0932676947926625,2.741537359137435,False,E1,-13.0,2.0487300842651592,3.934155596596139,3.206707957980249,2.850407073760221,3.087940996573573,1.3212824456492693,3.4730853857568236,2.0,1,1,0,zenith_detection_failed,True,False,False,3.2858859322513663,E1-E2,2.4941130910217684,4.810075246970554,3.741169636532653,3.0879495412650466,3.1473331862893748,2.4347294459974407,True
high/IMG_2711-_jpg,IMG_2711-_jpg,high/IMG_2711-_jpg,high,train,0.0,2699,1799,True,oof,dev,1.4118333333333333,0.684,2.265,2.521,1.996,1.005,0.0,E1,True,False,43.6,23.0,57.0,55.0,60.0,50.0,16.6,46.76666666666667,23.0,57.0,58.0,66.0,56.0,20.6,47.06666666666666,29.6,58.0,55.0,61.6,50.0,28.200000000000003,50.13333333333333,29.6,58.0,58.0,68.0,56.0,31.200000000000003,50.0,34.0,61.0,56.0,65.0,51.0,33.0,53.833333333333336,34.0,63.0,59.0,72.0,58.0,37.0,60.0,43.0,75.5,63.0,78.0,59.5,41.0,63.333333333333336,43.0,77.5,65.0,85.0,64.5,45.0,39.166666666666664,16.0,56.0,55.0,57.0,49.0,2.0,43.333333333333336,16.0,56.0,57.0,64.0,55.0,12.0,110.0,91.0,143.0,143.0,106.0,106.0,71.0,113.5,91.0,145.0,145.0,114.0,110.0,76.0,37.550000000000004,23.0,57.0,55.0,50.0,32.0,8.3,40.94166666666667,23.0,57.0,58.0,56.0,36.0,15.65,40.0,30.0,58.0,56.0,50.0,33.0,13.0,42.949999999999996,30.0,58.0,58.0,57.0,36.7,18.0,44.458333333333336,34.0,61.0,58.0,54.0,35.25,24.5,47.208333333333336,34.0,62.5,61.0,60.0,38.25,27.5,56.833333333333336,43.0,74.0,66.0,64.0,48.5,45.5,59.333333333333336,43.0,76.0,68.0,70.0,52.5,46.5,35.0,16.0,56.0,55.0,49.0,32.0,2.0,38.666666666666664,16.0,56.0,57.0,55.0,36.0,12.0,109.33333333333333,94.0,143.0,143.0,105.0,106.0,65.0,112.16666666666667,94.0,145.0,145.0,113.0,110.0,66.0,43.6,23.0,57.0,55.0,60.0,50.0,16.6,46.76666666666667,23.0,57.0,58.0,66.0,56.0,20.6,47.06666666666666,29.6,58.0,55.0,61.6,50.0,28.200000000000003,50.13333333333333,29.6,58.0,58.0,68.0,56.0,31.200000000000003,50.0,34.0,61.0,56.0,65.0,51.0,33.0,53.833333333333336,34.0,63.0,59.0,72.0,58.0,37.0,60.0,43.0,75.5,63.0,78.0,59.5,41.0,63.333333333333336,43.0,77.5,65.0,85.0,64.5,45.0,39.166666666666664,16.0,56.0,55.0,57.0,49.0,2.0,43.333333333333336,16.0,56.0,57.0,64.0,55.0,12.0,110.0,91.0,143.0,143.0,106.0,106.0,71.0,113.5,91.0,145.0,145.0,114.0,110.0,76.0,C_p25,16.8397,2.969174035166897,E1,2.0190383439134902,3.6223923229036146,3.3254749193869246,3.8599262457169665,3.028557515870235,1.959654863210152,2.1971887860235038,False,E1,-13.0,1.2470530947700968,2.850407073760221,2.5534896702435317,3.087940996573573,2.2565722667268417,1.1876696140667589,2.935001734442386,3.0,1,1,0,zenith_detection_failed,True,False,False,3.068146503005793,E1-E2,1.5439747706325233,4.335006086775931,3.384867766386686,3.622402346483997,3.1473331862893748,2.375345800973113,True
high/IMG_2456_jpeg,IMG_2456_jpeg,high/IMG_2456_jpeg,high,test,2.0,2698,1799,True,oof,holdout,2.718,4.231,4.077,1.077,0.538,3.231,3.154,E1,False,False,42.333333333333336,22.0,71.0,70.0,45.0,43.0,3.0,44.61666666666667,22.0,72.0,72.0,50.0,47.0,4.7,43.23333333333333,23.4,71.0,70.0,46.0,43.0,6.0,45.53333333333333,23.4,73.0,72.4,51.0,47.0,6.4,46.916666666666664,28.0,76.0,71.0,50.0,44.0,12.5,50.083333333333336,28.0,78.0,74.0,55.0,48.0,17.5,63.416666666666664,43.0,87.0,73.0,68.5,63.0,46.0,65.91666666666667,43.0,89.0,76.0,73.5,65.0,49.0,41.166666666666664,21.0,70.0,69.0,44.0,43.0,0.0,43.5,21.0,72.0,72.0,49.0,47.0,0.0,99.66666666666667,98.0,120.0,89.0,104.0,99.0,88.0,103.16666666666667,102.0,122.0,94.0,109.0,101.0,91.0,36.15,24.0,23.0,70.0,43.0,55.2,1.7000000000000002,37.56666666666667,24.0,23.0,72.0,47.0,57.0,2.4000000000000004,37.56666666666667,24.4,26.0,71.0,43.0,56.0,5.0,39.06666666666667,24.4,26.0,73.0,47.0,58.0,6.0,42.875,28.0,44.25,73.0,45.0,59.0,8.0,45.625,28.0,45.25,75.0,50.0,61.0,14.5,54.416666666666664,34.0,73.0,77.0,54.5,68.0,20.0,56.833333333333336,34.0,75.0,80.0,59.0,70.0,23.0,35.166666666666664,23.0,21.0,69.0,43.0,55.0,0.0,36.5,23.0,21.0,72.0,47.0,56.0,0.0,96.83333333333333,50.0,120.0,120.0,104.0,99.0,88.0,99.16666666666667,50.0,122.0,122.0,109.0,101.0,91.0,43.166666666666664,21.0,70.0,70.0,43.0,55.0,0.0,44.666666666666664,21.0,72.0,72.0,47.0,56.0,0.0,44.06666666666666,22.0,71.0,70.0,43.0,56.0,2.4000000000000004,45.56666666666666,22.0,72.0,72.0,47.0,57.0,3.4000000000000004,45.333333333333336,24.0,71.0,70.0,43.0,58.0,6.0,47.0,24.0,73.0,72.5,47.0,59.0,6.5,47.833333333333336,28.0,74.0,71.0,43.0,61.0,10.0,50.666666666666664,28.0,76.0,73.0,48.0,63.0,16.0,43.0,21.0,70.0,69.0,43.0,55.0,0.0,44.666666666666664,21.0,72.0,72.0,47.0,56.0,0.0,61.5,48.0,88.0,73.0,57.0,78.0,25.0,63.666666666666664,48.0,91.0,75.0,61.0,80.0,27.0,C_p25,16.8397,2.692051125217987,E1,1.4252035368801106,4.216227129936994,4.1568436492336565,2.5534896702435317,3.4442418807936006,0.35630088422002765,1.9200658760745937,False,E1,-13.0,0.6532182877367174,3.4442418807936006,3.3848584000902626,1.7815044211001383,2.6722566316502077,0.0,2.754009960818439,3.0,2,1,6,gingiva_multi_component,False,False,False,2.6227703977307586,E1,0.7719873853162617,3.5036350564353413,3.919320571605637,2.5238049135339327,4.186546974215111,0.8313710303405896,False
high/IMG_6399-_jpg,IMG_6399-_jpg,high/IMG_6399-_jpg,high,train,3.0,2699,1799,True,oof,dev,7.533333333333334,5.676,8.62,8.935,7.253,8.199,6.517,E3,False,False,98.83333333333333,34.75,145.0,157.0,115.0,109.75,31.5,108.54166666666667,45.75,150.0,162.0,124.0,125.75,43.75,104.25,40.5,146.0,157.0,116.0,119.5,46.5,113.58333333333333,53.0,151.0,162.0,125.0,134.5,56.0,119.54166666666667,68.75,151.75,159.0,120.0,140.0,77.75,126.66666666666667,80.75,156.75,163.0,126.75,149.0,83.75,136.75,93.0,177.0,164.0,130.5,154.0,102.0,144.91666666666666,103.0,182.0,169.0,138.0,160.5,117.0,91.0,24.0,143.0,156.0,114.0,104.0,5.0,101.33333333333333,36.0,148.0,161.0,123.0,120.0,20.0,195.83333333333334,185.0,220.0,198.0,220.0,204.0,148.0,203.83333333333334,191.0,224.0,206.0,225.0,213.0,164.0,93.46666666666665,35.0,145.0,116.0,139.0,99.0,26.8,104.23333333333335,46.2,150.0,125.0,148.0,116.0,40.2,97.63333333333333,41.400000000000006,146.0,119.0,140.0,101.0,38.400000000000006,107.73333333333333,54.0,151.0,126.0,149.0,117.0,49.400000000000006,110.625,70.0,149.0,131.75,145.0,105.0,63.0,119.66666666666667,82.0,154.0,139.0,152.0,121.0,70.0,132.83333333333334,94.0,164.0,159.0,161.0,123.0,96.0,141.0,104.0,169.0,163.0,166.0,139.0,105.0,87.16666666666667,24.0,143.0,114.0,139.0,98.0,5.0,98.33333333333333,36.0,148.0,123.0,148.0,115.0,20.0,200.33333333333334,193.0,219.0,220.0,218.0,204.0,148.0,207.83333333333334,199.0,223.0,225.0,223.0,213.0,164.0,98.83333333333333,34.75,145.0,157.0,115.0,109.75,31.5,108.54166666666667,45.75,150.0,162.0,124.0,125.75,43.75,104.25,40.5,146.0,157.0,116.0,119.5,46.5,113.58333333333333,53.0,151.0,162.0,125.0,134.5,56.0,119.54166666666667,68.75,151.75,159.0,120.0,140.0,77.75,126.66666666666667,80.75,156.75,163.0,126.75,149.0,83.75,136.75,93.0,177.0,164.0,130.5,154.0,102.0,144.91666666666666,103.0,182.0,169.0,138.0,160.5,117.0,91.0,24.0,143.0,156.0,114.0,104.0,5.0,101.33333333333333,36.0,148.0,161.0,123.0,120.0,20.0,195.83333333333334,185.0,220.0,198.0,220.0,204.0,148.0,203.83333333333334,191.0,224.0,206.0,225.0,213.0,164.0,C_p25,16.8397,7.098800255744857,E3,4.082614298354484,9.011443196731532,9.441973431830734,7.126017684400553,8.313687298467313,4.617065624684525,6.326815006601464,False,E3,-13.0,3.3106290492110904,8.23945794758814,8.669988182687339,6.35403243525716,7.541702049323919,3.845080375541132,7.017099980096005,7.0,1,1,0,zenith_detection_failed,True,False,False,7.457575451660856,E3,4.988226182043537,8.81847128611268,9.085697688722156,6.621276420212552,8.551244883503207,6.68066006523688,False
high/IMG_6764_jpg,IMG_6764_jpg,high/IMG_6764_jpg,high,train,3.0,2699,1799,True,oof,dev,1.2785,1.994,2.148,0.844,0.0,1.074,1.611,E1,True,False,38.28333333333333,75.0,52.0,25.0,0.0,35.0,42.7,40.06666666666666,76.7,55.0,26.0,0.0,37.0,45.7,41.333333333333336,85.0,52.0,25.0,0.0,36.0,50.0,42.78333333333333,85.7,55.0,26.0,0.0,38.0,52.0,47.916666666666664,108.25,53.0,29.0,1.25,42.0,54.0,50.75,108.25,56.0,29.0,11.25,44.0,56.0,65.58333333333333,122.5,59.0,44.0,25.0,69.0,74.0,67.16666666666667,123.5,62.0,45.0,27.5,71.0,74.0,31.166666666666668,62.0,51.0,24.0,0.0,35.0,15.0,33.5,64.0,53.0,25.0,0.0,36.0,23.0,120.66666666666667,150.0,140.0,115.0,97.0,115.0,107.0,122.83333333333333,152.0,143.0,117.0,98.0,117.0,110.0,39.75833333333333,80.75,52.0,25.0,0.0,35.0,45.8,41.175000000000004,80.75,54.5,26.0,0.0,37.0,48.8,42.166666666666664,88.0,53.0,26.0,0.0,36.0,50.0,43.46666666666667,88.0,55.0,27.0,0.0,38.0,52.8,49.208333333333336,106.75,57.5,35.0,0.0,40.0,56.0,50.541666666666664,106.75,59.5,37.0,0.0,42.0,58.0,71.0,126.0,93.0,56.0,22.0,53.0,76.0,73.0,126.0,95.0,59.0,26.0,55.0,77.0,32.833333333333336,72.0,51.0,24.0,0.0,35.0,15.0,34.833333333333336,72.0,53.0,25.0,0.0,36.0,23.0,127.66666666666667,148.0,150.0,140.0,100.0,113.0,115.0,130.0,149.0,152.0,143.0,104.0,115.0,117.0,35.666666666666664,52.0,52.0,25.0,0.0,35.0,50.0,37.166666666666664,54.0,55.0,25.0,0.0,37.0,52.0,35.666666666666664,52.0,52.0,25.0,0.0,35.0,50.0,37.166666666666664,54.0,55.0,25.0,0.0,37.0,52.0,36.333333333333336,53.0,53.0,25.0,0.0,36.0,51.0,38.0,55.0,56.0,26.0,0.0,38.0,53.0,37.666666666666664,55.0,54.0,26.0,0.0,38.0,53.0,39.666666666666664,57.0,58.0,27.0,0.0,40.0,56.0,35.166666666666664,51.0,52.0,24.0,0.0,35.0,49.0,36.833333333333336,53.0,55.0,25.0,0.0,36.0,52.0,49.166666666666664,68.0,64.0,31.0,7.0,47.0,78.0,52.5,70.0,67.0,34.0,15.0,49.0,80.0,C_p25,16.8397,2.1575997988879454,E1,3.147324477276911,3.147324477276911,1.4845870175834486,0.0,2.1378053053201658,3.028557515870235,1.3856145497445522,False,E1,-13.0,2.3753392281335177,2.3753392281335177,0.7126017684400553,0.0,1.3658200561767726,2.2565722667268417,2.8127099955072867,2.0,2,1,6,gingiva_multi_component,False,False,False,1.7171723170048556,E1,3.0879495412650466,2.256578510924457,0.8313710303405896,0.1187672900486556,1.4252074805838677,2.5831885585582604,False
high/IMG_8554_jpg,IMG_8554_jpg,high/IMG_8554_jpg,high,valid,0.0,2699,1799,True,oof,dev,3.903333333333333,4.644,4.145,2.097,2.147,4.544,5.843,E1-E2,False,False,66.41666666666667,91.5,71.0,46.0,47.0,74.0,69.0,71.25,99.5,75.0,48.0,50.0,77.0,78.0,73.01666666666667,98.0,72.0,46.1,48.0,85.0,89.0,76.5,101.0,76.0,49.0,51.0,88.0,94.0,81.0,107.0,78.5,50.0,50.5,87.0,113.0,83.83333333333333,109.5,83.0,51.0,53.5,91.0,115.0,94.41666666666667,123.0,101.0,60.5,61.0,98.0,123.0,97.91666666666667,127.0,104.0,63.5,64.0,101.0,128.0,58.166666666666664,72.0,70.0,46.0,47.0,65.0,49.0,63.333333333333336,80.0,75.0,48.0,49.0,68.0,60.0,144.5,149.0,156.0,140.0,120.0,151.0,151.0,147.66666666666666,149.0,158.0,145.0,124.0,155.0,155.0,74.14999999999999,97.0,46.0,47.0,85.0,112.0,57.9,78.48333333333333,100.0,49.0,50.0,90.0,114.0,67.9,76.53333333333333,99.0,48.0,48.0,86.0,113.0,65.2,80.5,102.0,50.0,51.0,90.4,115.0,74.6,84.33333333333333,106.0,58.5,51.0,89.0,114.0,87.5,87.91666666666667,109.0,61.5,54.0,93.0,117.0,93.0,100.16666666666667,122.0,78.0,64.0,102.0,123.0,112.0,104.08333333333333,126.0,82.0,67.5,105.0,125.0,119.0,68.5,72.0,46.0,47.0,85.0,112.0,49.0,73.16666666666667,80.0,48.0,49.0,89.0,113.0,60.0,152.0,154.0,156.0,150.0,151.0,151.0,150.0,155.33333333333334,156.0,158.0,154.0,155.0,154.0,155.0,76.33333333333333,98.0,70.0,46.0,47.0,85.0,112.0,79.28333333333333,100.0,75.0,48.0,49.0,89.7,114.0,76.33333333333333,98.0,70.0,46.0,47.0,85.0,112.0,79.66666666666667,101.0,75.0,48.0,50.0,90.0,114.0,77.08333333333333,99.0,71.0,46.0,47.5,86.0,113.0,80.33333333333333,102.0,76.0,48.0,50.5,90.5,115.0,79.16666666666667,102.0,74.0,47.0,48.0,88.0,116.0,82.33333333333333,104.0,78.0,49.0,52.0,92.0,119.0,76.16666666666667,97.0,70.0,46.0,47.0,85.0,112.0,79.0,100.0,75.0,48.0,49.0,89.0,113.0,91.66666666666667,109.0,85.0,54.0,58.0,102.0,142.0,95.16666666666667,113.0,90.0,57.0,60.0,105.0,146.0,C_p25,16.8397,4.577476637548966,E2-E3,5.878964589630456,4.216227129936994,2.731640112353545,2.820715333408552,5.106979340487063,6.710333319477187,3.805491388405573,False,E1-E2,-13.0,5.106979340487063,3.4442418807936006,1.959654863210152,2.0487300842651592,4.3349940913436695,5.938348070333794,4.754702809796666,3.0,1,1,6,,False,False,False,4.255816117072553,E2-E3,5.344528052189504,4.216238796727276,2.375345800973113,2.5534967360460965,4.869458891994881,6.175899082530093,False
high/IMG_7285_jpg,IMG_7285_jpg,high/IMG_7285_jpg,high,train,1.0,2697,1798,True,oof,dev,3.535,3.743,3.618,2.745,2.246,3.618,5.24,E1-E2,False,False,52.78333333333334,57.6,59.0,47.0,45.0,60.0,48.1,56.75833333333333,62.0,62.0,49.0,47.0,64.0,56.55,55.88333333333333,60.0,60.0,47.0,45.0,61.2,62.1,59.01666666666667,62.0,62.0,49.0,47.0,65.0,69.1,61.583333333333336,63.0,66.75,48.0,46.0,68.0,77.75,64.58333333333333,67.0,68.75,50.0,48.0,71.0,82.75,71.5,70.0,81.0,53.5,51.0,86.0,87.5,74.08333333333333,74.0,83.0,55.5,53.0,90.0,89.0,47.166666666666664,49.0,59.0,47.0,44.0,59.0,25.0,52.166666666666664,56.0,61.0,49.0,46.0,63.0,38.0,101.66666666666667,101.0,97.0,96.0,100.0,108.0,108.0,103.0,103.0,98.0,97.0,101.0,111.0,108.0,51.06666666666666,54.65,60.0,47.0,45.0,60.25,39.5,55.75833333333333,62.3,62.0,49.0,47.0,64.25,50.0,54.38333333333333,59.3,60.0,48.0,45.0,62.0,52.0,58.71666666666667,67.3,62.0,50.0,47.0,66.0,60.0,61.75,65.0,61.75,52.0,46.0,75.25,70.5,65.33333333333333,70.0,63.75,54.0,48.0,79.25,77.0,72.83333333333333,73.0,74.0,66.0,53.0,88.0,83.0,75.58333333333333,77.5,75.5,68.5,55.0,90.0,87.0,47.166666666666664,49.0,59.0,47.0,44.0,59.0,25.0,52.166666666666664,56.0,61.0,49.0,46.0,63.0,38.0,103.83333333333333,99.0,101.0,99.0,108.0,108.0,108.0,105.5,101.0,103.0,100.0,111.0,110.0,108.0,52.78333333333334,57.6,59.0,47.0,45.0,60.0,48.1,56.75833333333333,62.0,62.0,49.0,47.0,64.0,56.55,55.88333333333333,60.0,60.0,47.0,45.0,61.2,62.1,59.01666666666667,62.0,62.0,49.0,47.0,65.0,69.1,61.583333333333336,63.0,66.75,48.0,46.0,68.0,77.75,64.58333333333333,67.0,68.75,50.0,48.0,71.0,82.75,71.5,70.0,81.0,53.5,51.0,86.0,87.5,74.08333333333333,74.0,83.0,55.5,53.0,90.0,89.0,47.166666666666664,49.0,59.0,47.0,44.0,59.0,25.0,52.166666666666664,56.0,61.0,49.0,46.0,63.0,38.0,101.66666666666667,101.0,97.0,96.0,100.0,108.0,108.0,103.0,103.0,98.0,97.0,101.0,111.0,108.0,C_p25,16.8397,3.6570326866472285,E1-E2,3.7411592843102905,3.9638473369478078,2.850407073760221,2.731640112353545,4.0380766878269805,4.617065624684525,2.885047437503835,False,E1,-13.0,2.969174035166897,3.1918620878044144,2.0784218246168282,1.959654863210152,3.266091438683587,3.845080375541132,3.6149438029215393,2.0,1,1,0,zenith_detection_failed,True,False,False,2.998865775518566,E1,2.701955848606916,3.1770250088015386,2.612880381070424,2.256578510924457,2.8504149611677354,4.394389731800259,False
