uid,image,split,ref_mm,ref_mm_1,ref_mm_2,ref_mm_3,ref_mm_4,ref_mm_5,ref_mm_6,ref_label,frame_ok,width,height,has_dash_zero,has_ambiguous_100_999,A_p05_px,A_p05_mm,A_p05_lipanchored_px,A_p05_lipanchored_mm,A_p10_px,A_p10_mm,A_p10_lipanchored_px,A_p10_lipanchored_mm,A_p25_px,A_p25_mm,A_p25_lipanchored_px,A_p25_lipanchored_mm,A_median_px,A_median_mm,A_median_lipanchored_px,A_median_lipanchored_mm,A_min_px,A_min_mm,A_min_lipanchored_px,A_min_lipanchored_mm,A_max_px,A_max_mm,A_max_lipanchored_px,A_max_lipanchored_mm,B_p05_px,B_p05_mm,B_p05_lipanchored_px,B_p05_lipanchored_mm,B_p10_px,B_p10_mm,B_p10_lipanchored_px,B_p10_lipanchored_mm,B_p25_px,B_p25_mm,B_p25_lipanchored_px,B_p25_lipanchored_mm,B_median_px,B_median_mm,B_median_lipanchored_px,B_median_lipanchored_mm,B_min_px,B_min_mm,B_min_lipanchored_px,B_min_lipanchored_mm,B_max_px,B_max_mm,B_max_lipanchored_px,B_max_lipanchored_mm,C_p05_px,C_p05_mm,C_p05_lipanchored_px,C_p05_lipanchored_mm,C_p10_px,C_p10_mm,C_p10_lipanchored_px,C_p10_lipanchored_mm,C_p25_px,C_p25_mm,C_p25_lipanchored_px,C_p25_lipanchored_mm,C_median_px,C_median_mm,C_median_lipanchored_px,C_median_lipanchored_mm,C_min_px,C_min_mm,C_min_lipanchored_px,C_min_lipanchored_mm,C_max_px,C_max_mm,C_max_lipanchored_px,C_max_lipanchored_mm,selected_method,selected_px_per_mm,selected_mm,selected_label,selected_region_1_mm,selected_region_2_mm,selected_region_3_mm,selected_region_4_mm,selected_region_5_mm,selected_region_6_mm,gap_median_px,n_gingiva_instances,n_zeniths_found,alignment_uncertain,qc_flags
high/IMG_7307_jpg,IMG_7307_jpg,holdout,2.8623333333333334,2.511,5.022,0.661,3.172,2.908,2.9,E1,True,2697,1798,False,False,20.883333333333336,1.559287268376632,25.891666666666666,1.6561601839327917,29.95,2.045531949677102,34.13333333333333,2.026180047012274,38.875,2.2819638485289553,43.875,2.278999236775736,44.916666666666664,2.1749724331745792,50.333333333333336,2.1982922875044903,10.666666666666666,0.9788036189629238,16.333333333333332,1.198739143116219,86.5,2.4856637209580112,92.0,2.4861807263710407,24.183333333333334,1.8604308793002367,29.349999999999998,1.9164821974983397,27.866666666666664,1.9601299044602698,33.15,2.0156925262219323,37.333333333333336,2.240694824018119,42.541666666666664,2.2519159229777674,55.5,2.7299511434776216,60.833333333333336,2.697729561165744,20.0,1.863554861081258,25.333333333333332,1.8798502641599022,85.0,2.323877910545793,90.66666666666667,2.3376539318407286,38.333333333333336,2.4409267125128227,42.5,2.38006772682014,38.5,2.400228149942212,42.73333333333333,2.350166677794332,38.833333333333336,2.306064881778064,43.333333333333336,2.278901334039682,40.833333333333336,2.26946252031674,45.666666666666664,2.2596026043708233,38.0,2.506609625786437,42.166666666666664,2.427289762039388,50.833333333333336,2.0260100328328225,56.166666666666664,2.053628048446878,C_p25,16.8397,2.3060585006462904,E1,3.028557515870235,3.978693207123642,0.8907522105500691,0.0,2.850407073760221,3.087940996573573,6.0,2,6,False,gingiva_multi_component
high/IMG_6921_jpg,IMG_6921_jpg,dev,2.5318333333333336,1.091,2.909,4.091,4.1,3.0,0.0,E1,True,2697,1798,True,False,44.1,3.2927965779126636,50.5,3.2302319647997164,45.099999999999994,3.0802501145388077,51.4,3.051142219231374,52.0,3.0524018038200817,59.333333333333336,3.081951484490644,73.33333333333333,3.5509754011013537,80.16666666666667,3.5012536102306617,41.5,3.8081578300276258,49.0,3.5962174293486573,126.0,3.620735593534213,133.33333333333334,3.6031604730015085,35.53333333333333,2.7335896861944207,41.59166666666666,2.7158326654498053,36.300000000000004,2.553327112389036,42.050000000000004,2.5568588454791032,46.333333333333336,2.7808623262367727,52.333333333333336,2.7702315369834243,63.666666666666664,3.131655666091446,70.25,3.1153233151544137,32.666666666666664,3.043806273099388,40.0,2.9681846276208983,122.66666666666667,3.3536747885523597,129.66666666666666,3.3431888951692765,42.666666666666664,2.7168575582751413,49.85833333333333,2.7921461195225286,43.48333333333333,2.710907031687978,50.166666666666664,2.7589710219036427,44.666666666666664,2.6524694777533093,50.833333333333336,2.6733265649311653,46.333333333333336,2.5751452271349127,52.416666666666664,2.5935949601263646,41.5,2.7374815650036086,49.0,2.8206450199192887,62.666666666666664,2.497638597852922,69.16666666666667,2.528948486959805,C_p25,16.8397,2.652462138082428,E1,0.9501356912534071,3.5036253614969386,4.0974601685303185,4.0380766878269805,3.3254749193869246,0.0,7.0,2,6,False,gingiva_multi_component
high/IMG_2843_jpg,IMG_2843_jpg,holdout,4.334666666666666,3.975,4.623,3.283,4.45,5.616,4.061,E2-E3,True,2699,1799,False,False,61.73333333333333,4.609417431817273,69.575,4.4503641376423815,68.81666666666666,4.700056438629245,76.33333333333334,4.531203425447372,80.95833333333333,4.752256975017963,88.54166666666667,4.599120017234985,96.0,4.648549615987227,103.75,4.531248175402467,53.166666666666664,4.878724288268323,62.0,4.5503159310125865,136.0,3.9080955612750237,143.33333333333334,3.8733975084766215,69.77499999999999,5.367811079386933,77.71666666666665,5.074705557600658,74.61666666666666,5.248505731021907,82.25,5.001228062798007,86.75,5.206614535274245,94.125,4.982446689526715,99.91666666666667,4.91473186340791,107.66666666666667,4.774611771268686,62.333333333333336,5.808079317036587,71.33333333333333,5.2932625859239355,143.16666666666666,3.9141394610957567,150.83333333333334,3.8889279564629766,90.45,5.75952576904656,98.16666666666667,5.497489769008088,90.66666666666667,5.652485340123651,98.33333333333333,5.407949843598502,91.25,5.418757608469914,99.16666666666667,5.215178052898503,93.5,5.196606015908943,101.16666666666667,5.005761973916386,90.0,5.936707008441561,97.83333333333333,5.6316960091585795,106.16666666666667,4.23137177349019,114.0,4.168194614651823,C_p25,16.8397,5.418742614179587,E2-E3,5.374205003652084,5.819581108927118,3.7411592843102905,4.928828898377049,7.066634203697215,5.582047186113766,8.0,1,6,False,
high/IMG_8575_jpg,IMG_8575_jpg,holdout,4.541166666666666,6.107,4.287,0.352,3.817,5.461,7.223,E2-E3,True,2699,1799,False,False,52.86666666666667,3.9473736754115527,66.56666666666666,4.257936127858108,58.63333333333333,4.004552809662796,71.43333333333334,4.240335781979789,71.16666666666667,4.177485802022997,82.25,4.272311959539699,85.5,4.140114501738624,95.5,4.170932055430705,32.666666666666664,2.997586083073954,55.666666666666664,4.085498712253236,143.33333333333334,4.118826204284952,153.5,4.148138494542986,57.458333333333336,4.420286324181644,69.95833333333333,4.568105635434004,62.383333333333326,4.388018081575831,73.95,4.496544866187388,73.5,4.411367934785671,84.20833333333333,4.457514280448646,88.16666666666667,4.336769233932919,98.83333333333333,4.382886656907632,38.166666666666664,3.556283859896734,60.166666666666664,4.464644377379768,156.16666666666666,4.269556082708642,167.16666666666666,4.310049436831343,71.45,4.549675137627161,81.68333333333332,4.574396834959021,71.96666666666667,4.486660238723148,81.83333333333333,4.500514191876041,72.83333333333333,4.325108812605209,83.0,4.364972555199083,75.83333333333333,4.214716109159658,85.5,4.230569839570191,71.0,4.683402195548343,81.16666666666667,4.6722929411588225,102.0,4.065305377356353,113.16666666666667,4.1377253557727895,C_p25,16.8397,4.32509684455978,E2-E3,5.878964589630456,4.0974601685303185,0.23753392281335178,3.028557515870235,5.582047186113766,7.126017684400553,11.0,1,6,False,
high/IMG_6842_jpg,IMG_6842_jpg,dev,2.6985000000000006,3.714,3.81,1.619,1.81,2.381,2.857,E1,True,2698,1799,False,False,43.958333333333336,3.282218811127986,56.84166666666667,3.6358766059239054,48.25,3.295389534955598,60.416666666666664,3.5863782570407685,55.583333333333336,3.262743594788453,66.0,3.428238168141278,67.25,3.256405850782719,77.5,3.3847877936741324,31.166666666666668,2.859941824157293,49.166666666666664,3.6084494614212717,112.33333333333333,3.2280103042884387,123.0,3.3239155363438915,44.25833333333333,3.404806478278276,56.75833333333333,3.706178377956046,48.65,3.4220210473202917,60.166666666666664,3.658446465390234,56.333333333333336,3.3810484398130547,66.54166666666667,3.522340576880994,70.91666666666667,3.4882709055547387,81.41666666666667,3.610522988025934,32.0,2.981687777730013,49.5,3.6731284766808616,116.16666666666667,3.175966477745917,125.5,3.235759946095714,51.0,3.2474938001257554,61.5,3.4440980046926732,51.300000000000004,3.19822608031261,61.9,3.404258596461837,52.25,3.1027954525211285,62.583333333333336,3.291259426661156,53.833333333333336,2.9919852818869668,64.33333333333333,3.183235785719481,50.833333333333336,3.3531400695827336,61.333333333333336,3.53060329023911,68.0,2.7102035849042347,78.33333333333333,2.8641103346291765,C_p25,16.8397,3.1027868667494074,E1-E2,4.3943775720470075,4.0974601685303185,1.9002713825068143,2.1378053053201658,2.6425648912985387,3.4442418807936006,11.0,1,6,False,
high/IMG_7304_jpg,IMG_7304_jpg,dev,4.720666666666666,4.331,5.977,5.631,4.505,4.678,3.202,E2-E3,True,2700,1800,False,False,87.10833333333333,6.5040821294257505,103.72500000000001,6.634768525719814,93.5,6.385884383799968,107.33333333333333,6.371386475956565,98.08333333333333,5.757495069064481,111.91666666666667,5.813287701785021,113.58333333333333,5.499976672387665,125.41666666666667,5.477532934924268,71.5,6.561043008360849,95.33333333333333,6.996722345535482,165.33333333333334,4.751018133314735,176.5,4.769683676135746,85.625,6.587156197384539,103.54166666666667,6.76101399884068,93.10000000000001,6.548615817174085,106.66666666666667,6.4858884704979225,96.66666666666667,5.801799097904058,110.16666666666667,5.831602057153004,107.58333333333333,5.29184223157599,122.08333333333333,5.4139367220654995,73.0,6.801975242946591,96.83333333333333,7.1854802860322575,172.5,4.716105171401756,184.16666666666666,4.748359549051479,82.66666666666667,5.263911519158087,102.51666666666665,5.741096701047325,87.61666666666666,5.4623373957775785,104.63333333333333,5.754425274256168,93.5,5.552370809774652,106.75,5.613985786355447,95.41666666666667,5.303131807678912,108.5,5.368617866589073,76.66666666666667,5.057194859042812,99.16666666666667,5.708448254598561,110.0,4.384152857933321,125.0,4.57038883185507,C_p25,16.8397,5.552355445762098,E2-E3,4.5725280141570215,7.541702049323919,6.829100280883863,5.047595859783725,5.641430666817104,3.6817758036069526,12.0,1,6,False,
high/IMG_6573-_jpg,IMG_6573-_jpg,holdout,1.8875000000000002,1.554,1.777,1.554,3.22,2.221,0.999,E1,True,2698,1799,False,False,28.741666666666664,2.1460422141384683,34.574999999999996,2.211589508573271,29.833333333333332,2.0375638229949984,36.0,2.136986768333258,32.291666666666664,1.895521953494041,38.416666666666664,1.9954770145367793,41.916666666666664,2.029705257674978,48.416666666666664,2.1145824818544847,22.833333333333332,2.0952514968425087,31.833333333333332,2.3363181258693655,87.5,2.5143997177320925,93.66666666666667,2.5312202322835597,23.03333333333333,1.7719610442404734,29.683333333333334,1.938248037333642,24.433333333333334,1.7186306458963851,30.566666666666666,1.8586124148270609,29.25,1.7555443822106245,35.166666666666664,1.8615250137054218,40.416666666666664,1.988027484364334,46.5,2.062100130315733,19.0,1.7703771180271952,27.666666666666668,2.052994367437788,92.0,2.51525609141427,98.16666666666667,2.5310260401731415,29.5,1.878452296151172,35.28333333333333,1.9759228932071515,29.666666666666668,1.849526453202224,35.333333333333336,1.9431955370218348,30.166666666666668,1.791406624900556,36.083333333333336,1.8976236108445814,31.5,1.7507282299586275,37.5,1.8555130875307855,29.166666666666668,1.9239328268097653,34.833333333333336,2.005152412119495,43.666666666666664,1.7403758314826214,50.0,1.8281555327420278,C_p25,16.8397,1.791401667884028,E1,1.4252035368801106,1.7815044211001383,1.3064365754734348,2.2565722667268417,2.791023593056883,1.1876696140667589,6.0,1,6,False,
high/IMG_2695_jpg,IMG_2695_jpg,dev,2.3015000000000003,1.406,2.77,2.522,1.571,3.101,2.439,E1,True,2698,1799,False,False,41.36666666666667,3.0887079011259377,47.93333333333334,3.066055158667982,44.0,3.005122062964691,50.36666666666667,2.989802784214401,49.541666666666664,2.9080975518766645,56.208333333333336,2.9196296015294094,61.083333333333336,2.9578011011446503,68.0,2.9698783221914966,33.5,3.074055115805433,42.0,3.082472082298849,122.5,3.5201596048249293,129.0,3.4860577576289593,42.24166666666667,3.2496637240430393,48.666666666666664,3.17781261595409,44.75,3.147696646815685,51.1,3.107145945397911,50.333333333333336,3.0209367716672855,56.958333333333336,3.015052954662692,60.583333333333336,2.9799917136760223,67.58333333333333,2.997066676856737,34.166666666666664,3.1835728876804823,42.833333333333336,3.1784310387440455,139.33333333333334,3.8093371239534957,146.33333333333334,3.7729046914635287,47.333333333333336,3.0140138537114853,54.28333333333333,3.0399531710796848,47.56666666666666,2.9654766839545768,54.666666666666664,3.0064534723734044,48.916666666666664,2.9048499691067025,55.666666666666664,2.927511713727899,50.666666666666664,2.8159861476583217,57.333333333333336,2.8368733427137345,47.166666666666664,3.111274228498077,53.833333333333336,3.098871909639219,62.166666666666664,2.477710630316862,69.0,2.5228546351839984,C_p25,16.8397,2.9048419310716143,E1,2.0190383439134902,3.4442418807936006,2.909790554463559,2.2565722667268417,3.6223923229036146,3.17701621762858,7.0,1,6,False,
high/IMG_8568_jpg,IMG_8568_jpg,dev,4.766333333333333,5.285,5.461,3.465,3.934,5.99,4.463,E2-E3,True,2698,1799,False,False,56.43333333333334,4.213684509755208,63.81666666666667,4.0820324070026786,63.5,4.336937522687679,70.16666666666667,4.1651455067976935,77.25,4.534577679713487,83.91666666666667,4.3588836304523575,91.41666666666667,4.426613653418393,97.58333333333333,4.261920974615493,45.666666666666664,4.190502993685017,55.5,4.073266680180622,136.5,3.9224635596620643,142.83333333333334,3.859885656702866,62.416666666666664,4.8017323521567095,70.20833333333333,4.584430015310481,70.03333333333335,4.9261159441041,76.86666666666667,4.673893379052566,80.25,4.816493561449661,87.375,4.625139755616433,92.75,4.562215649685575,99.75,4.423537376322459,51.166666666666664,4.767594519599552,61.333333333333336,4.551216429018711,142.83333333333334,3.905026214387734,149.66666666666666,3.8588478507223782,80.61666666666666,5.133375003662835,86.89999999999999,4.866538481427533,81.13333333333334,5.058143131566531,87.23333333333333,4.797493132439756,81.83333333333333,4.85956161782416,87.83333333333333,4.619157703995817,83.66666666666667,4.65008238856736,89.66666666666667,4.436737960406945,80.33333333333333,5.299060700127467,86.5,4.9793019229187445,99.83333333333333,3.9789508513667564,106.33333333333333,3.887877432964712,C_p25,16.8397,4.859548170889822,E2-E3,5.700814147520442,5.166362821190401,3.087940996573573,3.8599262457169665,5.938348070333794,5.403896744003752,6.0,1,6,False,
high/IMG_6460-_jpg,IMG_6460-_jpg,dev,1.1495,1.035,2.069,0.776,0.517,1.552,0.948,E1,False,2599,1733,False,False,29.275000000000002,2.185864394974903,32.375,2.070866531888927,30.916666666666668,2.111553570757387,33.666666666666664,1.9984783666820283,35.041666666666664,2.056947048888372,38.333333333333336,1.9911484309911465,45.916666666666664,2.2233948250077793,49.333333333333336,2.154617606295792,20.5,1.8811382051943693,27.333333333333332,2.0060532599087746,67.16666666666667,1.930101116659111,70.16666666666667,1.8961631989170438,24.983333333333334,1.9219751123852893,29.683333333333337,1.9382480373336421,29.266666666666666,2.0586053302824365,33.23333333333333,2.0207596265895087,39.25,2.355730495786906,42.666666666666664,2.25853271805018,45.833333333333336,2.2544641575265647,49.0,2.1729657287198045,17.666666666666668,1.6461401272884446,24.5,1.8180130844178002,70.83333333333333,1.9365649254548272,74.0,1.9079381355464768,31.099999999999998,1.9803344545864898,33.833333333333336,1.8947205825274056,31.5,1.9638230317709005,34.166666666666664,1.8790334202333778,32.0,1.9002766407784903,35.0,1.8406510774935891,33.833333333333336,1.8804118025481558,36.666666666666664,1.8142794633634345,30.833333333333332,2.033871845484609,33.833333333333336,1.9475882280395092,49.833333333333336,1.9861540977607017,53.0,1.9378448647065494,C_p25,16.8397,1.9002713825068143,E1,1.7221209403968003,2.909790554463559,1.3064365754734348,1.0689026526600829,2.5534896702435317,1.8408879018034763,3.0,1,6,False,frame_uncertain
high/IMG_6706_jpg,IMG_6706_jpg,holdout,2.4723333333333333,1.978,3.857,2.868,2.176,2.373,1.582,E1,True,2699,1799,False,False,41.208333333333336,3.0768856911901215,51.0,3.262214459500704,44.75,3.056345734492498,54.25,3.2203203383910903,50.291666666666664,2.9521225778933,59.083333333333336,3.0689657338537453,59.25,2.8690267161171166,67.75,2.958959651889322,36.166666666666664,3.3187560205461635,47.666666666666664,3.498361172767741,114.83333333333333,3.2998502962236413,123.0,3.3239155363438915,41.125,3.1637582320284863,50.800000000000004,3.317113990900023,44.53333333333333,3.132456402343206,54.03333333333333,3.285507878336604,50.583333333333336,3.0359414245066922,59.166666666666664,3.131949667608648,59.916666666666664,2.9471995077483633,68.33333333333333,3.0303263563779583,36.166666666666664,3.369928373788608,47.666666666666664,3.537086681248237,115.66666666666667,3.1622966076838828,123.83333333333333,3.1927883664662886,41.208333333333336,2.6239962159512844,51.0,2.856081272184168,44.75,2.7898755768808825,54.25,2.9835384306632413,50.291666666666664,2.9865024810151533,59.083333333333336,3.107194318911797,59.25,3.293036432541228,67.75,3.352293644805619,36.166666666666664,2.3856767052441086,47.666666666666664,2.743892774479308,114.83333333333333,4.576789877448573,123.0,4.497262610545389,C_p25,16.8397,2.986494217038704,E1,2.954328164991063,4.810061936970373,3.266091438683587,2.1378053053201658,2.850407073760221,1.9002713825068143,8.0,1,0,True,zenith_detection_failed
high/IMG_3079_jpg,IMG_3079_jpg,dev,2.7695000000000003,1.882,2.846,1.561,2.387,4.223,3.718,E1,True,2698,1799,False,False,43.40833333333333,3.2411521871404125,51.43333333333334,3.2899326215748927,47.13333333333333,3.219123179569752,55.1,3.2707769704211813,54.291666666666664,3.186922716648691,62.041666666666664,3.222630449723714,68.91666666666667,3.3371098371713863,76.25,3.330194442163259,37.0,3.3952250532776422,47.166666666666664,3.461665076549898,113.5,3.2615356338582,121.33333333333333,3.2788760304313724,44.291666666666664,3.4073708213234863,52.775,3.446076591924187,47.56666666666667,3.345819824957901,55.616666666666674,3.3817827853205578,56.458333333333336,3.388550766232758,64.45833333333333,3.4120606590074494,68.75,3.3816962362898466,76.16666666666667,3.377705231377383,38.166666666666664,3.556283859896734,48.333333333333336,3.5865564250419193,120.16666666666667,3.2853254382421895,128.16666666666666,3.304514473502794,55.78333333333333,3.552079002948007,63.449999999999996,3.5533011121585383,56.300000000000004,3.5099440218635465,63.9,3.51425079667062,57.833333333333336,3.4343541372402924,65.33333333333333,3.4358820113213664,60.333333333333336,3.3532466626720807,68.16666666666667,3.372910456889295,55.5,3.660969321872296,63.166666666666664,3.636137627719083,82.16666666666667,3.274829331759284,90.33333333333333,3.3028676624872633,C_p25,16.8397,3.4343446340097112,E1-E2,2.6128731509468697,3.266091438683587,2.4347227088368557,3.147324477276911,4.988212379080387,4.1568436492336565,8.0,1,6,False,
high/IMG_2665_jpg,IMG_2665_jpg,holdout,2.9755,3.288,4.111,2.173,1.585,3.171,3.525,E1,True,2698,1799,False,False,42.53333333333334,3.175818921705638,50.44166666666667,3.2265006737512683,46.88333333333333,3.2020486223938165,54.51666666666667,3.236149870008374,55.708333333333336,3.270081099124559,62.75,3.259423409861594,65.25,3.1595610671163183,72.33333333333333,3.1591352740958567,35.5,3.257580794360981,46.166666666666664,3.388272884114211,107.16666666666667,3.0795409876223534,116.16666666666667,3.139253562102564,42.625,3.27915366906296,50.525000000000006,3.299157173035899,46.93333333333334,3.3012714180383496,54.333333333333336,3.3037494396598794,55.458333333333336,3.3285321548751297,62.5,3.3083975362063183,65.33333333333333,3.2136361809105933,72.75,3.2261889135584854,35.5,3.307809878419233,46.166666666666664,3.4257797577124536,109.66666666666667,2.998258166939474,118.5,3.055279311652128,54.4,3.4639933868008055,61.449999999999996,3.441297925014061,54.73333333333333,3.4122724001775855,61.833333333333336,3.400592189788211,55.75,3.310638210106276,63.083333333333336,3.317554442053922,58.333333333333336,3.2420893147381995,65.33333333333333,3.2327161347203015,54.0,3.5620242050649367,61.166666666666664,3.5210092595591123,71.16666666666667,2.836414045965952,78.0,2.851922631077563,C_p25,16.8397,3.3106290492110904,E1-E2,3.206707957980249,4.1568436492336565,2.6722566316502077,2.4050309684851867,3.4442418807936006,3.978693207123642,8.0,1,6,False,
high/IMG_6758_jpg,IMG_6758_jpg,dev,2.134,1.998,2.452,0.999,2.27,2.815,2.27,E1,False,2732,1821,False,False,32.74166666666667,2.444708570411726,38.90833333333333,2.488771129315161,35.483333333333334,2.4234488151711466,41.31666666666667,2.452588054952846,42.708333333333336,2.5069806481695385,48.541666666666664,2.52139991533118,51.333333333333336,2.4856827807709476,57.0,2.4894568288958134,26.833333333333332,2.4623028539536054,35.5,2.605422831466884,104.66666666666667,3.0077009956871508,110.66666666666667,2.990623192591252,33.36666666666667,2.5669073882557365,39.36666666666667,2.5705456845491645,36.36666666666667,2.558016418380568,42.266666666666666,2.5700333064348015,42.333333333333336,2.54078788080626,48.5,2.567316488096103,51.5,2.533197907911667,57.666666666666664,2.5572998031872527,26.833333333333332,2.5002694386173543,35.5,2.6342638570135475,113.5,3.103060504081735,119.83333333333333,3.089656575355668,40.5,2.578892135393982,46.833333333333336,2.6227412989665075,40.63333333333333,2.5332278050039445,47.06666666666666,2.588483111580029,41.25,2.4495753572535226,47.333333333333336,2.4892614571818066,42.833333333333336,2.3806198682506206,49.166666666666664,2.4327838258736962,40.5,2.6715181537987025,46.666666666666664,2.686328590399323,58.166666666666664,2.3182868900283773,64.0,2.3400390819097954,C_p25,16.8397,2.44956857901269,E1,2.3753392281335177,2.939482294815228,1.1876696140667589,1.8408879018034763,3.3848584000902626,2.969174035166897,6.0,1,6,False,frame_uncertain
high/IMG_2574_jpeg,IMG_2574_jpeg,dev,2.7046666666666668,3.448,3.402,1.011,1.241,3.31,3.816,E1,True,2698,1799,False,False,46.699999999999996,3.4869297094902807,55.725,3.5644490344250337,54.31666666666666,3.709732122424972,62.53333333333333,3.7120251642529554,63.875,3.7494647157501486,71.125,3.694446056197703,83.75,4.055375316030523,91.16666666666667,3.981675103526345,31.5,2.8905294372498846,42.0,3.082472082298849,153.0,4.3966075064344015,160.16666666666666,4.328296518193062,49.04999999999999,3.7734307910272884,57.866666666666674,3.7785497954084253,57.06666666666666,4.014045928751175,65.06666666666666,3.956391967003732,62.916666666666664,3.7761709645841064,70.16666666666667,3.7142276339809603,81.0,3.984253020210583,88.0,3.9024690638233226,31.5,2.9350989062029815,42.0,3.1165938590019433,156.5,4.278669329416665,163.5,4.215511961646607,57.61666666666667,3.6688189761551424,64.61666666666666,3.618636304659483,57.833333333333336,3.6055375239391667,64.89999999999999,3.569246896775011,58.583333333333336,3.4788918710085386,65.83333333333333,3.462177026714132,60.833333333333336,3.3810359996555506,68.16666666666667,3.372910456889295,56.833333333333336,3.748920536812171,64.33333333333333,3.703295842479066,94.16666666666667,3.7531005526247374,101.0,3.692874176138896,C_p25,16.8397,3.4788822445372145,E1-E2,4.750678456267035,4.6319114948603595,1.3658200561767726,1.4845870175834486,3.8302345053652975,4.810061936970373,7.0,1,6,False,
high/IMG_6768_jpg,IMG_6768_jpg,holdout,2.6296666666666666,3.222,4.0,1.667,1.778,3.111,2.0,E1,False,2623,1748,False,False,38.333333333333336,2.8622192476187176,47.666666666666664,3.0489978281607883,42.333333333333336,2.891291681791786,51.1,3.03333399616193,46.791666666666664,2.746672456482333,55.625,2.889329516709979,60.0,2.905343509992017,69.33333333333333,3.028111230469761,28.333333333333332,2.5999471128702663,39.833333333333336,2.923455665354861,110.33333333333333,3.1705383107402767,119.5,3.2293325739276018,38.375,2.952199930798618,48.375,3.158767506098201,41.083333333333336,2.8897848172814387,50.6,3.076743343192452,49.333333333333336,2.960918160309657,58.833333333333336,3.114304880748881,61.833333333333336,3.0414770997903835,71.25,3.1596695545160425,28.333333333333332,2.6400360531984486,40.166666666666664,2.9805520635693186,119.66666666666667,3.2716555681801553,129.83333333333334,3.3474860531322195,41.833333333333336,2.6637939340900805,50.5,2.828080475398049,42.03333333333333,2.620508828638207,50.699999999999996,2.788302275292651,42.833333333333336,2.5435994618753752,51.5,2.7083865854548526,45.0,2.501040328512325,53.833333333333336,2.663692121210861,41.5,2.7374815650036086,50.166666666666664,2.887803234679272,61.0,2.4312120393993872,69.66666666666667,2.5472300422872256,C_p25,16.8397,2.543592423459642,E1,3.3254749193869246,3.3848584000902626,1.5439704982867866,1.4845870175834486,3.266091438683587,2.2565722667268417,9.0,1,6,False,frame_uncertain
high/IMG_3068_jpg,IMG_3068_jpg,holdout,3.4160000000000004,3.306,4.628,4.011,2.336,3.526,2.689,E1-E2,True,2699,1799,False,False,59.708333333333336,4.4582175889539375,69.375,4.437571139761987,62.916666666666664,4.297096889277162,72.41666666666667,4.298707179818521,69.33333333333333,4.069869071760109,77.66666666666667,4.034239864529888,78.75,3.813263356864522,87.66666666666667,3.8288137192959004,51.833333333333336,4.756373835897958,64.0,4.697100315883961,114.5,3.2902716306322812,123.0,3.3239155363438915,60.275,4.636973311501934,69.94166666666666,4.567017343442239,63.800000000000004,4.487665833895882,72.96666666666667,4.436753081849985,69.125,4.148786510096048,77.79166666666667,4.117852133398132,78.08333333333333,3.840787119277074,86.75,3.847036264621287,51.833333333333336,4.829713014968927,64.0,4.7490954041934375,135.33333333333334,3.699978163457223,144.16666666666666,3.7170416379452753,67.78333333333333,4.316195191212891,76.66666666666667,4.293455507204959,68.33333333333333,4.260145201196133,76.89999999999999,4.22920009802771,69.0,4.09747150667862,77.41666666666667,4.071344883313201,70.66666666666667,3.927559626997133,79.5,3.9336877455652655,67.5,4.452530256331171,76.5,4.40366008211889,81.5,3.2482587083778696,89.83333333333333,3.2845861071598432,C_p25,16.8397,4.0974601685303185,E2-E3,4.216227129936994,5.819581108927118,4.3349940913436695,2.6128731509468697,4.3349940913436695,3.266091438683587,9.0,1,6,False,
high/IMG_6849-_jpg,IMG_6849-_jpg,dev,3.2744999999999997,4.588,4.118,2.353,2.706,3.882,2.0,E1-E2,True,2698,1799,False,False,40.208333333333336,3.0022191021218068,46.708333333333336,2.987698046650563,42.71666666666667,2.9174726694615543,48.88333333333333,2.901751014593262,47.541666666666664,2.790697482498969,53.875,2.798429262251687,60.833333333333336,2.9456955031863505,67.75,2.958959651889322,31.5,2.8905294372498846,40.666666666666664,2.984615825717933,88.5,2.5431357145061737,94.33333333333333,2.5492360346485667,43.23333333333333,3.325952929638052,50.23333333333333,3.280112063180009,44.96666666666667,3.162936891288163,51.61666666666667,3.1385619676768854,49.291666666666664,2.9584173848364226,56.083333333333336,2.9687353891558033,62.5,3.074269305718042,67.75,3.004457716750342,35.666666666666664,3.3233395022615766,45.0,3.339207706073511,93.33333333333333,2.5517090782463607,99.66666666666667,2.5697004618396244,40.208333333333336,2.560319866929211,46.708333333333336,2.6157410997699775,42.71666666666667,2.6631102806501685,48.88333333333333,2.6883926934363402,47.541666666666664,2.8231974571982517,53.875,2.833287908570489,60.833333333333336,3.3810359996555506,67.75,3.352293644805619,31.5,2.0778474529545465,40.666666666666664,2.34094348591941,88.5,3.5272502538827175,94.33333333333333,3.449120105106626,C_p25,16.8397,2.8231896451045246,E1,2.1378053053201658,3.6817758036069526,2.1971887860235038,3.266091438683587,3.087940996573573,2.568335540419366,6.0,1,0,True,zenith_detection_failed
high/IMG_3110_jpg,IMG_3110_jpg,holdout,4.2218333333333335,2.028,4.434,5.236,5.708,4.764,3.161,E2-E3,True,2698,1799,False,False,68.20833333333333,5.092883596034609,74.8,4.784581207267698,70.41666666666667,4.809333604555235,76.58333333333333,4.5460436113385745,77.25,4.534577679713487,83.625,4.343733588042642,96.08333333333333,4.65258481530666,106.41666666666667,4.647713991958997,65.66666666666667,6.0257597792405,72.66666666666667,5.333165983659914,145.83333333333334,4.190666196220154,153.5,4.148138494542986,67.95,5.227413297661657,74.45,4.861400327214699,70.1,4.930805250095631,76.45,4.648557877214683,75.125,4.508898178241817,81.33333333333333,4.3053279937831554,92.25,4.53762149523983,102.58333333333333,4.54918505451374,65.66666666666667,6.118671793883465,72.66666666666667,5.392202073511299,148.16666666666666,4.050838161716097,156.0,4.0221398533141945,68.20833333333333,4.343257639547272,74.8,4.188919199203446,70.41666666666667,4.390027676842357,76.58333333333333,4.211784666327985,77.25,4.587386578129324,83.625,4.39784132444004,96.08333333333333,5.340184256990205,106.41666666666667,5.265533806170696,65.66666666666667,4.331597335788843,72.66666666666667,4.182997376478946,145.83333333333334,5.812323864684328,153.5,5.612437485518026,C_p25,16.8397,4.587373884332856,E2-E3,0.0,5.819581108927118,6.071960901916305,6.710333319477187,5.641430666817104,3.2809373088594214,8.0,2,0,True,"gingiva_multi_component,region_zero,zenith_detection_failed"
high/IMG_8584_jpg,IMG_8584_jpg,dev,4.4463333333333335,7.318,6.202,3.969,2.605,3.721,2.863,E2-E3,True,2700,1800,False,False,57.541666666666664,4.296439979305922,66.375,4.245676171556063,61.03333333333333,4.168468558551779,70.21666666666667,4.168113543975934,68.33333333333333,4.011169037071261,76.79166666666667,3.9887897373007424,78.25,3.789052160947922,87.41666666666667,3.8178950489937256,42.333333333333336,3.884626862759104,55.833333333333336,4.097730744325851,116.16666666666667,3.338164958589083,124.83333333333333,3.373458992847662,57.083333333333336,4.391437464923026,66.2,4.3226957912909745,60.63333333333333,4.264923799298123,69.76666666666667,4.242176427735047,68.125,4.08876789873842,77.0,4.0759457646061845,78.41666666666667,3.857183222240904,87.08333333333333,3.861818344408496,42.333333333333336,3.94452445595533,55.833333333333336,4.143091042720838,120.0,3.280768814888178,129.16666666666666,3.330297421280449,67.33333333333333,4.287540834152957,75.95,4.253321031811521,67.66666666666667,4.218582808989342,76.06666666666666,4.183370014607384,68.33333333333333,4.0578824099957345,76.66666666666667,4.031902360224053,69.66666666666667,3.8719809530301923,78.33333333333333,3.875960671730974,66.83333333333333,4.408554648861233,75.5,4.346095898038905,79.5,3.1685468382336275,88.16666666666667,3.223647589401776,C_p25,16.8397,4.057871181394759,E2-E3,7.007250722993877,5.106979340487063,3.5036253614969386,2.6128731509468697,3.3254749193869246,2.791023593056883,9.0,1,6,False,
high/111 (1)_jpg,111 (1)_jpg,dev,2.4516666666666667,1.018,3.207,2.392,2.138,3.97,1.985,E1,True,2699,1799,False,False,38.25,2.8559970318630246,45.26666666666667,2.89548185359605,42.36666666666667,2.893568289415244,48.36666666666667,2.871081297084775,48.5,2.846951682409115,54.166666666666664,2.8135793046614026,59.166666666666664,2.864991516797683,64.83333333333333,2.831575165030618,29.333333333333332,2.6917099521480403,38.833333333333336,2.850063472919174,113.33333333333333,3.2567463010625195,119.16666666666667,3.220324672745098,37.891666666666666,2.9150169566430653,45.05833333333334,2.9421973997369464,39.18333333333333,2.7561395965227837,45.9,2.7909588824611373,46.083333333333336,2.7658576733973654,52.291666666666664,2.768025938625953,58.75,2.88981314737496,64.58333333333333,2.864027958771851,31.5,2.9350989062029815,41.0,3.042389243311421,111.83333333333333,3.0574942705416213,117.83333333333333,3.038090679800358,46.333333333333336,2.950337504689412,51.949999999999996,2.9092827860777946,46.56666666666666,2.9031330956443893,52.23333333333333,2.8726296287860515,47.333333333333336,2.8108258644848503,53.0,2.7872716316331494,49.5,2.7511443613635578,55.166666666666664,2.729665919878622,45.666666666666664,3.012329111690718,51.333333333333336,2.954961449439255,64.5,2.570707812151811,70.33333333333333,2.5716054493904523,C_p25,16.8397,2.810818086624663,E1,1.7815044211001383,3.5630088422002766,2.3753392281335177,2.2565722667268417,4.3349940913436695,2.5534896702435317,6.0,1,6,False,
high/IMG_2848_jpg,IMG_2848_jpg,holdout,1.5296666666666665,0.478,1.673,1.386,1.673,2.486,1.482,E1,True,2698,1799,False,False,25.974999999999998,1.9394646510494655,30.474999999999998,1.9493330520251753,27.45,1.8747863779177445,31.666666666666668,1.879756879552403,31.041666666666668,1.8221469101329815,35.5,1.8439765904396268,46.333333333333336,2.2435708216049464,50.916666666666664,2.2237691848762307,23.333333333333332,2.141132916481396,29.166666666666668,2.1406056127075344,84.0,2.4138237290228086,88.5,2.391597763954751,22.116666666666664,1.7014416104971837,26.983333333333334,1.761944734667696,23.96666666666667,1.685805503955663,28.133333333333336,1.7106530840938272,28.75,1.7255350765318103,32.625,1.7269835138996983,43.0,2.115097282334013,48.083333333333336,2.1323150093049783,18.333333333333332,1.7082586226578198,25.333333333333332,1.8798502641599022,83.5,2.2828683003596906,88.0,2.268899404433648,25.974999999999998,1.6539931658483624,30.474999999999998,1.7066485641139708,27.45,1.7113314991146418,31.666666666666668,1.741543169972399,31.041666666666668,1.843367314296843,35.5,1.8669460928863548,46.333333333333336,2.5751452271349127,50.916666666666664,2.519374436625133,23.333333333333332,1.539146261447812,29.166666666666668,1.6789553689995769,84.0,3.3478985460581727,88.5,3.2358352929533893,C_p25,16.8397,1.8433622134994487,E1,0.0,2.3901850983093524,2.0190383439134902,2.0784218246168282,2.909790554463559,1.6627374596934623,5.0,2,0,True,"gingiva_multi_component,region_zero,zenith_detection_failed"
high/IMG_3098_jpg,IMG_3098_jpg,holdout,4.068833333333333,5.097,5.193,3.106,2.087,4.271,4.659,E2-E3,True,2698,1799,False,False,52.25833333333333,3.9019515003949947,62.175000000000004,3.97702321606777,60.86666666666667,4.157085520434489,69.78333333333333,4.1423905550978475,77.75,4.563927697057911,85.375,4.434633842500934,89.08333333333333,4.313628072474258,96.66666666666667,4.2218858501741865,40.666666666666664,3.731688797296147,54.0,3.9631783915270917,137.5,3.9511995564361455,145.16666666666666,3.9229409649803917,60.38333333333333,4.645307426398868,70.85,4.626329256993437,66.7,4.691650644527512,76.11666666666666,4.628289475744376,81.375,4.884014499226994,89.54166666666667,4.739830870204919,96.41666666666667,4.7425727822877,105.16666666666667,4.663746172864615,50.5,4.705476024230176,64.16666666666667,4.761462840141858,144.33333333333334,3.9460358245738365,152.16666666666666,3.923305220166516,76.23333333333333,4.854260340449414,82.95,4.645332186817191,76.39999999999999,4.763050146898311,83.33333333333333,4.583008342032628,77.16666666666667,4.582437941043964,84.0,4.417562585984614,79.0,4.390715243388304,85.66666666666667,4.2388165644036615,76.0,5.013219251572874,82.66666666666667,4.758639217278801,95.0,3.786313831851505,102.16666666666667,3.7355311385695438,C_p25,16.8397,4.582425260940911,E2-E3,6.235265473850484,5.403896744003752,2.850407073760221,2.4347227088368557,4.6319114948603595,5.938348070333794,7.0,1,6,False,
high/IMG_6855-_jpg,IMG_6855-_jpg,dev,4.747833333333333,3.679,6.517,3.364,5.361,9.566,0.0,E2-E3,True,2699,1800,True,False,44.0,3.2853299190058323,51.0,3.262214459500704,48.0,3.2783149777796625,54.5,3.2351605242822936,62.583333333333336,3.673643837610387,70.08333333333333,3.6403387618772913,75.08333333333333,3.635714586809454,85.0,3.7123479027393707,38.666666666666664,3.548163118740599,46.833333333333336,3.4372010124046692,127.33333333333333,3.6590502558996545,134.66666666666666,3.639192077731523,43.833333333333336,3.3721111044518417,52.666666666666664,3.439002693977714,47.26666666666666,3.3247179479960076,55.099999999999994,3.3503667630415825,56.583333333333336,3.3960530926524615,63.875,3.3811822820028574,75.25,3.701420244084523,82.0,3.6363916276535506,38.5,3.5873431075814217,49.0,3.6360261688356004,136.5,3.7318745269353024,143.5,3.6998530060935058,44.0,2.80175935697124,51.0,2.856081272184168,48.0,2.992492238888991,54.5,2.997287455689339,62.583333333333336,3.71642645110585,70.08333333333333,3.685684657552639,75.08333333333333,4.173032103684453,85.0,4.20582966506978,38.666666666666664,2.550585233256374,46.833333333333336,2.6959226210793203,127.33333333333333,5.074989065850087,134.66666666666666,4.9238322348518615,C_p25,16.8397,3.7164161673505665,E1-E2,4.0380766878269805,6.888483761587201,3.8005427650136285,5.997731551037132,0.0,1.5736622386384556,9.0,2,0,True,"gingiva_multi_component,region_zero,zenith_detection_failed"
high/IMG_3105_jpg,IMG_3105_jpg,holdout,0.8685,0.618,1.104,1.634,0.795,1.06,0.0,E1,True,2699,1799,True,False,17.0,1.2693320141613442,20.166666666666668,1.2899606196064874,17.166666666666668,1.172452926080921,20.333333333333332,1.2070017858178586,18.958333333333332,1.1128548243094047,22.0,1.1427460560470928,33.583333333333336,1.6261853257316428,36.833333333333336,1.6086840911870608,15.0,1.3764425891666117,18.666666666666668,1.369987592132822,78.5,2.255775746765363,82.0,2.2159436908959274,17.0,1.3078149530573682,20.216666666666665,1.3200981860110654,17.166666666666668,1.2074962928194248,20.333333333333332,1.2363724896886663,19.166666666666668,1.1503567176878735,22.208333333333332,1.1755839245319784,31.083333333333332,1.5289366013771064,35.25,1.5632049374974104,15.666666666666666,1.4597846411803188,19.5,1.446990005965188,79.66666666666667,2.1780659632174295,82.66666666666667,2.1313903496194877,17.0,1.0824979333752518,20.166666666666668,1.1293654703734783,17.166666666666668,1.0702315993248823,20.333333333333332,1.1182540354559614,18.958333333333332,1.1258149369195483,22.0,1.1569806772816846,33.583333333333336,1.8665171340564206,36.833333333333336,1.822526188196905,15.0,0.9894511680735935,18.666666666666668,1.0745314361597291,78.5,3.1286909031615067,82.0,2.9981750736969257,C_p25,16.8397,1.1258118216674484,E1,0.0,1.7221209403968003,2.1971887860235038,0.7719852491433933,1.5439704982867866,0.5196054561542071,3.0,2,0,True,"gingiva_multi_component,region_zero,zenith_detection_failed"
high/IMG_6591-_jpg,IMG_6591-_jpg,holdout,4.391666666666667,4.185,6.183,3.9,4.281,4.947,2.854,E2-E3,True,2698,1799,False,False,54.1,4.039462468595807,74.0,4.733409215746119,61.96666666666667,4.2322135720086065,80.76666666666667,4.794369388584707,73.04166666666667,4.287548367064586,92.5,4.804727735652549,79.41666666666667,3.8455449514199893,98.5,4.301956099056801,44.333333333333336,4.068152541314652,66.16666666666667,4.8561167328279495,121.16666666666667,3.4818449424594884,140.83333333333334,3.8058382496078433,51.31666666666667,3.947806118101605,69.6,4.544707357611054,55.349999999999994,3.893296299469232,73.44999999999999,4.466142263981928,65.375,3.9237167175049423,83.45833333333333,4.41781351001417,79.0,3.8858764024276056,98.41666666666667,4.364409057173622,45.333333333333336,4.2240576851175184,65.33333333333333,4.8480348917808005,115.66666666666667,3.1622966076838828,139.66666666666666,3.6010183729458274,71.83333333333333,4.574084404752289,91.16666666666667,5.105478614002418,72.16666666666667,4.499128956385185,91.56666666666666,5.035809566225453,72.75,4.320160175519849,92.41666666666667,4.860195345096168,74.66666666666667,4.149874322864895,94.5,4.675892980577579,71.66666666666667,4.72737780301828,91.0,5.238340751278679,83.66666666666667,3.3346132343674655,105.0,3.8391266187582582,C_p25,16.8397,4.320148221167836,E2-E3,4.2756106106403315,5.938348070333794,3.5036253614969386,3.7411592843102905,5.700814147520442,2.761331852705214,19.0,1,6,False,
high/IMG_6933_jpg,IMG_6933_jpg,holdout,3.493,4.304,4.584,2.994,2.62,3.649,2.807,E1-E2,True,2698,1799,False,False,54.55000000000001,4.073062433676549,67.83333333333333,4.338958447767276,62.883333333333326,4.2948202816537036,73.55,4.365982689191975,68.625,4.028289880522175,79.45833333333333,4.1273044107609955,87.33333333333333,4.228888886766158,98.16666666666667,4.287397871987235,40.833333333333336,3.746982603842443,59.666666666666664,4.379067481995984,125.5,3.6063675951471725,135.66666666666666,3.666215781279034,58.916666666666664,4.532476332409605,74.125,4.840178633375279,62.583333333333336,4.402085999550427,77.5,4.712403341846147,72.83333333333333,4.371355527213919,86.25,4.56558859996472,90.41666666666667,4.447442928938768,101.66666666666667,4.508534335098914,47.0,4.379353923540957,66.5,4.934606943419744,133.83333333333334,3.658968553271121,145.16666666666666,3.7428245857229303,65.66666666666667,4.181413585782836,75.78333333333333,4.243987432882815,65.89999999999999,4.108442469641344,76.0,4.1797036079337575,66.66666666666667,3.9589096682885216,76.58333333333333,4.027519857658591,68.33333333333333,3.7978760544076047,79.0,3.908947571064855,65.5,4.320603433921359,75.33333333333333,4.336501867358907,86.66666666666667,3.454181039583829,95.83333333333333,3.5039647710888864,C_p25,16.8397,3.9588987135558633,E1-E2,5.166362821190401,5.106979340487063,3.266091438683587,2.6722566316502077,4.2756106106403315,3.266091438683587,10.0,1,6,False,
high/IMG_6519-_jpg,IMG_6519-_jpg,dev,5.754166666666666,4.195,6.668,6.776,7.421,7.529,1.936,E2-E3,True,2699,1799,False,False,99.78333333333335,7.450481145866636,112.45,7.192863058252042,106.51666666666667,7.274899660760355,119.78333333333332,7.110427733338483,121.29166666666667,7.119825040801489,134.16666666666666,6.969019508469012,140.91666666666666,6.823522049161806,153.75,6.714982235837391,90.16666666666667,8.273949341545967,102.16666666666667,7.498235660512677,200.83333333333334,5.771146018794613,212.66666666666666,5.747040954437406,95.97500000000001,7.383384712922408,108.89166666666667,7.110355728197277,101.10000000000001,7.111332536157894,114.69999999999999,6.974356945932296,111.33333333333333,6.682072064482604,125.125,6.62341186748505,132.16666666666666,6.50105482515842,146.16666666666666,6.481941986691389,87.66666666666667,8.168582141072848,100.16666666666667,7.4328290050006665,207.5,5.672996075744141,219.16666666666666,5.650762721269407,99.78333333333335,6.353838359919248,112.45,6.29737919719823,106.51666666666667,6.640631214840119,119.78333333333332,6.5876161908377,121.29166666666667,7.20274127774243,134.16666666666666,7.055829130392092,140.91666666666666,7.831961473174706,153.75,7.60760365887622,90.16666666666667,5.947700910309045,102.16666666666667,5.881140806838517,200.83333333333334,8.004400293650988,212.66666666666666,7.775754865929424,C_p25,16.8397,7.202721346975698,E3,4.1568436492336565,7.571393789675588,7.80892771248894,8.50668361075316,8.729371663390678,6.443107656312167,12.0,1,0,True,zenith_detection_failed
high/IMG_6745_jpg,IMG_6745_jpg,dev,2.571333333333333,3.0,2.357,2.464,1.607,2.786,3.214,E1,True,2698,1799,False,False,35.800000000000004,2.673063888645655,44.13333333333333,2.8229881989404784,40.93333333333334,2.795674161606546,48.76666666666667,2.8948255945107007,48.583333333333336,2.8518433519665187,56.208333333333336,2.9196296015294094,64.5,3.123244273241418,72.25,3.1554957173284652,26.333333333333332,2.416421434314718,37.166666666666664,2.727743152193029,114.0,3.2759036322452406,122.16666666666667,3.301395783387632,37.225,2.863730095738855,45.225,2.9530803196545974,42.9,3.0175684055506786,50.43333333333334,3.066609142457299,48.25,2.8958979980055597,56.25,2.9775577825856865,62.083333333333336,3.0537741770132554,70.08333333333333,3.1079322752608087,26.333333333333332,2.453680567090323,37.166666666666664,2.757938216497751,120.0,3.280768814888178,127.83333333333333,3.295920157576909,44.0,2.80175935697124,52.5,2.9400836625425257,44.333333333333336,2.763899081751638,52.666666666666664,2.8964612721646215,45.5,2.7019558486069157,53.583333333333336,2.817949149591376,47.666666666666664,2.6492501257575,56.0,2.770899544045973,43.833333333333336,2.89139619114839,52.333333333333336,3.0125256335192407,71.0,2.829771390120598,79.33333333333333,2.900673445284017,C_p25,16.8397,2.701948372001876,E1,3.266091438683587,2.4941061895401937,2.4941061895401937,1.7815044211001383,2.731640112353545,3.4442418807936006,8.0,1,6,False,
high/IMG_3811-_jpg,IMG_3811-_jpg,holdout,3.4345,4.485,4.866,1.989,2.031,3.385,3.851,E1-E2,True,2699,1799,False,False,52.875,3.947995896987122,59.199999999999996,3.786727372596895,62.76666666666666,4.2868521549716,68.58333333333333,4.071157662820072,80.20833333333333,4.708231949001328,86.04166666666667,4.469262510865997,89.66666666666667,4.341874467710292,95.25,4.16001338512853,38.0,3.4869878925554163,46.666666666666664,3.4249689803320544,143.0,4.109247538693591,149.16666666666666,4.031035779170437,61.51666666666667,4.732495089936026,68.31666666666666,4.460908874245142,68.53333333333335,4.820606559294636,74.46666666666667,4.527960888466362,81.08333333333333,4.8665090709143515,86.91666666666667,4.6008781736842534,94.75,4.6605922674685525,100.58333333333333,4.460492575790483,49.833333333333336,4.643357528860801,58.833333333333336,4.365704889792405,147.66666666666666,4.037168291654063,154.16666666666666,3.974871115721826,80.11666666666666,5.101536829151799,85.73333333333333,4.8012032889265885,80.33333333333333,5.008268260918381,86.06666666666666,4.733331015651299,81.41666666666667,4.834818432397357,87.0,4.575332678341208,83.5,4.640819276239537,89.0,4.403751061073065,79.66666666666667,5.25508509265753,85.0,4.892955646798766,97.66666666666667,3.892596325377161,103.66666666666667,3.7903758045518043,C_p25,16.8397,4.834805053930098,E2-E3,6.532182877367174,7.066634203697215,2.791023593056883,2.4347227088368557,4.661603235212029,5.522663705410428,6.0,1,6,False,
high/IMG_6918_jpg,IMG_6918_jpg,dev,3.1235,3.44,4.617,3.984,2.988,2.444,1.268,E1-E2,True,2698,1799,False,False,52.63333333333333,3.9299514712956127,57.03333333333334,3.6481365622259507,57.099999999999994,3.899828858983723,61.26666666666667,3.63683488907086,70.04166666666667,4.111448262998043,73.54166666666667,3.819974979021058,78.41666666666667,3.797122559586789,82.33333333333333,3.5958820861828413,45.333333333333336,4.159915380592427,51.166666666666664,3.7552338462926453,108.83333333333333,3.127434315579155,112.5,3.0401666490950228,53.99166666666667,4.15359464747975,58.68333333333333,3.8318761030049147,57.68333333333333,4.057422009172844,62.133333333333326,3.7780300340650395,67.79166666666667,4.068761694952544,71.58333333333333,3.7892179781349697,77.16666666666667,3.795697836126543,80.41666666666667,3.5661767486643052,47.166666666666664,4.3948835473833,52.833333333333336,3.92047719564927,111.5,3.0483810238335987,115.33333333333333,2.9736333103562202,52.63333333333333,3.3514985035284752,57.03333333333334,3.193957553403341,57.099999999999994,3.5598188925116956,61.26666666666667,3.369427733062389,70.04166666666667,4.159329470245628,73.54166666666667,3.8675585140192683,78.41666666666667,4.358294350240922,82.33333333333333,4.0738820677342575,45.333333333333336,2.9903413079557493,51.166666666666664,2.945367418759257,108.83333333333333,4.337654267015846,112.5,4.113349948669563,C_p25,16.8397,4.159317960929629,E2-E3,3.266091438683587,5.285129782597077,4.6319114948603595,5.106979340487063,3.696621673782787,2.969174035166897,4.0,1,0,True,zenith_detection_failed
high/IMG_8648_jpg,IMG_8648_jpg,holdout,6.260833333333334,7.429,7.857,4.286,5.429,7.85,4.714,E3,True,2699,1799,False,False,62.70000000000001,4.681595134583311,73.29166666666667,4.688100681586388,67.75,4.6272049946785865,77.91666666666667,4.625191269424992,77.04166666666667,4.522348505819977,87.20833333333333,4.529862680504857,88.66666666666667,4.2934520758770915,98.33333333333333,4.294676985522017,53.0,4.863430481722028,64.66666666666667,4.746028444174419,117.16666666666667,3.366900955363164,127.33333333333333,3.4410182517164403,56.866666666666674,4.374769235129158,68.675,4.484307152068092,60.85,4.2801640437706014,72.18333333333334,4.389122338394766,70.54166666666667,4.233812876186022,81.375,4.307533592140627,84.58333333333333,4.16051112707175,95.33333333333333,4.227674819141932,50.0,4.658887152703145,63.333333333333336,4.699625660399756,123.83333333333333,3.385571152030439,134.5,3.46780647609461,79.35,5.052718294901542,89.28333333333335,5.000008946108036,79.83333333333333,4.977096466763287,89.66666666666667,4.931316976027109,81.66666666666667,4.849664343653439,91.16666666666667,4.794457806614254,82.83333333333333,4.603766826928243,92.16666666666667,4.560438832908997,78.66666666666667,5.189121681452624,88.66666666666667,5.104024321758714,91.66666666666667,3.6534607149444347,102.33333333333333,3.74162499034535,C_p25,16.8397,4.849650924105933,E2-E3,5.76019762822378,6.650949838773849,3.4442418807936006,3.8005427650136285,5.819581108927118,3.6223923229036146,9.0,1,6,False,
high/IMG_6847_jpg,IMG_6847_jpg,holdout,2.1455,1.08,3.654,1.163,1.578,4.069,1.329,E1,False,2819,1879,False,False,30.09166666666667,2.2468421093806934,33.75833333333333,2.159351433894992,32.416666666666664,2.2140009138130012,36.18333333333333,2.14786957132014,45.625,2.6781890826786774,49.791666666666664,2.586328668515674,69.91666666666667,3.3855322290045864,73.83333333333333,3.224647295908904,24.833333333333332,2.278777175398057,29.833333333333332,2.189533740997992,101.0,2.902335674182187,104.83333333333333,2.832984921897436,31.808333333333334,2.4470243508921445,37.21666666666667,2.430156017611467,37.2,2.6166327432747147,41.6,2.52949650349419,48.458333333333336,2.9084018753717324,52.041666666666664,2.7547923484811276,65.75,3.2341313096153805,69.41666666666667,3.07836811568639,24.833333333333332,2.3139139525092287,31.0,2.3003430864061962,105.16666666666667,2.8752293363811674,109.0,2.810341307764405,48.166666666666664,3.0670774778965466,52.13333333333333,2.919549744899372,48.166666666666664,3.0028828369406892,52.333333333333336,2.878129238796491,49.0,2.909798606192063,52.666666666666664,2.7697416213713058,50.833333333333336,2.8252492599861454,54.666666666666664,2.704925745378212,48.166666666666664,3.1772376397029833,51.666666666666664,2.97414951079925,69.5,2.7699874875124166,73.5,2.687388633130781,C_p25,16.8397,2.909790554463559,E1,1.4845870175834486,4.928828898377049,1.9002713825068143,2.1971887860235038,1.8408879018034763,5.106979340487063,4.0,1,6,False,frame_uncertain
high/IMG_2718-_jpg,IMG_2718-_jpg,holdout,1.6761666666666664,0.561,2.152,1.778,1.216,3.134,1.216,E1,True,2697,1798,False,False,23.958333333333332,1.7888870297616983,30.458333333333332,1.9482669688684757,26.71666666666667,1.8247010102016665,32.88333333333333,1.9519791175562584,32.0,1.8784011100431273,37.791666666666664,1.9630126379445323,50.166666666666664,2.4291899902988807,55.833333333333336,2.438503034152332,18.5,1.6976125266388211,27.166666666666668,1.9938212278361604,98.66666666666667,2.8352850150426643,104.66666666666667,2.8284809713061843,24.7,1.9001781965009998,31.266666666666666,2.041635776551326,26.816666666666666,1.886273335093645,32.916666666666664,2.001504645192718,31.583333333333332,1.8955878087117568,37.25,1.9718049315789659,44.666666666666664,2.197077797153161,50.416666666666664,2.235789567815445,17.833333333333332,1.6616697511307883,26.166666666666668,1.9416874439020044,95.33333333333333,2.606388558494497,101.16666666666667,2.608374883506107,32.85,2.0917680653751187,38.73333333333333,2.169128391031374,33.166666666666664,2.067729012287879,39.166666666666664,2.1540139207553355,34.166666666666664,2.0289412049978672,40.333333333333336,2.1211312416830888,36.666666666666664,2.0378847121211536,42.5,2.10291483253489,32.0,2.1108291585569994,38.0,2.1874389950394484,49.333333333333336,1.966226130224641,55.166666666666664,2.0170649377920373,C_p25,16.8397,2.0289355906973796,E1,1.0095191719567451,2.3159557474301797,1.959654863210152,1.0095191719567451,3.8599262457169665,2.0190383439134902,6.0,1,6,False,
high/IMG_6474-_jpg,IMG_6474-_jpg,holdout,2.9173333333333336,2.373,4.747,3.659,2.769,2.67,1.286,E1,True,2699,1799,False,False,40.699999999999996,3.0389301750803943,46.53333333333333,2.976504173505217,44.800000000000004,3.0597606459276854,50.98333333333333,3.026408576079368,55.75,3.2725269339032605,61.583333333333336,3.1988232402227332,68.0,3.292722644657619,74.08333333333333,3.235565966211079,34.833333333333336,3.1964055681757984,42.333333333333336,3.1069361464440783,118.66666666666667,3.4100049505242858,124.83333333333333,3.373458992847662,39.875,3.067595367833092,46.35,3.0265400290987414,42.88333333333333,3.0163960790527957,49.26666666666667,2.9956697373112284,50.041666666666664,3.0034313433546433,56.208333333333336,2.975352184228216,65.41666666666667,3.217735206651551,71.25,3.1596695545160425,35.666666666666664,3.3233395022615766,43.5,3.227900782537727,123.33333333333333,3.371901281968405,129.5,3.3388917372063345,52.949999999999996,3.3716626807187984,59.06666666666666,3.307827460333559,53.833333333333336,3.3561631706984176,59.5,3.272267956211297,54.666666666666664,3.2463059279965876,60.333333333333336,3.172931857393711,57.333333333333336,3.186510640771259,63.0,3.1172619870517195,52.666666666666664,3.4740729901250615,58.666666666666664,3.3770987993591484,72.66666666666667,2.8961979485741334,78.5,2.8702041864049836,C_p25,16.8397,3.2462969451158075,E1-E2,2.909790554463559,5.047595859783725,3.6223923229036146,2.6128731509468697,3.3254749193869246,1.959654863210152,6.0,1,6,False,
high/IMG_6857-_jpg,IMG_6857-_jpg,holdout,1.3786666666666667,2.275,1.909,0.364,0.361,1.727,1.636,E1,True,2699,1799,False,False,23.291666666666668,1.7391093037161556,28.208333333333332,1.804345742714033,25.833333333333332,1.7643709081800267,30.75,1.8253428646179912,31.791666666666668,1.8661719361496174,37.458333333333336,1.9456983037620008,49.166666666666664,2.38076759846568,53.75,2.3475141149675434,14.833333333333334,1.3611487826203161,21.0,1.5412360411494246,95.5,2.744287691924741,99.66666666666667,2.6933624535686276,22.900000000000002,1.7617036720596315,28.183333333333334,1.840301758074783,25.900000000000002,1.8217953777100837,30.7,1.8667197754151832,33.583333333333336,2.0156250314270134,38.916666666666664,2.060028865877801,49.25,2.4225242129058175,53.5,2.3725238058471336,15.5,1.444255017337975,21.666666666666668,1.6077666732946534,97.66666666666667,2.670181285450656,102.16666666666667,2.634157831283762,25.566666666666666,1.6279919899976825,30.166666666666668,1.689381406095864,25.833333333333332,1.6105426980131723,30.333333333333332,1.668215036499877,26.666666666666668,1.5835638673154087,31.333333333333332,1.6478209646133084,29.5,1.6395708820247465,35.0,1.7318122150287332,25.333333333333332,1.6710730838576244,29.833333333333332,1.717331491719567,51.5,2.0525806562142366,56.0,2.047534196671071,C_p25,16.8397,1.5835594854223451,E1,2.6722566316502077,2.2565722667268417,0.47506784562670357,0.0,2.3159557474301797,1.7815044211001383,5.0,3,6,False,gingiva_multi_component
high/IMG_6724_jpg,IMG_6724_jpg,dev,1.5979999999999999,0.599,2.197,0.599,0.899,3.296,1.998,E1,True,2700,1800,False,False,22.900000000000002,1.709864889664399,29.133333333333336,1.8635133579108596,25.066666666666666,1.7120089328404904,31.26666666666667,1.856012582126478,30.541666666666668,1.7927968927885578,38.208333333333336,1.9846555556726972,46.25,2.239535622285513,53.0,2.3147581040610192,19.666666666666668,1.804669172462891,26.0,1.908197003327859,109.5,3.1465916467618755,115.83333333333333,3.13024566092006,22.983333333333334,1.7681145296726577,29.308333333333334,1.9137614675189272,25.316666666666666,1.7807639502841806,31.233333333333334,1.899149217767673,30.583333333333332,1.8355691973541286,38.041666666666664,2.0137113003709124,46.666666666666664,2.295454414936138,53.333333333333336,2.3651327659535286,19.666666666666668,1.8324956133965704,26.0,1.929320007953584,117.33333333333333,3.2078628412239962,124.0,3.197085524429231,24.566666666666666,1.564315640975609,30.73333333333333,1.7211156424534657,24.900000000000002,1.5523553489236643,31.066666666666666,1.7085455099097642,26.666666666666668,1.5835638673154087,34.75,1.8275035697972064,33.0,1.8340962409090384,40.333333333333336,1.9957074096997782,24.0,1.5831218689177495,30.333333333333332,1.7461135837595596,53.0,2.1123645588224185,60.666666666666664,2.2181620463936604,C_p25,16.8397,1.5835594854223451,E1,0.2078421824616828,2.1971887860235038,0.5344513263300414,1.1876696140667589,3.3254749193869246,2.0487300842651592,7.0,3,6,False,gingiva_multi_component
high/IMG_7382_jpg,IMG_7382_jpg,holdout,1.484,1.414,2.682,0.566,0.0,2.404,1.838,E1,True,2699,1799,True,False,20.066666666666666,1.4983095539708415,26.900000000000002,1.7206582149131164,21.333333333333332,1.4570288790131833,27.816666666666666,1.6512180168278738,24.333333333333332,1.4283675107619613,30.416666666666668,1.5799329941560185,36.5,1.7674173019118102,41.666666666666664,1.81977838369577,11.666666666666666,1.070566458240698,19.0,1.3944516562780507,76.66666666666667,2.2030930860128812,82.66666666666667,2.2339594932609352,20.366666666666667,1.5668136006236315,27.03333333333333,1.765209610642991,21.166666666666668,1.4888546523113295,27.8,1.6903846826235212,24.291666666666668,1.4579521008957181,30.166666666666668,1.5968532108089164,36.166666666666664,1.778977171575507,41.916666666666664,1.8588465332416013,12.166666666666666,1.1336625404910985,19.833333333333332,1.4717248778620287,83.16666666666667,2.273755053651668,89.16666666666667,2.2989795101742456,20.566666666666666,1.3096102448873144,27.333333333333332,1.5307102243078547,20.666666666666668,1.288434158410538,27.333333333333332,1.5032267361867022,21.583333333333332,1.2816970051084087,28.0,1.4725208619948713,23.666666666666668,1.3153619505509266,29.833333333333332,1.4761637451911582,19.666666666666668,1.297280420363156,25.5,1.46788669403963,36.5,1.4547416301324203,42.166666666666664,1.54174449927911,C_p25,16.8397,1.2816934585137105,E1,1.4845870175834486,2.3159557474301797,0.4156843649233656,0.11876696140667589,1.3955117965284416,1.959654863210152,6.0,2,6,False,gingiva_multi_component
high/IMG_6586-_jpg,IMG_6586-_jpg,dev,0.7771666666666667,0.0,0.0,1.166,1.415,1.499,0.583,E1,True,2700,1800,True,False,17.033333333333335,1.2718209004636214,21.566666666666666,1.3795116047692517,17.966666666666665,1.2270915090439152,23.8,1.412785696842543,20.5,1.2033507111213784,25.5,1.3245465649636756,30.0,1.4526717549960084,35.666666666666664,1.557730296443579,15.166666666666666,1.3917363957129072,20.0,1.4678438487137377,81.66666666666667,2.3467730698832865,86.83333333333333,2.346558258042232,16.916666666666668,1.301404095444342,20.5,1.338599149871072,17.833333333333332,1.254389352734742,23.5,1.4289223036565735,19.416666666666668,1.1653613705272807,24.666666666666668,1.3057142276227605,27.333333333333332,1.3444804430340238,31.75,1.40799309973171,15.166666666666666,1.4131957696532873,20.0,1.4840923138104491,82.33333333333333,2.250971936881611,87.33333333333333,2.2517107725818777,17.166666666666668,1.093110658212264,20.833333333333332,1.166699866088304,17.333333333333332,1.0806221973765802,20.833333333333332,1.145752085508157,18.0,1.0689056104379009,23.833333333333332,1.253395733721825,20.333333333333332,1.130099703994458,26.833333333333332,1.3277226981886954,17.166666666666668,1.1323718923508903,20.666666666666668,1.1896598043197002,41.833333333333336,1.6673066171837327,46.833333333333336,1.7123723490016995,C_p25,16.8397,1.0689026526600829,E1,0.0,0.059383480703337946,1.4252035368801106,1.8408879018034763,2.1971887860235038,0.8907522105500691,5.0,4,6,False,"gingiva_multi_component,region_zero"
high/IMG_3853-_jpg,IMG_3853-_jpg,dev,0.6473333333333334,0.0,0.841,1.201,0.921,0.921,0.0,E1,True,2698,1799,True,False,17.0,1.2693320141613442,20.666666666666668,1.3219431143074747,18.083333333333332,1.2350596357260186,21.75,1.2910961725346768,24.208333333333332,1.4210300064258552,28.375,1.4738826972880117,37.166666666666664,1.7996988964672769,40.583333333333336,1.7724641457196801,14.5,1.3305611695277246,19.0,1.3944516562780507,77.66666666666667,2.231829082786962,80.66666666666667,2.1799120861659125,17.0,1.3078149530573682,20.666666666666668,1.3494820697887233,18.083333333333332,1.271974250202986,21.75,1.322513195937467,24.208333333333332,1.4529505499492488,28.375,1.5020124814376685,37.166666666666664,1.8281654804669958,40.583333333333336,1.7997182140927634,14.5,1.351077274283912,19.0,1.4098876981199266,77.66666666666667,2.123386482969293,80.66666666666667,2.0798244540641773,17.0,1.0824979333752518,20.666666666666668,1.1573662671595975,18.083333333333332,1.1273798886092206,21.75,1.1961651772705162,24.208333333333332,1.4375790732972693,28.375,1.4922421235394456,37.166666666666664,2.065674049104624,40.583333333333336,2.0080774969499835,14.5,0.9564694624711404,19.0,1.0937194975197242,77.66666666666667,3.0954776239347392,80.66666666666667,2.949424259490472,C_p25,16.8397,1.4375750953599726,E1,0.23753392281335178,2.3308016176060145,1.7815044211001383,0.9501356912534071,2.2565722667268417,1.0689026526600829,3.0,2,0,True,"gingiva_multi_component,festoon_detection_failed,zenith_detection_failed"
high/IMG_7311_jpg,IMG_7311_jpg,dev,1.4686666666666666,1.539,2.444,0.574,0.0,2.535,1.72,E1,True,2699,1800,True,False,27.875,2.0813311702792627,33.35,2.1332323965558526,31.95,2.182128407084588,36.28333333333333,2.1538056456766217,35.0,2.0545012141096706,38.958333333333336,2.0236128075833935,47.333333333333336,2.291993213438147,52.25,2.2820020931544955,17.666666666666668,1.6211434939073428,24.833333333333332,1.8225727788195576,92.16666666666667,2.6485010360111376,96.83333333333333,2.6167952935173453,21.150000000000002,1.627075662186079,27.075000000000003,1.767930340622404,25.083333333333332,1.7643513793138195,30.566666666666663,1.8586124148270606,34.666666666666664,2.0806451937311103,40.333333333333336,2.135019210031811,57.583333333333336,2.8324267870015563,62.75,2.7827265199421984,15.333333333333334,1.4287253934956312,22.833333333333332,1.6943387249335962,101.83333333333333,2.78409686930094,107.33333333333333,2.76736972813498,32.0,2.037643168706356,35.833333333333336,2.0067237696718827,32.233333333333334,2.0095416631983714,36.4,2.001858043799852,33.416666666666664,1.9844034712296212,37.083333333333336,1.9502136416301126,35.333333333333336,1.9637798134985665,39.166666666666664,1.937980335865487,31.666666666666668,2.088841354822031,35.666666666666664,2.053122565519482,56.5,2.2518603315748424,60.333333333333336,2.205974342842047,C_p25,16.8397,1.9843979801698761,E1,2.3159557474301797,2.939482294815228,0.7719852491433933,0.0,3.3848584000902626,2.4941061895401937,5.0,2,6,False,"gingiva_multi_component,region_zero"
high/IMG_7347_jpg,IMG_7347_jpg,holdout,2.09,0.72,2.88,3.36,2.46,3.12,0.0,E1,True,2698,1799,True,False,37.18333333333333,2.7763526701901555,45.73333333333333,2.925332181983637,41.449999999999996,2.830961579770146,49.85,2.959133066705914,45.958333333333336,2.6977557609082936,54.125,2.811415012888586,55.916666666666664,2.7076187433397823,63.916666666666664,2.791540040589311,30.166666666666668,2.768178984879519,40.5,2.9723837936453186,103.83333333333333,2.9837543317087496,111.66666666666667,3.0176468961387632,32.43333333333334,2.495105782989842,41.541666666666664,2.71256778947451,36.36666666666667,2.558016418380568,44.93333333333334,2.73218051819725,40.541666666666664,2.4332545354571757,48.75,2.5805500782409285,51.416666666666664,2.529098882170709,59.416666666666664,2.634905722070103,28.0,2.608976805513761,38.333333333333336,2.8445102681366943,106.16666666666667,2.902569076505235,114.0,2.9392560466526803,37.18333333333333,2.367698911137438,45.73333333333333,2.5611395460370443,41.449999999999996,2.584141735457264,49.85,2.7415555902039186,45.958333333333336,2.7291733525763995,54.125,2.846435416266872,55.916666666666664,3.1077741859847596,63.916666666666664,3.1626189736358055,30.166666666666668,1.9898962380146714,40.5,2.3313494552394123,103.83333333333333,4.138374591655241,111.66666666666667,4.082880689790529,C_p25,16.8397,2.729165800657573,E1,1.3658200561767726,2.6722566316502077,3.3254749193869246,3.726313414134456,2.5534896702435317,2.731640112353545,8.0,1,0,True,zenith_detection_failed
high/IMG_8645_jpg,IMG_8645_jpg,dev,1.3983333333333334,0.99,1.1,0.9,1.6,1.4,2.4,E1,True,2698,1799,False,False,25.55,1.907731350695432,32.199999999999996,2.0596726587435814,27.866666666666664,1.9032439732109705,34.23333333333333,2.0321161213687553,34.166666666666664,2.0055845185356307,40.583333333333336,2.1080201867232358,49.333333333333336,2.388837997104547,55.5,2.4239448070827656,16.833333333333332,1.544674461175864,27.0,1.9815891957635459,101.83333333333333,2.9262823381605876,108.66666666666667,2.9365757854962293,24.95,1.9194107693400786,31.708333333333332,2.0704755143331015,27.616666666666664,1.9425450069920256,33.949999999999996,2.0643366897506668,33.166666666666664,1.990617276694668,39.375,2.0842904478099804,48.416666666666664,2.381533955496243,55.0,2.4390431648895765,16.833333333333332,1.5684920080767253,27.0,2.003524623644106,106.16666666666667,2.902569076505235,112.83333333333333,2.9091759409120828,25.55,1.6269307175139813,32.199999999999996,1.8032513130260823,27.866666666666664,1.7373079942438865,34.23333333333333,1.8826998269070037,34.166666666666664,2.0289412049978672,40.583333333333336,2.1342787493794715,49.333333333333336,2.7418812490357345,55.5,2.7461593695455626,16.833333333333332,1.1103840886159215,27.0,1.554232970159608,101.83333333333333,4.0586627215109985,108.66666666666667,3.9731913578260074,C_p25,16.8397,2.0289355906973796,E1,1.9299631228584833,2.1674970456718348,1.3658200561767726,1.8408879018034763,1.7518126807484693,3.117632736925242,6.0,1,0,True,zenith_detection_failed
high/IMG_2648_jpg,IMG_2648_jpg,dev,3.241166666666667,2.635,4.195,2.736,2.128,3.75,4.003,E1-E2,True,2699,1799,False,False,71.36666666666667,5.328705573175369,82.09166666666667,5.250992588323763,78.48333333333333,5.360272649432094,88.31666666666666,5.242543002499043,88.75,5.209628078635236,96.70833333333333,5.0233212047070115,98.33333333333333,4.76153519693136,106.16666666666667,4.636795321656822,58.0,5.3222446781108985,74.16666666666667,5.443254272313444,133.0,3.8218875709527804,141.0,3.810342200199095,60.30833333333334,4.639537654547144,72.35,4.7242755362522955,65.71666666666667,4.622483381152419,76.26666666666667,4.637410256406015,79.875,4.793986582190551,88.875,4.7045412964853845,98.33333333333333,4.836850374329719,106.5,4.722874492013453,51.833333333333336,4.829713014968927,67.83333333333333,5.033546431007107,133.66666666666666,3.654411929917109,141.5,3.6482871105381953,87.11666666666667,5.547271272306315,95.11666666666667,5.326684908612761,87.5,5.45506397714139,95.23333333333333,5.237461933274888,88.33333333333333,5.245555310482291,96.16666666666667,5.0574079605419096,90.33333333333333,5.020606881680297,98.16666666666667,4.857320926913923,86.83333333333333,5.727822872959358,94.66666666666667,5.449409426238627,103.83333333333333,4.138374591655241,111.66666666666667,4.082880689790529,C_p25,16.8397,5.245540795461518,E2-E3,5.017904119432056,7.096325944048885,4.1568436492336565,5.225746301893739,6.05711503174047,3.919309726420304,7.0,1,6,False,
high/IMG_7337_jpg,IMG_7337_jpg,dev,1.335,0.26,1.768,0.624,2.08,1.978,1.3,E1,True,2696,1798,False,False,23.900000000000002,1.7845314787327136,26.96666666666667,1.7249225475399146,26.866666666666664,1.8349457445072277,28.766666666666666,1.707610723214446,32.0,1.8784011100431273,34.333333333333336,1.783376420800766,45.333333333333336,2.1951484297717463,47.666666666666664,2.0818264709479606,16.666666666666668,1.5293806546295685,21.333333333333332,1.5657001052946533,69.66666666666667,2.001941108594314,72.0,1.9457066554208144,25.900000000000002,1.9924945461285788,30.375,1.9834121549918935,29.78333333333333,2.0949474517168074,32.983333333333334,2.0055583254867795,35.333333333333336,2.1206576013028626,38.583333333333336,2.042384079018034,44.916666666666664,2.209374874376033,47.916666666666664,2.1249239694113733,22.0,2.049910347189384,26.833333333333332,1.991157187695686,77.33333333333333,2.11427323626127,79.5,2.0497443483235798,32.5,2.069481343217393,34.166666666666664,1.9133877803848183,32.5,2.0261666200810877,34.166666666666664,1.8790334202333778,33.5,1.989352108314982,35.166666666666664,1.849416082624511,34.833333333333336,1.9359904765150961,36.666666666666664,1.8142794633634345,32.5,2.1438108641594527,34.166666666666664,1.966776289399504,48.166666666666664,1.9197275393071662,50.166666666666664,1.8342493845178345,C_p25,16.8397,1.989346603561821,E1,1.1282861333634209,2.3159557474301797,0.8907522105500691,2.3159557474301797,2.850407073760221,2.4347227088368557,2.0,1,6,False,
high/IMG_2855_jpg,IMG_2855_jpg,dev,2.5565,3.432,3.729,2.034,1.398,2.67,2.076,E1,True,2699,1799,False,False,45.35833333333333,3.3867520358236254,51.35833333333334,3.285135247369745,49.366666666666674,3.371655890341445,54.86666666666667,3.256926130256058,57.25,3.3605769859365324,62.875,3.2659162851800434,65.33333333333333,3.1635962664357513,70.83333333333333,3.093623252282809,35.833333333333336,3.2881684074535724,44.5,3.2659525633880664,105.5,3.0316476596655515,110.66666666666667,2.990623192591252,46.225,3.556102717945697,51.89166666666667,3.388397116360637,50.65,3.562700227066244,55.9,3.3990109265703174,57.666666666666664,3.4610732549565584,63.0,3.334864716495969,65.33333333333333,3.2136361809105933,70.66666666666667,3.133800914888426,36.0,3.3543987499462644,44.666666666666664,3.31447283417667,109.16666666666667,2.98458829687744,114.5,2.9521475205415078,56.666666666666664,3.6083264445841725,62.0,3.4720988014787926,56.666666666666664,3.532803337577281,62.23333333333333,3.422590629829967,57.333333333333336,3.4046623147281285,62.5,3.286876924095695,58.666666666666664,3.260615539393846,63.833333333333336,3.1584956112190707,56.333333333333336,3.715938831209718,61.833333333333336,3.559385382279103,67.83333333333333,2.7035609290588813,73.33333333333333,2.681294781354974,C_p25,16.8397,3.4046528936580422,E1-E2,4.810061936970373,4.6912949755636975,3.028557515870235,1.6627374596934623,3.3848584000902626,2.850407073760221,6.0,1,6,False,
high/IMG_8630_jpg,IMG_8630_jpg,dev,5.624833333333334,2.605,9.427,6.336,6.326,9.055,0.0,E2-E3,True,2698,1799,True,False,68.98333333333333,5.150750202562553,77.59166666666665,4.963150136014877,74.18333333333334,5.066590266006,83.01666666666667,4.927931061605536,88.08333333333333,5.170494722176004,97.04166666666667,5.040635538889544,98.08333333333333,4.749429598973061,107.25,4.684109559632912,58.5,5.368126097749785,72.83333333333333,5.345398015732528,152.16666666666666,4.372660842456001,161.0,4.350816271149321,69.41666666666667,5.340244391650921,81.83333333333333,5.343513679566637,71.8,5.05038255287969,83.5,5.077234568311654,79.0,4.741470297252627,89.58333333333333,4.7420364685623895,95.83333333333333,4.713879602100998,106.0,4.700701372332638,60.666666666666664,5.652783078613149,80.0,5.936369255241797,165.16666666666666,4.515613743825256,173.83333333333334,4.481935755349044,86.39999999999999,5.501636555507162,95.16666666666667,5.329484988291372,86.5,5.392720388831203,95.39999999999999,5.246627949958953,87.33333333333333,5.186171665457963,96.33333333333333,5.066172965672831,89.83333333333333,4.992817544696827,98.5,4.873814376580863,86.0,5.672853363621936,95.16666666666667,5.478191518278619,101.33333333333333,4.038734753974938,110.33333333333333,4.034129875584075,C_p25,16.8397,5.18615731475818,E2-E3,2.5534896702435317,8.729371663390678,5.166362821190401,6.05711503174047,8.254303817763974,0.35630088422002765,9.0,1,6,False,
high/IMG_2686_jpg,IMG_2686_jpg,holdout,2.968166666666667,1.694,3.339,3.775,3.533,2.855,2.613,E1,True,2699,1799,False,False,48.708333333333336,3.636885109202479,57.19166666666667,3.6582643522145966,52.68333333333334,3.5981783488755257,60.0,3.5616446138887636,59.333333333333336,3.482868724871632,66.33333333333333,3.44555250232381,71.33333333333333,3.454130617434953,78.58333333333333,3.432102031650222,42.333333333333336,3.884626862759104,52.666666666666664,3.8653221349461755,117.16666666666667,3.366900955363164,125.0,3.377962943438914,43.28333333333333,3.329799444205868,51.60833333333333,3.3698961525006297,46.76666666666667,3.2895481530595205,54.31666666666667,3.302736019586364,57.583333333333336,3.45607170401009,64.58333333333333,3.4186774540798623,68.25,3.3571020818441024,75.0,3.32596795212215,37.0,3.4475764930003274,47.0,3.487616937454556,116.66666666666667,3.189636347807951,124.0,3.197085524429231,56.0,3.5658755452361235,63.0,3.5281003950510312,56.23333333333333,3.5057877826428667,63.46666666666666,3.49041915329205,57.416666666666664,3.409610951813489,64.58333333333333,3.3964394882322178,60.166666666666664,3.343983550344257,67.33333333333333,3.3316768327219437,55.5,3.660969321872296,63.0,3.6265435970390856,78.5,3.1286909031615067,85.0,3.1078644056614473,C_p25,16.8397,3.4096015170499867,E1-E2,1.989346603561821,3.7411592843102905,4.3349940913436695,3.919309726420304,3.206707957980249,3.266091438683587,7.0,1,6,False,
high/IMG_8564_jpg,IMG_8564_jpg,dev,2.7133333333333334,3.383,2.599,0.883,1.422,3.922,4.071,E1,False,2701,1800,False,False,28.891666666666666,2.1572422024987157,38.775,2.4802424640615643,34.96666666666667,2.388161397007546,43.88333333333333,2.6049472967691982,47.5,2.788251647720267,55.75,2.8958223920284283,56.166666666666664,2.719724341298082,63.916666666666664,2.791540040589311,19.333333333333332,1.7740815593702994,30.333333333333332,2.2262298372158353,94.0,2.7011836967636196,101.0,2.7293940582986425,33.50833333333333,2.5778058461978812,42.88333333333333,2.8001752948116008,38.21666666666667,2.6881446596455736,46.85,2.8487238266515096,46.75,2.8058700809691177,54.875,2.9047730367891478,58.416666666666664,2.87341704441113,65.58333333333333,2.9083741981334796,24.666666666666668,2.298384328666885,35.5,2.6342638570135475,99.33333333333333,2.7157475189907694,107.16666666666667,2.7630725701720373,46.56666666666666,2.9651953194612286,54.61666666666667,3.0586203689370977,46.666666666666664,2.909367454475408,54.73333333333333,3.0101198790470303,47.333333333333336,2.8108258644848503,55.583333333333336,2.923129211162438,49.166666666666664,2.7326181367079108,57.333333333333336,2.8368733427137345,45.833333333333336,3.0233230135582025,54.333333333333336,3.1276540016792116,64.0,2.5507798446157506,71.66666666666667,2.6203562635969067,C_p25,16.8397,2.810818086624663,E1,3.8599262457169665,2.850407073760221,0.17815044211001382,1.2470530947700968,4.1568436492336565,4.5725280141570215,7.0,1,6,False,frame_uncertain
high/IMG_8594_jpg,IMG_8594_jpg,dev,4.511833333333333,3.073,4.152,3.986,3.737,6.476,5.647,E2-E3,False,2688,1792,False,False,35.358333333333334,2.640086145140482,43.041666666666664,2.7531597521766558,40.96666666666667,2.797950769230004,47.46666666666667,2.817656627876444,49.166666666666664,2.8860850388683463,55.958333333333336,2.9066438508925105,64.41666666666667,3.119209073921985,71.41666666666667,3.11910014965455,28.0,2.569359499777675,37.166666666666664,2.727743152193029,107.33333333333333,3.0843303204180335,114.5,3.094214056190045,35.00833333333333,2.693201283232355,43.00833333333333,2.808337484749839,39.166666666666664,2.754967270024901,46.416666666666664,2.822374904740111,46.333333333333336,2.7808623262367727,53.375,2.825371495920196,60.083333333333336,2.955397559230278,67.5,2.9933711569099346,27.5,2.56238793398673,37.166666666666664,2.757938216497751,110.16666666666667,3.011928037001508,117.66666666666667,3.0337935218374157,35.358333333333334,2.2514895741721537,43.041666666666664,2.4104019233384357,40.96666666666667,2.5540090011073406,47.46666666666667,2.6104815516217856,49.166666666666664,2.9196958803627844,55.958333333333336,2.9428504727070126,64.41666666666667,3.580192914703755,71.41666666666667,3.533721591141963,28.0,1.8469755137373745,37.166666666666664,2.1394688416394603,107.33333333333333,4.277870364407665,114.5,4.186476169979244,C_p25,16.8397,2.9196878012474485,E1,2.3753392281335177,3.0434033860460694,2.6128731509468697,2.3753392281335177,4.305302350992001,2.805869463232718,7.0,1,0,True,"zenith_detection_failed,frame_uncertain"
high/gg_jpg,gg_jpg,holdout,3.247666666666667,2.564,3.692,2.974,2.667,3.692,3.897,E1-E2,False,2495,1663,False,False,49.958333333333336,3.730218345537872,59.9,3.8315028651782774,53.800000000000004,3.674444704261372,63.416666666666664,3.7644604877352066,59.916666666666664,3.5171104117734595,68.83333333333333,3.5754100086927973,70.41666666666667,3.4097434249211864,79.33333333333333,3.4648580425567457,38.0,3.4869878925554163,53.666666666666664,3.9387143273818626,115.83333333333333,3.328586292997722,124.5,3.3644510916651584,46.89166666666667,3.607389578849908,57.55833333333334,3.7584163935607706,50.833333333333336,3.575595818542957,59.833333333333336,3.6381780639199284,55.166666666666664,3.311026726562488,64.58333333333333,3.4186774540798623,69.58333333333333,3.42268649369942,78.83333333333333,3.4959618696750594,35.166666666666664,3.2767506307345453,51.0,3.7844354002166454,118.66666666666667,3.244315828056087,127.5,3.287325841651024,53.416666666666664,3.401378310262433,62.0,3.4720988014787926,54.0,3.3665537687501152,62.333333333333336,3.4280902398404067,55.333333333333336,3.285895024679473,63.833333333333336,3.35699696514307,59.166666666666664,3.2884048763773164,67.5,3.339923557555414,53.166666666666664,3.5070546957275144,61.833333333333336,3.559385382279103,73.66666666666667,2.9360538836462546,82.5,3.0164566290243457,C_p25,16.8397,3.2858859322513663,E1-E2,2.1971887860235038,3.8599262457169665,2.969174035166897,2.5534896702435317,4.216227129936994,3.919309726420304,9.0,1,6,False,frame_uncertain
high/IMG_3129_jpg,IMG_3129_jpg,dev,4.470833333333333,4.599,5.811,3.922,2.953,5.374,4.166,E2-E3,True,2698,1799,False,False,53.6,4.0021291740616505,63.975,4.092160196991324,59.96666666666667,4.09561711460112,69.86666666666666,4.147337283728248,76.66666666666667,4.500335992811659,85.29166666666667,4.430305258955301,92.83333333333333,4.495212041848759,101.5,4.432980142682895,40.333333333333336,3.701101184203556,54.166666666666664,3.975410423599706,150.0,4.310399516112159,158.33333333333334,4.278753061689291,62.43333333333334,4.803014523679315,72.36666666666667,4.7253638282440615,67.5,4.7479223164258935,76.93333333333332,4.677947059346626,78.54166666666667,4.7139617670470475,87.25,4.618522960544021,93.91666666666667,4.619602010058978,103.25,4.57874921408816,49.666666666666664,4.627827905018457,63.166666666666664,4.687258224451335,157.0,4.2923391994786995,165.83333333333334,4.275672173127803,77.06666666666666,4.907323964634474,86.51666666666665,4.845071203891508,77.33333333333333,4.821237495987819,87.23333333333333,4.797493132439756,78.33333333333333,4.651718860239012,87.91666666666667,4.623540206561278,82.83333333333333,4.603766826928243,92.16666666666667,4.560438832908997,76.5,5.046200957175327,86.0,4.9505198308787515,103.0,4.105161312428473,111.83333333333333,4.088974541566335,C_p25,16.8397,4.651705988428138,E2-E3,5.522663705410428,5.285129782597077,3.6817758036069526,2.0784218246168282,5.878964589630456,5.46328022470709,9.0,1,6,False,
high/IMG_8601_jpg,IMG_8601_jpg,dev,1.2850000000000001,1.168,2.337,2.395,0.876,0.759,0.175,E1,True,2699,1799,False,False,21.233333333333334,1.5854205745505419,27.599999999999998,1.7654337074944983,23.166666666666668,1.5822422983033788,28.5,1.6917811915971626,25.833333333333332,1.5164175627952328,31.5,1.6362045802492464,36.333333333333336,1.7593469032729436,42.333333333333336,1.8488948378349024,16.833333333333332,1.544674461175864,24.333333333333332,1.785876682601714,73.33333333333333,2.1073064300992774,80.0,2.161896283800905,21.150000000000002,1.627075662186079,27.46666666666667,1.7935052024288838,23.150000000000002,1.628361505559399,28.483333333333334,1.7319349056376483,25.375,1.5229722631998153,31.166666666666668,1.6497875713882175,35.666666666666664,1.7543830171297627,42.083333333333336,1.8662375731352063,16.833333333333332,1.5684920080767253,24.333333333333332,1.8056456484693797,76.16666666666667,2.082376872783191,83.0,2.1399846655453727,22.5,1.4327178529966567,27.95,1.5652445403440685,22.833333333333332,1.4235119330826105,28.166666666666668,1.5490568196070287,23.666666666666668,1.4054129322424251,29.0,1.5251108927804025,25.166666666666668,1.3987299615013375,30.666666666666668,1.517397369358509,22.5,1.4841767521103904,27.666666666666668,1.5926090928795986,38.666666666666664,1.5410961561220158,44.333333333333336,1.620964572364598,C_p25,16.8397,1.4054090433123314,E1,1.6033539789901246,2.1378053053201658,2.0190383439134902,1.0689026526600829,0.8313687298467312,0.7719852491433933,6.0,1,6,False,
high/IMG_3059_jpg,IMG_3059_jpg,holdout,2.906166666666667,2.926,3.128,2.234,2.766,3.564,2.819,E1,True,2698,1799,False,False,38.391666666666666,2.866574798647702,46.39166666666666,2.9674424666732704,43.083333333333336,2.9425153533195934,50.6,3.003653624379524,48.833333333333336,2.8665183606387306,56.708333333333336,2.9456011028032068,57.833333333333336,2.8004283276867494,65.58333333333333,2.8643311759371417,29.833333333333332,2.7375913717869276,41.666666666666664,3.05800801815362,90.0,2.586239709667295,98.16666666666667,2.6528268982473606,36.49166666666667,2.8073145487442233,45.925000000000004,2.9987885833087313,40.11666666666667,2.8217898804042285,48.583333333333336,2.954119514297101,45.375,2.7233444903523787,53.333333333333336,2.8231658975627254,52.75,2.594683294026028,60.416666666666664,2.679251961431732,30.166666666666668,2.810861915464231,42.166666666666664,3.1289612949503636,97.0,2.6519547920346107,104.83333333333333,2.702912358690842,38.391666666666666,2.444641166205777,46.39166666666666,2.5980072618054346,43.083333333333336,2.6859695963639036,50.6,2.782802665282212,48.833333333333336,2.8999013320213423,56.708333333333336,2.982292995796161,57.833333333333336,3.214299977754729,65.58333333333333,3.245086221970507,29.833333333333332,1.9679084342797026,41.666666666666664,2.398507669999395,90.0,3.587034156490899,98.16666666666667,3.5892786959501812,C_p25,16.8397,2.89989330767967,E1,2.791023593056883,3.5630088422002766,2.2565722667268417,2.5534896702435317,3.028557515870235,3.206707957980249,8.0,1,0,True,zenith_detection_failed
high/IMG_2632-_jpg,IMG_2632-_jpg,holdout,1.0358333333333334,0.0,1.328,0.712,1.471,1.803,0.901,E1,False,2691,1794,True,False,52.55833333333334,3.9243514771154895,61.375,3.92585122454619,58.73333333333333,4.01138263253317,67.23333333333333,3.9910206590075754,65.79166666666667,3.86197311557044,74.45833333333333,3.86758939802302,72.83333333333333,3.5267642051847536,81.16666666666667,3.5449282914393603,41.166666666666664,3.777570216935034,53.0,3.8897861990914047,110.16666666666667,3.1657489779445966,118.5,3.2023088703800906,53.416666666666664,4.109359729949868,62.03333333333333,4.050622793349699,56.583333333333336,3.98004846031257,64.58333333333333,3.9270027848717888,62.333333333333336,3.7411601079588235,70.5,3.7318724208407272,74.58333333333333,3.6686280381568634,82.83333333333333,3.673346827121574,43.0,4.006642951324705,54.833333333333336,4.068886427030315,114.0,3.1167303741437693,122.16666666666667,3.1498167868368636,64.33333333333333,4.096511787086737,73.0,4.088116330773417,64.39999999999999,4.014927087176063,73.0,4.014715307620583,65.16666666666667,3.86983420075203,73.33333333333333,3.856602257605615,66.16666666666667,3.6774555941459006,74.83333333333333,3.7027794502281006,64.0,4.221658317113999,72.5,4.173403345798948,79.83333333333333,3.1818321499243343,88.83333333333333,3.2480229965050027,C_p25,16.8397,3.8698234925008563,E1-E2,3.028557515870235,4.958520638728718,2.850407073760221,4.1568436492336565,4.928828898377049,3.295783179035256,8.0,1,6,False,frame_uncertain
high/IMG_8649_jpg,IMG_8649_jpg,dev,2.252,0.0,2.556,1.557,3.788,3.389,2.222,E1,True,2699,1799,True,False,33.81666666666667,2.5249751536601646,38.40833333333333,2.4567886346141736,35.5,2.4245871189828754,39.833333333333336,2.364536285331707,42.916666666666664,2.5192098220630483,46.958333333333336,2.4391568279641547,60.666666666666664,2.9376251045474837,65.75,2.871610289471925,31.0,2.8446480176109974,37.0,2.7155111201204147,104.66666666666667,3.0077009956871508,109.66666666666667,2.9635994890437405,36.81666666666667,2.8323168934350265,41.574999999999996,2.71474437345804,38.300000000000004,2.6940062921349885,42.96666666666667,2.6125969495224446,43.333333333333336,2.6008064921638883,47.541666666666664,2.5165877258742726,53.333333333333336,2.6233764742127295,59.0,2.616428122336091,34.0,3.168043263838139,40.333333333333336,2.9929194995177393,107.0,2.925352193275292,112.33333333333333,2.8962844670232553,41.0,2.6107303099050188,45.166666666666664,2.5294053096794427,41.0,2.55608712071768,45.5,2.5023225547498154,41.75,2.4792671797656864,45.833333333333336,2.4103764110035097,43.333333333333336,2.408409205234091,47.833333333333336,2.3668100272059354,40.833333333333336,2.6935059575336715,45.166666666666664,2.5999823142793446,57.833333333333336,2.3050015783376705,63.333333333333336,2.3156636748065687,C_p25,16.8397,2.479260319364359,E1,0.0,2.998865775518566,1.8408879018034763,3.4442418807936006,3.978693207123642,2.6128731509468697,5.0,2,6,False,"gingiva_multi_component,region_zero"
high/IMG_6551-_jpg,IMG_6551-_jpg,holdout,5.973333333333334,4.87,6.535,6.696,5.739,6.696,5.304,E2-E3,True,2697,1798,False,False,98.69166666666666,7.3689701194670585,109.54166666666667,7.006831547407966,103.46666666666665,7.066590063213939,114.11666666666666,6.774050186471212,119.70833333333333,7.026883319210813,129.45833333333334,6.724454538140752,134.08333333333334,6.492635704968271,143.25,6.256398083146057,87.33333333333333,8.013954630258938,100.33333333333333,7.3636833077139165,188.16666666666666,5.407156726322919,197.5,5.3371814506334845,99.08333333333333,7.622509701888288,110.13333333333334,7.191433481583777,104.60000000000001,7.357521100713311,115.36666666666666,7.014893748872908,121.375,7.284758953532121,131.375,6.954251621105682,135.25,6.652718777573844,144.5,6.4080315877553415,87.66666666666667,8.168582141072848,100.83333333333333,7.4822987487943475,194.66666666666666,5.322136077485267,204.16666666666666,5.26401850460458,123.11666666666667,7.839619837100965,132.6833333333333,7.4304781071431885,123.56666666666666,7.703589395528812,133.06666666666666,7.318147720557702,124.58333333333333,7.398212442614175,134.08333333333334,7.051446627826632,126.5,7.030702256817981,135.83333333333334,6.721080739278179,122.5,8.080517872601014,131.83333333333334,7.588878267878087,134.83333333333334,5.373908578890996,144.0,5.26508793429704,C_p25,16.8397,7.398191970957519,E3,6.591566358070512,8.37307077917065,7.660469010730595,7.007250722993877,8.194920337060637,6.561874617718843,9.0,1,6,False,
high/IMG_2892_jpg,IMG_2892_jpg,dev,1.994,1.4,2.962,1.597,1.427,2.954,1.624,E1,True,2699,1799,False,False,29.05,2.1690644124345324,35.725,2.285149246385542,31.73333333333333,2.16733045753211,38.199999999999996,2.267580404175846,36.583333333333336,2.147442935700346,42.666666666666664,2.2162347753640583,48.166666666666664,2.33234520663248,54.25,2.3693514555718926,22.666666666666668,2.0799576902962134,32.0,2.3485501579419803,76.16666666666667,2.1887250876258406,82.33333333333333,2.224951592078431,27.65833333333333,2.127763641763434,34.94166666666667,2.281604160735531,29.71666666666667,2.0902581457252762,36.31666666666667,2.2082423401898397,35.25,2.1156560503563933,41.541666666666664,2.1989815623984663,46.5,2.2872563634542233,52.833333333333336,2.3429596462727145,23.166666666666668,2.1586177140857905,32.5,2.41165000994198,77.5,2.1188298596152815,84.0,2.1657676133230277,29.05,1.8497979390912391,35.725,2.0006569303682236,31.73333333333333,1.9783698690432774,38.199999999999996,2.1008510239877567,36.583333333333336,2.1724516804733263,42.666666666666664,2.2438413135159943,48.166666666666664,2.67703946274097,54.25,2.6843089332945365,22.666666666666668,1.4951706539778746,32.0,1.8420538905595356,76.16666666666667,3.0356937213265573,82.33333333333333,3.010362777248539,C_p25,16.8397,2.17244566906378,E1,1.9002713825068143,2.850407073760221,1.3658200561767726,2.2565722667268417,2.791023593056883,1.8705796421551453,6.0,1,0,True,zenith_detection_failed
high/gummy19_JPG,gummy19_JPG,holdout,0.8141666666666666,0.0,2.141,0.0,1.138,1.606,0.0,E1,True,2698,1799,True,False,15.916666666666664,1.1884432093373367,17.916666666666664,1.1460393934520445,18.433333333333334,1.2589640157723287,20.433333333333334,1.21293786017434,26.666666666666668,1.5653342583692729,29.833333333333332,1.5496329093365877,37.666666666666664,1.8239100923838771,41.916666666666664,1.8306970539979446,12.5,1.1470354909721763,14.833333333333334,1.0886508544626887,81.0,2.327615738700566,83.16666666666667,2.247471345034691,16.891666666666666,1.299480838160434,19.924999999999997,1.3010530761551762,18.233333333333334,1.2825251886839326,21.400000000000002,1.301231374393646,25.166666666666668,1.5104683858336427,30.333333333333332,1.6056756042387998,44.083333333333336,2.1683846169664593,48.666666666666664,2.158183648932595,15.666666666666666,1.4597846411803188,17.666666666666668,1.3109482105325636,83.5,2.2828683003596906,86.0,2.2173335088783377,21.400000000000002,1.3626738690723759,23.849999999999998,1.3356380066978901,21.8,1.3590902251620836,24.700000000000003,1.3584036725784714,23.583333333333332,1.4004642951570645,26.5,1.3936358158165747,28.333333333333332,1.5747290957299824,32.166666666666664,1.5916178928597404,20.833333333333332,1.3742377334355464,22.5,1.2951941417996735,46.166666666666664,1.8400156691629241,50.333333333333336,1.8403432362936414,C_p25,16.8397,1.4004604199203865,E1,0.0,2.6425648912985387,0.0,1.5439704982867866,2.1674970456718348,2.0487300842651592,3.0,3,6,False,"gingiva_multi_component,region_zero"
high/IMG_6803_jpg,IMG_6803_jpg,holdout,1.55,2.0,1.4,0.0,0.5,2.2,3.2,E1,True,2697,1798,True,False,22.066666666666666,1.6476427321074703,27.549999999999997,1.7622354580243995,28.066666666666666,1.9169036189517195,33.26666666666667,1.9747340692561037,37.416666666666664,2.196359631274386,42.166666666666664,2.190263274090261,51.166666666666664,2.477612382132081,55.666666666666664,2.4312239206175486,10.666666666666666,0.9788036189629238,18.166666666666668,1.3332914959149784,99.16666666666667,2.849653013429705,103.5,2.7969533171674206,23.84166666666667,1.8341463630868289,28.866666666666664,1.8849217297371519,28.666666666666668,2.016401576358651,33.5,2.036974347765754,37.5,2.250697925911057,41.875,2.216626349258233,52.333333333333336,2.574188165321241,56.833333333333336,2.520344603719229,13.666666666666666,1.273429155072193,21.0,1.5582969295009717,110.83333333333333,3.030154530417553,115.5,2.977930468319163,29.28333333333333,1.8646557538630562,33.833333333333336,1.8947205825274056,29.400000000000002,1.8329014963195074,33.833333333333336,1.8607013868652476,30.083333333333332,1.7864579878151952,34.833333333333336,1.8318860723626675,32.5,1.8063069039255681,37.0,1.830772913030375,28.833333333333332,1.9019450230747963,33.666666666666664,1.9379941973595112,49.666666666666664,1.979511441915348,54.333333333333336,1.9865956789130037,C_p25,16.8397,1.786453044492083,E1,2.4644144491885247,1.7221209403968003,0.11876696140667589,0.47506784562670357,2.3753392281335177,3.5630088422002766,5.0,1,6,False,
high/IMG_6436-_jpg,IMG_6436-_jpg,dev,1.5523333333333333,2.722,1.152,0.0,0.0,2.09,3.35,E1,True,2698,1798,True,False,12.958333333333334,0.9675545500102404,15.891666666666667,1.016510289913046,17.416666666666668,1.1895274832568568,19.55,1.1605025366920887,26.25,1.540875910582253,28.25,1.4673898219695622,32.333333333333336,1.5656573359401424,34.0,1.4849391610957483,5.333333333333333,0.4894018094814619,10.166666666666666,0.7461539564294832,59.0,1.6954238096707823,61.0,1.64844591639819,19.516666666666666,1.501422852970763,22.133333333333336,1.4452517650640522,23.599999999999998,1.660014321002238,25.599999999999998,1.5566132329195013,27.666666666666668,1.6605149142277131,29.0,1.5350964567997318,32.0,1.5740258845276376,33.5,1.4855990186145602,11.5,1.0715440451217233,16.333333333333332,1.2120087229452001,61.833333333333336,1.690507264338214,64.33333333333333,1.6587029736958108,30.166666666666668,1.9209031954992213,31.666666666666668,1.773383796454222,30.166666666666668,1.8806982473573175,31.666666666666668,1.741543169972399,30.5,1.8112011732419986,31.833333333333332,1.6741159800060739,30.833333333333332,1.7136757806473337,32.5,1.6081113425266809,30.166666666666668,1.9898962380146714,31.666666666666668,1.8228658291995405,34.0,1.3551017924521174,35.5,1.2979904282468397,C_p25,16.8397,1.8111961614518073,E1,2.850407073760221,1.6627374596934623,0.0,0.0,2.1971887860235038,4.1568436492336565,2.0,3,6,False,"gingiva_multi_component,region_zero"
high/IMG_7375_jpg,IMG_7375_jpg,holdout,2.2419999999999995,3.501,1.29,1.597,1.413,2.457,3.194,E1,True,2696,1797,False,False,25.058333333333334,1.871020277736844,31.066666666666663,1.9871790040880102,28.633333333333336,1.9556059485505073,33.800000000000004,2.0063931324906705,35.583333333333336,2.0887429010114986,40.208333333333336,2.0885415607678874,46.75,2.263746818202113,51.0,2.2274087416436226,19.166666666666668,1.758787752824004,27.666666666666668,2.0305173240540038,79.66666666666667,2.2893010763351245,84.33333333333333,2.278998999173454,25.608333333333334,1.9700565444829867,31.40833333333333,2.0508862584813294,28.983333333333334,2.0386757798184267,34.21666666666667,2.080551410926912,35.541666666666664,2.133161478669035,40.208333333333336,2.1284024149593983,44.666666666666664,2.197077797153161,49.583333333333336,2.198834368347421,19.166666666666668,1.7859067418695391,27.666666666666668,2.052994367437788,85.0,2.323877910545793,89.66666666666667,2.311870984063073,35.449999999999996,2.25732657283251,40.61666666666667,2.2745980589257573,35.666666666666664,2.2235879830633474,40.666666666666664,2.2365080709119227,36.166666666666664,2.1477084950465226,41.0,2.156191262206776,37.666666666666664,2.0934633860880942,42.5,2.10291483253489,35.166666666666664,2.3197132940392025,40.166666666666664,2.3121613938794168,45.833333333333336,1.8267303574722173,50.666666666666664,1.8525309398452547,C_p25,16.8397,2.1477025521040556,E1,2.791023593056883,1.3658200561767726,1.3658200561767726,1.4252035368801106,2.6722566316502077,3.266091438683587,4.0,1,6,False,
high/IMG_2796_jpg,IMG_2796_jpg,dev,5.686333333333334,5.826,6.106,4.848,4.195,6.385,6.758,E2-E3,True,2698,1799,False,False,81.25833333333333,6.067282583376111,92.075,5.88957639918681,87.91666666666667,6.004552606870736,98.05000000000001,5.820320906529888,100.625,5.906690990565303,110.375,5.733208906190812,120.83333333333333,5.851039013178367,130.66666666666666,5.706825011269935,70.33333333333333,6.453986362536779,84.66666666666667,6.213872292888157,166.83333333333334,4.794122128475856,177.33333333333334,4.792203429092006,82.39999999999999,6.33905600776042,93.02499999999999,6.074301752036901,90.16666666666667,6.342286353546688,100.16666666666667,6.090654641826956,101.125,6.06938207354015,110.875,5.869097229230009,123.41666666666667,6.070657122357894,133.16666666666666,5.905440874990217,70.33333333333333,6.553501261469091,84.66666666666667,6.282657461797569,178.66666666666666,4.884700235500176,189.66666666666666,4.890165761828582,81.25833333333333,5.174233994285332,92.075,5.156346728163868,87.91666666666667,5.481040472270635,98.05000000000001,5.3923676152355915,100.625,5.975479280572987,110.375,5.8046246479529975,120.83333333333333,6.715756437671984,130.66666666666666,6.465432269440603,70.33333333333333,4.639426588078405,84.66666666666667,4.873767585438771,166.83333333333334,6.649298501198871,177.33333333333334,6.483858289458392,C_p25,16.8397,5.97546274577338,E2-E3,4.5725280141570215,7.244784645807229,5.641430666817104,4.988212379080387,7.898002933543946,5.507817835234595,10.0,1,0,True,zenith_detection_failed
high/IMG_8581_jpg,IMG_8581_jpg,dev,2.1854999999999998,3.436,2.405,1.661,0.916,2.233,2.462,E1,True,2699,1799,False,False,30.566666666666663,2.2823087391881423,38.28333333333333,2.448793010938927,33.78333333333333,2.3073418263747834,40.699999999999996,2.415982263087878,39.583333333333336,2.3235430397668893,46.208333333333336,2.400199576053458,50.666666666666664,2.4534011862154808,57.333333333333336,2.5040150559653798,22.5,2.0646638837499176,32.0,2.3485501579419803,86.33333333333333,2.480874388162331,92.66666666666667,2.504196528736048,31.7,2.4386902359952103,38.94166666666667,2.542794238759155,34.18333333333334,2.404441647157903,40.96666666666667,2.490986540700608,38.833333333333336,2.3307227410545615,45.5,2.4085134063581997,50.333333333333336,2.4758115475382634,56.5,2.5055625239320194,22.5,2.0964992187164153,32.0,2.3745477020967187,91.0,2.4879163512902016,97.16666666666667,2.5052430923954865,34.449999999999996,2.1936502238104363,41.0,2.296065336461782,34.833333333333336,2.1716349928048584,41.63333333333333,2.2896709676795015,35.75,2.12296530961972,42.666666666666664,2.2438413135159943,38.5,2.1397789477272116,45.166666666666664,2.2348624298704127,34.166666666666664,2.2537498828342963,41.0,2.360131547279405,56.166666666666664,2.238575019884135,62.666666666666664,2.2912882677033415,C_p25,16.8397,2.1229594351443315,E1,3.147324477276911,2.5237979298918627,1.6033539789901246,1.3064365754734348,2.5237979298918627,1.6330457193417935,6.0,1,6,False,
high/IMG_6876-_jpg,IMG_6876-_jpg,dev,3.842,5.026,5.79,3.496,2.185,2.731,3.824,E1-E2,False,2542,1695,False,False,49.88333333333333,3.724618351357748,59.88333333333333,3.830436782021578,55.6,3.7973815159281092,65.55,3.8910967406734738,63.25,3.7127771940696186,72.91666666666667,3.7875106024288114,70.58333333333333,3.417813823560053,80.16666666666667,3.5012536102306617,37.666666666666664,3.456400279462825,50.333333333333336,3.694073685929573,106.16666666666667,3.050804990848272,115.33333333333333,3.1167338091463046,45.90833333333333,3.531741459016197,55.916666666666664,3.651219632371908,49.93333333333334,3.5122901876572783,59.6,3.623990182890714,58.916666666666664,3.5360965191535936,68.08333333333333,3.603947716107416,72.41666666666667,3.5620533688919718,81.5,3.614218507972736,36.166666666666664,3.369928373788608,48.666666666666664,3.6112912969387594,111.16666666666667,3.039267777125576,119.33333333333333,3.0767651014668407,63.333333333333336,4.032835438064663,72.41666666666667,4.055448734522945,63.666666666666664,3.9692084557485927,72.66666666666667,3.9963832742524525,64.16666666666667,3.8104505557277024,73.16666666666667,3.8478372524746938,65.0,3.6126138078511363,74.16666666666667,3.6697925508942206,63.166666666666664,4.166688807776577,72.33333333333333,4.16380931511895,74.83333333333333,2.982552474563729,84.33333333333333,3.08348899855822,C_p25,16.8397,3.8104400117975183,E1-E2,4.750678456267035,5.878964589630456,2.850407073760221,2.1378053053201658,2.909790554463559,4.3349940913436695,9.0,1,6,False,frame_uncertain
high/IMG_6896_jpg,IMG_6896_jpg,dev,4.164666666666666,4.274,5.042,2.192,3.178,6.247,4.055,E2-E3,True,2698,1799,False,False,54.93333333333333,4.1016846261527355,66.23333333333333,4.236614464724116,61.70000000000001,4.214000711020942,72.2,4.285845685379479,75.0,4.4025026016635795,83.83333333333333,4.354555046906724,89.66666666666667,4.341874467710292,98.0,4.280118758452451,40.833333333333336,3.746982603842443,56.833333333333336,4.171122936761538,150.83333333333334,4.334346180090559,159.16666666666666,4.30127281464555,63.40833333333333,4.878021557751723,74.98333333333333,4.896225670951182,68.39999999999999,4.811227947311571,78.43333333333334,4.769154865963004,79.0,4.741470297252627,87.29166666666667,4.620728558901492,92.16666666666667,4.533522469498873,101.0,4.478970175524495,53.5,4.985009253392366,69.16666666666667,5.132485918594471,153.66666666666666,4.2012067323984725,162.0,4.1768375399801245,54.93333333333333,3.4979541062792445,66.23333333333333,3.709172214267936,61.70000000000001,3.846599398738558,72.2,3.97071842753707,75.0,4.453773376824587,83.83333333333333,4.408797580853692,89.66666666666667,4.9835544323690035,98.0,4.849074202080453,40.833333333333336,2.6935059575336715,56.833333333333336,3.2715644618791755,150.83333333333334,6.011603540044933,159.16666666666666,5.819628445895455,C_p25,16.8397,4.4537610527503455,E2-E3,5.255438042245408,5.106979340487063,2.6128731509468697,3.147324477276911,5.344513263300415,5.255438042245408,8.0,1,0,True,zenith_detection_failed
high/IMG_3117_jpg,IMG_3117_jpg,dev,1.4275,2.652,1.696,0.0,0.0,1.217,3.0,E1,True,2699,1799,True,False,23.46666666666667,1.7521759568031106,27.433333333333334,1.7547728759275028,29.000000000000004,1.9806486324085464,33.00000000000001,1.9589045376388203,41.0,2.4067014222427567,44.541666666666664,2.3136279051407995,52.083333333333336,2.521999574645848,56.333333333333336,2.460340374756681,14.333333333333334,1.3152673629814289,20.166666666666668,1.4800758807863523,97.66666666666667,2.8065490182685835,101.0,2.7293940582986425,22.275000000000002,1.713622239961934,26.383333333333336,1.7227662229641525,27.8,1.9554405984687382,31.483333333333334,1.9143505188704024,40.041666666666664,2.4032452297783617,43.083333333333336,2.280588701624889,55.583333333333336,2.734050169218579,59.583333333333336,2.642296761963708,14.333333333333334,1.3355476504415682,20.166666666666668,1.4964597497588696,106.0,2.8980124531512237,110.0,2.83612425554206,36.666666666666664,2.3347994641426997,39.5,2.212062946103424,36.833333333333336,2.296322169425233,39.56666666666667,2.1760123607970923,37.25,2.2120407771562114,40.166666666666664,2.1123662365521665,38.833333333333336,2.1583051723828586,41.5,2.0534344835340694,36.0,2.3746828033766243,39.333333333333336,2.264191240479429,51.833333333333336,2.065865967904944,55.0,2.0109710860162306,C_p25,16.8397,2.2120346561993385,E1,2.1378053053201658,2.5237979298918627,0.0,0.5344513263300414,2.4941061895401937,5.582047186113766,4.0,2,6,False,"gingiva_multi_component,region_zero"
high/IMG_2550_jpeg,IMG_2550_jpeg,dev,6.941833333333332,6.725,8.731,6.508,5.966,7.376,6.345,E3,True,2698,1799,False,False,43.791666666666664,3.2697743796166,51.46666666666667,3.292064787888292,48.56666666666666,3.31701730737845,56.1,3.330137713985994,54.791666666666664,3.2162727339931148,61.791666666666664,3.209644699086815,62.916666666666664,3.046575486172184,69.75,3.046309014306719,35.833333333333336,3.2881684074535724,46.333333333333336,3.4005049161868257,115.33333333333333,3.314218294610682,122.66666666666667,3.3149076351613878,45.708333333333336,3.516355400744934,53.25833333333333,3.477637059685375,49.199999999999996,3.4607078217504283,56.53333333333333,3.4375208893638987,55.291666666666664,3.3185290529821914,62.333333333333336,3.299575142776435,64.83333333333333,3.189042026464849,72.0,3.1929292340372637,41.0,3.820287465216579,50.666666666666664,3.7597005283198044,115.5,3.1577399843298712,123.0,3.171302576651576,52.949999999999996,3.3716626807187984,59.833333333333336,3.350762015405609,53.23333333333333,3.3187570177123047,60.06666666666666,3.3034324129371186,54.166666666666664,3.2166141054844237,61.333333333333336,3.2255218881792422,57.0,3.167984416115612,63.666666666666664,3.1502488863856,52.5,3.4630790882575773,59.5,3.4250689527591365,69.16666666666667,2.75670217582171,75.83333333333333,2.7727025579920754,C_p25,16.8397,3.2166052047641385,E1-E2,2.2565722667268417,4.6319114948603595,3.3254749193869246,2.850407073760221,3.8599262457169665,2.3753392281335177,7.0,1,6,False,
high/IMG_6806_jpg,IMG_6806_jpg,dev,3.1515000000000004,2.636,3.545,3.091,3.455,3.364,2.818,E1-E2,True,2698,1799,False,False,50.775,3.791196059943662,56.725,3.628414023827008,54.51666666666667,3.7233917681657216,60.51666666666667,3.5923143313972505,63.0,3.6981021853974068,68.16666666666667,3.5407813403277344,71.41666666666667,3.458165816754387,76.91666666666667,3.3593108963023917,41.666666666666664,3.823451636573921,50.333333333333336,3.694073685929573,97.5,2.801759685472903,103.16666666666667,2.7879454159849173,51.300000000000004,3.946523946579,57.300000000000004,3.741547867688412,55.63333333333333,3.913225849933242,61.46666666666667,3.7374932311244278,63.125,3.788674841950279,68.54166666666667,3.628209298039596,70.66666666666667,3.475973828331867,76.0,3.3703141914837786,41.666666666666664,3.882405960585954,50.333333333333336,3.734965656422964,104.33333333333333,2.8524462196111102,110.5,2.8490157294308878,61.5,3.9160954648575284,67.0,3.7521067693399854,61.833333333333336,3.8549118771799162,67.33333333333333,3.703070740362364,62.5,3.7114778140204887,68.16666666666667,3.5848870985470382,63.666666666666664,3.5385089092285487,69.33333333333333,3.4306375307235855,61.166666666666664,4.034761985366765,66.83333333333333,3.8472063026790297,75.16666666666667,2.9958377862544365,80.66666666666667,2.949424259490472,C_p25,16.8397,3.7114675439586216,E1-E2,3.5036253614969386,3.8599262457169665,3.5630088422002766,3.5036253614969386,3.919309726420304,3.919309726420304,6.0,1,6,False,
high/IMG_6946_jpg,IMG_6946_jpg,dev,1.6333333333333335,0.8,1.4,0.7,1.9,2.7,2.3,E1,True,2699,1799,False,False,27.34166666666667,2.041508989442829,34.675000000000004,2.2179860075134687,31.349999999999998,2.141149469862342,38.03333333333333,2.257686946915044,37.125,2.179238787823472,44.333333333333336,2.3028064462767173,49.333333333333336,2.388837997104547,56.083333333333336,2.4494217044545064,19.0,1.7434939462777082,28.333333333333332,2.0794454523444617,95.66666666666667,2.7490770247204215,102.33333333333333,2.7654256630286573,26.2,2.0155736335354733,33.35,2.1776722755219637,28.48333333333333,2.0035059848819383,35.4,2.152504236146498,35.666666666666664,2.1406638050887383,42.166666666666664,2.2320655377605294,46.75,2.2995534406770957,53.0,2.350350686166319,16.666666666666668,1.5529623842343818,25.833333333333332,1.9169525720051634,98.66666666666667,2.697521025574724,105.16666666666667,2.7115066746167273,31.166666666666668,1.9845795445212948,38.0,2.1280605557450665,31.666666666666668,1.9742136298225985,38.5,2.1173498540190745,32.333333333333336,1.9200711891199331,39.333333333333336,2.0685412108975574,34.0,1.889674914875979,41.333333333333336,2.045187758700599,30.833333333333332,2.033871845484609,37.833333333333336,2.177844964359451,46.666666666666664,1.8599436366989845,53.833333333333336,1.9683141235855834,C_p25,16.8397,1.9200658760745937,E1,1.2470530947700968,1.7221209403968003,0.9501356912534071,1.959654863210152,3.266091438683587,2.3753392281335177,7.0,1,6,False,
high/IMG_2749-_jpg,IMG_2749-_jpg,dev,1.8608333333333331,1.939,2.031,1.801,2.078,1.1,2.216,E1,False,2693,1795,False,False,29.933333333333334,2.2350198994448767,36.05833333333333,2.3064709095195335,33.516666666666666,2.2891289653871185,40.35,2.3952060028401934,38.458333333333336,2.2575055007419356,46.125,2.395870992507825,47.75,2.3121692100353135,55.416666666666664,2.420305250315374,23.5,2.1564267230276917,31.333333333333332,2.2996220296515224,79.66666666666667,2.2893010763351245,87.0,2.351062208633484,30.066666666666666,2.3130374267798945,36.1,2.3572404541632053,33.0,2.3212064658082143,40.15,2.4413289570983583,37.666666666666664,2.2607010278039947,45.5,2.4085134063581997,46.75,2.2995534406770957,54.666666666666664,2.424261085102367,23.5,2.1896769617704783,31.333333333333332,2.325077958303037,84.5,2.310208040483759,92.0,2.3720311955442686,35.666666666666664,2.271123115120626,43.5,2.4360693203923787,36.233333333333334,2.2589160164391204,43.666666666666664,2.4014963712250976,36.833333333333336,2.187297591729408,44.5,2.3402563699561347,38.333333333333336,2.1305158353993883,46.0,2.2760960540377635,35.666666666666664,2.3526949996416553,43.0,2.4752599154393757,47.666666666666664,1.8997995717711058,55.166666666666664,2.0170649377920373,C_p25,16.8397,2.1872915392396144,E1,2.3159557474301797,2.2565722667268417,2.4941061895401937,2.3159557474301797,1.1876696140667589,2.5534896702435317,7.0,1,6,False,frame_uncertain
high/IMG_2616_jpg,IMG_2616_jpg,dev,4.4515,5.458,6.042,3.125,2.834,4.25,5.0,E2-E3,True,2699,1799,False,False,68.83333333333333,5.1395502142023055,81.16666666666667,5.191824973126937,75.16666666666667,5.133750190898014,87.0,5.164384690138707,89.0,5.224303087307447,100.66666666666667,5.228928923124576,112.0,5.423307885318431,122.91666666666667,5.368346231902522,54.333333333333336,4.985780934092394,68.66666666666667,5.039597213917166,163.66666666666666,4.703124805357933,174.33333333333334,4.711132318449472,70.375,5.413969254200723,82.35833333333333,5.377794877307238,77.21666666666667,5.431388664691645,88.98333333333333,5.410649772498188,91.20833333333333,5.474197510910337,102.54166666666667,5.427977557735834,110.16666666666667,5.41891202954567,121.58333333333333,5.391763602384684,57.166666666666664,5.326660977923929,72.0,5.3427323297176175,173.5,4.743444911525824,185.33333333333334,4.778439654792077,95.5,6.0810913316080315,107.16666666666667,6.001504111158235,95.73333333333333,5.968359520895266,107.46666666666665,5.910247557885278,96.58333333333333,5.735470381932995,108.25,5.692870832533744,98.5,5.474499385743645,110.33333333333333,5.459331839757244,95.0,6.2665240644660924,106.83333333333333,6.149773665878449,117.16666666666667,4.6697870592835224,128.5,4.698359719147011,C_p25,16.8397,5.735454511264056,E2-E3,7.244784645807229,7.333859866862236,3.6817758036069526,3.5630088422002766,5.403896744003752,7.185401165103891,11.0,1,6,False,
high/gummy21_JPG,gummy21_JPG,dev,1.3525,0.0,2.328,1.463,1.929,2.395,0.0,E1,True,2698,1799,True,False,23.866666666666664,1.782042592430436,26.53333333333333,1.6972043854657255,25.566666666666666,1.746158047192362,28.400000000000002,1.6858451172406814,27.833333333333332,1.6338176321729283,30.333333333333332,1.5756044106103853,36.333333333333336,1.7593469032729436,39.583333333333336,1.7287894645109816,21.0,1.9270196248332563,24.833333333333332,1.8225727788195576,67.66666666666667,1.9444691150461517,71.16666666666667,1.9231869024645551,22.05,1.696312924406763,25.108333333333334,1.6395118855941222,22.933333333333334,1.6131212610869208,25.666666666666668,1.5606669132135627,25.625,1.5379769160392223,28.375,1.5020124814376685,33.916666666666664,1.6683034765696576,36.916666666666664,1.637115336433458,20.833333333333332,1.941202980292977,24.5,1.8180130844178002,68.66666666666667,1.8773288218526798,72.0,1.8563722399911666,23.866666666666664,1.5197421966601572,26.53333333333333,1.4859089494500637,25.566666666666666,1.5939177411304557,28.400000000000002,1.56188924296472,27.833333333333332,1.6528447865104576,30.333333333333332,1.5952309338277773,36.333333333333336,2.019358487465507,39.583333333333336,1.9585971479491626,21.0,1.385231635303031,24.833333333333332,1.4295105713196394,67.66666666666667,2.696918273213528,71.16666666666667,2.6020747082694866,C_p25,16.8397,1.6528402129095727,E1,0.0,2.4941061895401937,1.4845870175834486,2.0784218246168282,2.0784218246168282,1.7815044211001383,3.0,2,0,True,"gingiva_multi_component,region_zero,zenith_detection_failed"
high/IMG_3172_jpg,IMG_3172_jpg,holdout,2.1811666666666665,1.304,3.261,2.174,1.696,2.391,2.261,E1,True,2698,1799,False,False,35.983333333333334,2.6867527633081787,46.333333333333336,2.9637111756248227,37.550000000000004,2.564598487825549,47.76666666666667,2.835464850945888,47.458333333333336,2.785805812941565,57.916666666666664,3.008365564214884,63.333333333333336,3.066751482769351,73.83333333333333,3.224647295908904,26.666666666666668,2.4470090474073096,40.166666666666664,2.9479197295000894,129.0,3.7069435838564564,139.33333333333334,3.7653026942865764,35.63333333333333,2.741282715330052,46.14166666666667,3.012936379201678,37.93333333333333,2.6682151091815633,48.300000000000004,2.9368913730473407,46.541666666666664,2.793366203602945,56.458333333333336,2.9885857743730413,62.583333333333336,3.078368331459,73.16666666666667,3.2446665132924974,26.5,2.469210190932667,40.166666666666664,2.9805520635693186,131.0,3.5815059562529274,141.83333333333334,3.6568814264640808,41.61666666666667,2.649997391801964,52.166666666666664,2.921416464685113,41.96666666666667,2.616352589417528,52.53333333333333,2.8891284588173693,42.833333333333336,2.5435994618753752,53.333333333333336,2.804801641894993,44.833333333333336,2.4917772161845018,55.0,2.721419195045152,41.333333333333336,2.7264876631361243,52.0,2.9933375721592452,72.83333333333333,2.9028406044194868,83.0,3.0347381843517662,C_p25,16.8397,2.543592423459642,E1,1.5439704982867866,3.6817758036069526,2.731640112353545,1.6924292000451313,2.791023593056883,2.820715333408552,10.0,1,6,False,
high/IMG_6942_jpg,IMG_6942_jpg,dev,4.1033333333333335,3.905,4.524,2.81,3.619,5.952,3.81,E2-E3,True,2698,1799,False,False,55.474999999999994,4.142129028564739,67.55000000000001,4.320835034103384,60.75,4.149117393752386,72.08333333333333,4.278920265296917,72.625,4.263090019277566,83.58333333333333,4.341569296269825,86.0,4.164325697655224,96.5,4.2146067366394036,46.5,4.2669720264164965,60.166666666666664,4.415763578213827,133.83333333333334,3.8458342349311816,144.0,3.891413310841629,54.333333333333336,4.179879163693157,66.08333333333333,4.315077747348619,57.666666666666664,4.05624968267496,69.0,4.195559104353343,65.83333333333333,3.951225247710522,77.08333333333333,4.080356961321126,81.5,4.008847174656327,92.41666666666667,4.098331621003849,46.0,4.286176180486893,59.5,4.415174633586086,141.5,3.8685732275556433,151.33333333333334,3.901819430351804,75.83333333333333,4.828789800840584,86.61666666666667,4.850671363248733,76.06666666666666,4.742268950794915,86.83333333333333,4.7754946923979995,76.66666666666667,4.5527461185318,87.58333333333333,4.606010196299434,78.66666666666667,4.372189018732658,89.66666666666667,4.436737960406945,75.66666666666667,4.991231447837905,86.16666666666667,4.9601138615587494,96.33333333333333,3.8394550786143324,107.5,3.9305343953953598,C_p25,16.8397,4.552733520589243,E2-E3,4.3943775720470075,4.928828898377049,2.731640112353545,3.5630088422002766,6.829100280883863,4.869445417673711,11.0,1,6,False,
high/IMG_2522-_jpg,IMG_2522-_jpg,dev,6.7106666666666674,6.625,7.596,5.711,5.654,7.311,7.367,E3,True,2698,1799,False,False,94.13333333333333,7.028614917630659,103.41666666666667,6.615045987320872,103.23333333333335,7.0506538098497336,111.56666666666668,6.6226802903809405,115.625,6.787191510898018,122.83333333333333,6.380332146262934,124.5,6.0285877832334345,131.91666666666666,5.761418362780807,75.33333333333333,6.91280055892565,91.0,6.678689511647506,162.16666666666666,4.660020810196811,169.0,4.567005899529412,91.85000000000001,7.066047261077605,101.64166666666667,6.636948711779458,99.14999999999999,6.9741703359055895,108.18333333333334,6.578109697187815,114.08333333333333,6.847123245716082,121.33333333333333,6.422702416955199,129.0,6.34529184700204,135.66666666666666,6.016306473394288,77.66666666666667,7.236804710532219,93.5,6.93813156706385,165.66666666666666,4.52928361388729,172.0,4.434667017756675,113.78333333333335,7.245307246228279,120.78333333333335,6.764059143633552,114.33333333333333,7.12795026346475,121.06666666666666,6.658194519305003,115.0,6.8291191777977,121.66666666666667,6.3984537455729535,116.5,6.474915517148575,123.5,6.110823101601387,113.66666666666667,7.497841073624342,120.33333333333333,6.926890150958253,131.33333333333334,5.234412806138572,138.16666666666666,5.051803122143803,C_p25,16.8397,6.829100280883863,E3,7.601085530027257,7.957386414247284,5.582047186113766,5.522663705410428,7.244784645807229,7.066634203697215,7.0,1,6,False,
high/IMG_3827-_jpg,IMG_3827-_jpg,dev,2.177,1.827,2.101,1.964,2.192,2.923,2.055,E1,True,2698,1799,False,False,35.675000000000004,2.6637305650121155,43.94166666666666,2.810728242638433,38.06666666666667,2.5998859059891495,46.166666666666664,2.740487661242187,42.166666666666664,2.4751847960464124,50.041666666666664,2.5993144191525723,53.583333333333336,2.5946331623956485,61.166666666666664,2.67143466726539,26.0,2.385833821222127,36.666666666666664,2.6910470559751856,103.66666666666667,2.9789649989130695,111.5,3.013142945547511,34.49166666666667,2.653453966031592,43.225,2.8224852806427854,37.1,2.609598784287417,45.1,2.742314718932403,42.0,2.5207816770203837,49.583333333333336,2.624662045390346,51.75,2.545494985134539,59.416666666666664,2.634905722070103,26.333333333333332,2.453680567090323,36.666666666666664,2.72083590865249,109.66666666666667,2.998258166939474,117.33333333333333,3.0251992059115307,37.733333333333334,2.402720903099578,45.449999999999996,2.5452724278582437,38.63333333333333,2.40854062838357,46.13333333333333,2.537153418149263,39.583333333333336,2.35060261554631,47.166666666666664,2.4804964520508843,41.5,2.3065149696280334,49.0,2.4245371010402264,37.166666666666664,2.4516401164490147,45.0,2.590388283599347,55.5,2.212004396502721,63.166666666666664,2.3095698230307615,C_p25,16.8397,2.3505961111737936,E1,2.3753392281335177,2.3456474877818487,1.959654863210152,2.1378053053201658,2.850407073760221,2.4347227088368557,8.0,1,6,False,
high/IMG_2918_jpg,IMG_2918_jpg,dev,1.2068333333333332,0.0,1.574,1.22,1.771,2.676,0.0,E1,True,2699,1799,True,False,31.3,2.3370642378382396,35.333333333333336,2.260096292203102,32.03333333333333,2.187819926143233,36.0,2.136986768333258,34.166666666666664,2.0055845185356307,38.0,1.9738340968086148,46.333333333333336,2.2435708216049464,51.5,2.249246082247972,26.5,2.431715240861014,32.166666666666664,2.3607821900145947,105.83333333333333,3.0412263252569116,111.5,3.013142945547511,26.766666666666666,2.059167465304052,30.933333333333334,2.019869936716024,27.3,1.9202708035322502,31.350000000000005,1.9062431582822803,30.041666666666668,1.8030591162020801,34.166666666666664,1.8085906531261207,37.75,1.8568586606536976,42.916666666666664,1.90319277260323,21.833333333333332,2.03438072334704,27.833333333333332,2.0653618033862085,108.0,2.95269193339936,113.16666666666667,2.9177702568379678,31.3,1.9930697243909048,35.333333333333336,1.9787229728857636,32.03333333333333,1.9970729455363336,36.0,1.9798596037580958,34.166666666666664,2.0289412049978672,38.0,1.9984211698501826,46.333333333333336,2.5751452271349127,51.5,2.5482379735422787,26.5,1.7480303969300153,32.166666666666664,1.851647921239533,105.83333333333333,4.218086461799483,111.5,4.076786838014722,C_p25,16.8397,2.0289355906973796,E1,2.1378053053201658,1.7815044211001383,2.2565722667268417,2.0190383439134902,3.978693207123642,0.0,5.0,2,0,True,"gingiva_multi_component,region_zero,zenith_detection_failed"
high/IMG_8607_jpg,IMG_8607_jpg,dev,5.020833333333333,3.75,6.875,4.875,5.25,6.125,3.25,E2-E3,False,2588,1726,False,False,61.458333333333336,4.588884119823487,70.625,4.517527376514455,67.71666666666667,4.624928387055128,75.88333333333334,4.504491090843206,77.08333333333333,4.524794340598679,85.41666666666667,4.436798134273751,89.16666666666667,4.317663271793692,97.08333333333333,4.240083634011144,53.833333333333336,4.939899514453507,64.66666666666667,4.746028444174419,136.16666666666666,3.9128848940707037,144.33333333333334,3.900421212024133,57.78333333333333,4.445288668872447,66.85833333333333,4.365683324965696,61.88333333333333,4.352848286639343,70.55,4.289807171190266,72.875,4.3738563026871535,81.20833333333333,4.298711198710743,88.25,4.340868259673876,96.41666666666667,4.275716578450364,51.666666666666664,4.8141833911265834,62.333333333333336,4.625421044709234,144.66666666666666,3.9551490712818587,152.66666666666666,3.9361966940553437,78.26666666666667,4.9837355834609625,86.43333333333334,4.840404404427155,78.53333333333333,4.896049801960044,86.73333333333333,4.7699950823875605,79.66666666666667,4.730897053604783,87.83333333333333,4.619157703995817,81.66666666666667,4.53892504063348,89.5,4.428491235573475,77.83333333333333,5.1341521721152015,86.16666666666667,4.9601138615587494,94.33333333333333,3.7597432084700904,102.66666666666667,3.753812693896964,C_p25,16.8397,4.730883962699257,E2-E3,3.978693207123642,5.878964589630456,4.216227129936994,4.6912949755636975,5.76019762822378,3.8599262457169665,8.0,1,6,False,frame_uncertain
high/IMG_6773_jpg,IMG_6773_jpg,dev,0.6106666666666666,0.733,2.094,0.837,0.0,0.0,0.0,E1,True,2698,1799,True,False,16.716666666666665,1.2481764805919884,18.333333333333332,1.1726914723695339,18.0,1.2293681166673736,18.883333333333333,1.1209287076488803,22.5,1.320750780499074,23.666666666666668,1.2293177269597513,29.25,1.4163549611211081,31.0,1.3539151174696529,13.666666666666666,1.254092136796246,16.5,1.2109711751888335,52.166666666666664,1.499061165047895,54.0,1.4592799915656107,16.566666666666666,1.2744784934696314,20.133333333333333,1.31465672605224,18.0,1.2661126177135715,21.099999999999998,1.28298981307037,21.458333333333332,1.2878993687157714,25.333333333333332,1.3410038013422942,32.0,1.5740258845276376,34.5,1.529945257976189,14.833333333333334,1.3821365219685997,19.166666666666668,1.4222551340683471,56.333333333333336,1.5401386936558392,58.333333333333336,1.5040052870298803,17.833333333333332,1.135561557560313,19.591666666666665,1.097164554069441,18.0,1.1221845895833717,19.833333333333332,1.0907559854037656,19.0,1.1282892554622286,20.333333333333332,1.069330625972466,20.333333333333332,1.130099703994458,21.75,1.0761975907678556,17.166666666666668,1.1323718923508903,19.333333333333332,1.1129075588797193,26.333333333333332,1.0495396235658556,27.666666666666668,1.011579394783922,C_p25,16.8397,1.1282861333634209,E1,1.5439704982867866,2.3753392281335177,1.4845870175834486,1.0095191719567451,0.0,0.35630088422002765,2.0,2,6,False,"gingiva_multi_component,region_zero"
high/IMG_8552_jpg,IMG_8552_jpg,dev,1.6491666666666667,0.0,0.579,0.947,2.474,3.316,2.579,E1,True,2699,1799,True,False,29.36666666666667,2.1927088323061654,35.86666666666667,2.2942109532174886,32.18333333333333,2.1980646604487943,38.333333333333336,2.275495169984488,37.875,2.2232638138401075,46.041666666666664,2.391542408962192,58.666666666666664,2.840780320881083,65.41666666666667,2.857052062402359,23.166666666666668,2.1258391099351,30.166666666666668,2.213997805143221,105.0,3.017279661278511,112.16666666666667,3.031158747912519,22.2,1.7078524681102103,29.099999999999998,1.9001578176218634,25.566666666666666,1.7983488477524248,32.233333333333334,1.959954422178591,32.708333333333336,1.9631087464890886,38.333333333333336,2.0291504888732086,50.25,2.471712521797306,56.833333333333336,2.520344603719229,13.833333333333334,1.288958778914537,22.166666666666668,1.6448689811399146,105.0,2.870672713027156,112.0,2.8876901510973703,30.833333333333332,1.9633540948472703,37.166666666666664,2.0813925611015343,31.3,1.9513543141088632,37.56666666666667,2.0660201605883093,32.166666666666664,1.9101739149492114,38.416666666666664,2.020333682677487,34.5,1.9174642518594494,43.0,2.1276550070353006,30.666666666666668,2.0228779436171247,36.833333333333336,2.1202807802794656,55.333333333333336,2.205361740657368,62.166666666666664,2.273006712375921,C_p25,16.8397,1.9101686292907036,E1,0.0,1.0095191719567451,1.2470530947700968,2.6722566316502077,3.5630088422002766,2.969174035166897,7.0,2,6,False,gingiva_multi_component
high/IMG_8587_jpg,IMG_8587_jpg,dev,2.5841666666666665,3.101,3.659,1.985,1.054,2.729,2.977,E1,True,2698,1799,False,False,32.46666666666666,2.4241752584179395,40.975,2.6209654407459086,37.13333333333333,2.5361408925323223,44.98333333333333,2.670244114690492,44.125,2.590139030645406,51.291666666666664,2.6642431723370663,56.833333333333336,2.7520059358535494,63.833333333333336,2.78790048382192,25.166666666666668,2.3093647884906487,36.0,2.6421189276847277,108.83333333333333,3.127434315579155,116.0,3.134749611511312,31.0,2.384839032045789,39.43333333333334,2.5748988525162253,34.96666666666667,2.459540992558401,42.93333333333334,2.610570109375414,42.333333333333336,2.54078788080626,49.666666666666664,2.629073242105288,56.333333333333336,2.7709414008871955,63.166666666666664,2.8012041196762105,24.0,2.2362658332975096,34.666666666666664,2.5724266772714453,116.0,3.1714098543919054,123.33333333333333,3.179896892577461,40.166666666666664,2.5576666857199575,47.333333333333336,2.650742095752627,40.5,2.5249153265625863,47.73333333333333,2.6251471783162894,41.0,2.4347294459974407,48.166666666666664,2.5330864828364157,43.0,2.389882980578444,50.166666666666664,2.4822641748745173,40.0,2.638536448196249,47.0,2.705516651759318,66.5,2.6504196822960533,73.33333333333333,2.681294781354974,C_p25,16.8397,2.4347227088368557,E1,2.969174035166897,3.4442418807936006,2.0190383439134902,1.0095191719567451,2.5534896702435317,2.6128731509468697,7.0,1,6,False,
high/IMG_6905_jpg,IMG_6905_jpg,dev,0.6805,0.0,0.0,0.419,0.837,1.361,1.466,E1,True,2698,1799,True,False,12.441666666666668,0.9289768123249447,16.183333333333334,1.0351667451552886,14.683333333333332,1.0028456581332925,18.03333333333333,1.0704720756187893,19.0,1.1153006590881067,21.75,1.129760305410194,34.333333333333336,1.662502119606543,37.25,1.6268818750240184,8.666666666666666,0.7952779404073755,12.166666666666666,0.892938341300857,80.66666666666667,2.3180370731092053,83.33333333333333,2.2519752956259427,13.966666666666669,1.0744597359432106,17.416666666666668,1.1372651313945288,17.2,1.2098409458151904,20.366666666666664,1.2383993298356968,21.708333333333332,1.3029040215551784,25.125,1.32997580955494,34.416666666666664,1.6928976310154018,37.5,1.662983976061075,8.833333333333334,0.8230700636442223,13.5,1.001762311822053,82.16666666666667,2.2464153135275997,85.0,2.1915505611006827,15.333333333333334,0.976370685005129,18.616666666666667,1.0425630003365085,15.333333333333334,0.9559350207562056,18.833333333333332,1.0357598852993741,15.916666666666666,0.9451896833038845,19.0,0.9992105849250913,17.833333333333332,0.9911530190771065,21.0,1.0390873290172398,14.666666666666666,0.9674633643386247,16.833333333333332,0.9689970986797556,36.333333333333336,1.4480989742870667,39.5,1.444242870866202,C_p25,16.8397,0.9451870678614622,E1,0.23753392281335178,0.0,0.47506784562670357,1.0095191719567451,1.6033539789901246,2.3456474877818487,3.0,3,6,False,"gingiva_multi_component,region_zero"
high/IMG_2641_jpg,IMG_2641_jpg,dev,3.7716666666666665,3.89,5.741,2.562,2.704,2.609,5.124,E1-E2,True,2699,1799,False,False,54.48333333333334,4.068084661071995,65.51666666666667,4.190772888986035,60.53333333333334,4.1343194441999085,70.55,4.187900458497538,67.375,3.9549148371611156,77.5,4.025582697438622,85.66666666666667,4.14818490037749,96.16666666666667,4.200048509569838,40.666666666666664,3.731688797296147,55.166666666666664,4.048802616035393,151.5,4.3535035112732805,161.16666666666666,4.355320221740572,55.583333333333336,4.276042027888552,66.58333333333333,4.347726507101571,60.38333333333333,4.247338901829879,70.64999999999999,4.295887691631358,68.16666666666667,4.091268674211655,77.79166666666667,4.117852133398132,86.41666666666667,4.250689693372814,96.33333333333333,4.272021058503561,43.666666666666664,4.06876144669408,58.0,4.303867710050302,153.16666666666666,4.187536862336438,163.16666666666666,4.206917645720722,54.48333333333334,3.4692997492193123,65.51666666666667,3.669037738874498,60.53333333333334,3.7738652123766725,70.55,3.8799748623648234,67.375,4.000973083514087,77.5,4.075727385878662,85.66666666666667,4.761239736501241,96.16666666666667,4.758360228912281,40.666666666666664,2.682512055666187,55.166666666666664,3.1756241550791993,151.5,6.038174163426347,161.16666666666666,5.892754667205136,C_p25,16.8397,4.000962012387394,E2-E3,4.4537610527503455,6.428261786136332,3.087940996573573,3.6223923229036146,3.206707957980249,3.206707957980249,10.0,1,0,True,zenith_detection_failed
high/IMG_8611_jpg,IMG_8611_jpg,holdout,2.4928333333333335,1.6,1.612,2.543,2.295,4.302,2.605,E1,True,2699,1799,False,False,29.441666666666666,2.1983088264862887,36.29166666666667,2.321396073713328,34.35,2.346044155973571,40.25000000000001,2.3892699284837127,42.25,2.4800764656038163,48.083333333333336,2.4975927058301988,51.5,2.4937531794098144,57.083333333333336,2.493096385663205,23.333333333333332,2.141132916481396,32.0,2.3485501579419803,89.83333333333333,2.5814503768716146,95.33333333333333,2.5762597381960783,32.59166666666667,2.507286412454592,39.233333333333334,2.561839348615044,35.833333333333336,2.520501970448314,41.46666666666667,2.5213891429060675,41.583333333333336,2.4957739222880386,47.416666666666664,2.50997093080186,52.083333333333336,2.5618910880983687,57.916666666666664,2.56838636302766,26.666666666666668,2.484739814775011,35.166666666666664,2.6095289851167065,97.83333333333333,2.674737908804667,104.0,2.6814265688761294,42.666666666666664,2.7168575582751413,48.56666666666666,2.719810727825054,42.833333333333336,2.670383699286357,48.96666666666667,2.692975701778373,43.75,2.5980344698143423,49.666666666666664,2.611971529014712,45.166666666666664,2.5103034408401483,51.166666666666664,2.5317445238753384,42.333333333333336,2.792451074341031,48.166666666666664,2.7726748665193006,52.666666666666664,2.0990792471317112,58.5,2.1389419733081727,C_p25,16.8397,2.598027280771035,E1,3.4442418807936006,1.9299631228584833,2.4347227088368557,1.7815044211001383,3.3848584000902626,2.6128731509468697,6.0,1,6,False,
high/IMG_6791_jpg,IMG_6791_jpg,dev,2.2581666666666664,2.176,1.879,0.989,1.78,2.868,3.857,E1,True,2696,1798,False,False,36.21666666666667,2.7041749674241187,42.94166666666666,2.746763253236458,38.88333333333333,2.6556627927638723,44.98333333333334,2.670244114690493,44.041666666666664,2.585247361088002,49.875,2.5906572520613067,52.333333333333336,2.534105172604148,58.333333333333336,2.5476897371740783,24.166666666666668,2.2176019492128742,35.833333333333336,2.6298868956121133,86.83333333333333,2.495242386549372,92.5,2.4996925781447965,35.56666666666667,2.7361540292396316,42.56666666666667,2.779497746968064,37.86666666666667,2.6635258031900317,44.85,2.727113417829673,44.5,2.670828205414454,50.75,2.6864187993995308,53.5,2.6315745256946443,60.083333333333336,2.6644698816445223,24.166666666666668,2.2517954571398535,35.833333333333336,2.6589987289103885,90.5,2.4742464812281675,96.0,2.4751629866548885,41.666666666666664,2.6531812092530678,47.4,2.654475535324109,41.800000000000004,2.60596199136583,47.5,2.6123147549585983,42.5,2.5238049135339327,48.166666666666664,2.5330864828364157,43.833333333333336,2.436198542217561,50.0,2.4740174500410475,41.166666666666664,2.7154937612686396,47.166666666666664,2.7151106824393154,56.0,2.231932364038782,62.0,2.2669128606001143,C_p25,16.8397,2.5237979298918627,E1,2.1378053053201658,2.1378053053201658,1.2470530947700968,2.2565722667268417,3.087940996573573,4.2756106106403315,6.0,1,6,False,
high/IMG_7322_jpg,IMG_7322_jpg,holdout,1.3955000000000002,2.982,1.988,0.0,0.0,1.104,2.299,E1,True,2696,1798,True,False,7.383333333333334,0.5512883159543878,9.200000000000001,0.5884779024981662,14.766666666666667,1.008537177191938,18.05,1.0714614213448697,24.5,1.4381508498767692,27.166666666666668,1.4111182358763343,28.5,1.3800381672462079,30.916666666666668,1.3502755607022614,1.0,0.09176283927777411,3.1666666666666665,0.2324086093796751,66.83333333333333,1.9205224510677505,70.66666666666667,1.9096750506907996,21.291666666666668,1.6379741201282236,24.766666666666666,1.6172018997629376,23.53333333333333,1.6553250150107064,26.55,1.6143781771098735,29.541666666666668,1.773049810523266,32.708333333333336,1.7313947106146401,38.333333333333336,1.8855518408403995,43.166666666666664,1.9142793324436371,16.5,1.537432760392038,20.0,1.4840923138104491,76.66666666666667,2.0960467428452247,80.5,2.0755272961012348,24.0,1.5282323765297672,26.5,1.4840422296643225,24.400000000000002,1.5211835547685708,26.666666666666668,1.4665626694504414,24.666666666666668,1.464796577266753,27.0,1.4199308312093402,25.833333333333332,1.4357824108126311,28.333333333333332,1.4019432216899268,24.0,1.5831218689177495,26.333333333333332,1.5158568474396177,33.166666666666664,1.3218885132253497,35.666666666666664,1.3040842800226464,C_p25,16.8397,1.4647925240156694,E1,3.087940996573573,1.959654863210152,0.0,0.0,1.1876696140667589,2.5534896702435317,4.0,3,6,False,"gingiva_multi_component,region_zero"
high/IMG_6900_jpg,IMG_6900_jpg,dev,1.204,0.0,2.159,0.498,1.412,2.408,0.747,E1,True,2698,1799,True,True,17.0,1.2693320141613442,21.166666666666668,1.3539256090084621,18.46666666666667,1.261240623395787,22.483333333333334,1.334627384482206,34.458333333333336,2.0227053619865445,40.541666666666664,2.1058558949504187,46.833333333333336,2.2677820175215464,52.416666666666664,2.2892812066892785,13.5,1.2387983302499506,19.166666666666668,1.4066836883506653,91.16666666666667,2.6197650392370564,97.16666666666667,2.625803194699849,18.76666666666667,1.4437251344535265,25.533333333333335,1.6672633313841323,23.483333333333334,1.6518080355170577,29.150000000000002,1.7724717085782604,34.25,2.0556374389987653,40.625,2.150458398534107,48.0,2.3610388267914564,53.916666666666664,2.3910014055811453,12.166666666666666,1.1336625404910985,20.166666666666668,1.4964597497588696,97.0,2.6519547920346107,103.66666666666667,2.6728322529502444,27.666666666666668,1.7617123229440372,32.61666666666667,1.8265853103478487,27.900000000000002,1.7393861138542264,32.733333333333334,1.8002056767504167,28.583333333333332,1.6973825202787036,33.416666666666664,1.7573835287498314,30.333333333333332,1.6858864436638636,35.5,1.7565523895291435,27.333333333333332,1.802999906267437,32.333333333333336,1.861241951919531,50.833333333333336,2.0260100328328225,56.666666666666664,2.071909603774298,C_p25,16.8397,1.6973778234370762,E1,0.0,2.731640112353545,0.8016769894950623,1.6627374596934623,3.4442418807936006,1.5439704982867866,6.0,2,6,False,gingiva_multi_component
high/IMG_7323_jpg,IMG_7323_jpg,holdout,4.291666666666667,6.75,4.625,1.625,2.125,4.75,5.875,E2-E3,True,2698,1799,False,False,55.699999999999996,4.15892901110511,77.5,4.9572866786530305,64.58333333333333,4.410927270450067,78.33333333333333,4.649924912576997,69.0,4.050302393530493,81.25,4.220368956992104,83.41666666666667,4.0392345187527905,97.58333333333333,4.261920974615493,39.333333333333336,3.609338344925782,69.5,5.100757374280239,131.0,3.7644155774046184,143.5,3.877901459067873,54.26666666666666,4.1747504776027355,76.91666666666667,5.022467541995934,62.4,4.3891904080737145,79.3,4.821852709785799,71.25,4.276326059231008,85.91666666666667,4.547943813104952,86.08333333333333,4.234293590408983,100.08333333333333,4.438319456109668,39.333333333333336,3.664991226793141,69.66666666666667,5.169588226439732,134.0,3.663525176625132,146.33333333333334,3.7729046914635287,66.11666666666666,4.210067942842768,77.5,4.340123501848491,66.33333333333333,4.135458024575758,77.83333333333333,4.280529791458475,66.75,3.9638583053738823,78.08333333333333,4.106404903836888,68.16666666666667,3.788612942079782,79.5,3.9336877455652655,65.66666666666667,4.331597335788843,77.0,4.432442174158883,83.0,3.3080426109860515,95.16666666666667,3.4795893639856597,C_p25,16.8397,3.9638473369478078,E1-E2,6.205573733498815,4.0380766878269805,2.0190383439134902,1.959654863210152,4.3943775720470075,5.166362821190401,11.0,1,6,False,
high/IMG_7024_jpg,IMG_7024_jpg,dev,1.4993333333333334,0.871,1.064,2.128,1.838,2.515,0.58,E1,True,2697,1798,False,False,24.016666666666666,1.7932425807906833,30.0,1.9189496820592375,25.166666666666668,1.7188387557108649,31.2,1.852055199222157,28.666666666666668,1.6827343277469682,34.333333333333336,1.783376420800766,42.416666666666664,2.0539164535915786,48.416666666666664,2.1145824818544847,19.833333333333332,1.8199629790091865,26.166666666666668,1.9204290354004736,93.0,2.6724476999895383,98.5,2.6618347994298643,15.266666666666667,1.174469114706421,21.5,1.403896669376978,18.033333333333335,1.2684572707093376,23.950000000000003,1.4562846456414869,24.791666666666668,1.4879614065745321,31.0,1.6409651779583339,38.666666666666664,1.9019479438042288,44.666666666666664,1.9807986914860802,12.5,1.1647217881757863,18.666666666666668,1.385152826223086,91.16666666666667,2.492472974644213,96.5,2.4880544605437165,23.833333333333332,1.5176196516927547,29.833333333333332,1.6707142082384512,24.3,1.5149491959375518,30.233333333333334,1.662715426489438,25.416666666666668,1.5093343110349988,31.416666666666668,1.6522034671787695,27.833333333333332,1.5469397587465121,33.666666666666664,1.6658384163609719,23.666666666666668,1.561134065182781,29.5,1.698143430359572,46.833333333333336,1.8665862925443384,52.5,1.9195633093791291,C_p25,16.8397,1.5093301345431729,E1,0.979827431605076,1.5142787579351176,1.8408879018034763,1.4845870175834486,2.5534896702435317,0.6829100280883863,6.0,1,6,False,
high/IMG_8577_jpg,IMG_8577_jpg,holdout,1.9475,2.873,1.916,1.341,1.149,2.778,1.628,E1,True,2698,1799,False,False,31.51666666666667,2.3532419988030413,37.9,2.4242730983348366,34.166666666666664,2.333522814044551,40.166666666666664,2.384323199853311,37.5,2.2012513008317898,43.583333333333336,2.263849194366021,54.0,2.614809158992815,59.5,2.5986435319175594,25.5,2.33995240158324,33.333333333333336,2.446406414522896,107.33333333333333,3.0843303204180335,113.16666666666667,3.05818245146003,32.09166666666666,2.4688212667764335,38.425,2.5090571870144363,34.199999999999996,2.4056139736557856,40.333333333333336,2.452476577907027,38.458333333333336,2.308215761795451,44.125,2.335728660561661,53.083333333333336,2.6110793969898576,58.75,2.605341562495684,25.5,2.376032447878604,33.333333333333336,2.473487189684082,118.33333333333333,3.2352025813480645,124.16666666666667,3.201382682392174,39.449999999999996,2.5120319689208044,45.0,2.5200717107507367,39.733333333333334,2.477118575524776,45.46666666666667,2.5004893514130027,40.5,2.405037623485277,46.166666666666664,2.4279064212653534,42.0,2.3343043066115037,48.0,2.3750567520394053,39.0,2.572573036991343,45.0,2.590388283599347,52.333333333333336,2.0857939354410044,58.5,2.1389419733081727,C_p25,16.8397,2.4050309684851867,E1,3.6223923229036146,2.4347227088368557,1.7221209403968003,1.6627374596934623,3.087940996573573,1.9002713825068143,6.0,1,6,False,
high/IMG_7350_jpg,IMG_7350_jpg,holdout,1.0953333333333333,2.641,1.351,0.0,0.0,1.413,1.167,E1,True,2699,1799,True,False,10.633333333333333,0.7939547304264094,12.391666666666666,0.792632827006135,13.65,0.9322708218060916,14.983333333333334,0.8894218077461107,16.833333333333332,0.9881172505956033,18.333333333333332,0.9522883800392439,26.0,1.2589821876632072,29.25,1.2774844253544306,6.333333333333333,0.581164648759236,9.0,0.6605297319211819,58.833333333333336,1.6906344768751023,62.333333333333336,1.6844775211282053,13.75,1.057791506149342,15.916666666666666,1.0393188521356698,16.333333333333332,1.1488799679252777,18.5,1.1248962816019834,21.0,1.2603908385101918,22.666666666666668,1.1998455064641582,26.083333333333332,1.2829950569196629,28.166666666666668,1.2490857420192074,10.0,0.931777430540629,13.166666666666666,0.9770274399252123,62.833333333333336,1.7178470044622822,66.66666666666667,1.7188631851770062,10.633333333333333,0.6770918446013829,12.391666666666666,0.6939530803493231,13.65,0.8509899804340569,14.983333333333334,0.8240248998974667,16.833333333333332,0.9996246912428516,18.333333333333332,0.9641505644014038,26.0,1.4450455231404544,29.25,1.4473002082740127,6.333333333333333,0.4177682709644061,9.0,0.5180776567198694,58.833333333333336,2.3448575134097918,62.333333333333336,2.279100564151728,C_p25,16.8397,0.9996219251728553,E1,2.850407073760221,1.8408879018034763,0.0,0.0,0.0,1.3064365754734348,3.0,3,0,True,"gingiva_multi_component,region_zero,zenith_detection_failed"
high/IMG_8560_jpg,IMG_8560_jpg,dev,3.3569999999999998,3.571,5.143,2.857,3.0,3.857,1.714,E1-E2,True,2699,1799,False,False,38.71666666666667,2.8908414400949045,45.73333333333333,2.925332181983637,40.833333333333336,2.7888443387361717,48.199999999999996,2.861187839823973,44.5,2.6121515436537237,51.583333333333336,2.679393214746782,52.0,2.5179643753264145,58.833333333333336,2.569527077778427,29.0,2.6611223390554493,40.666666666666664,2.984615825717933,89.83333333333333,2.5814503768716146,96.33333333333333,2.6032834417435895,34.81666666666667,2.6784563107223947,42.5,2.775144579001003,37.13333333333333,2.6119434372831827,44.46666666666667,2.7038047561388217,43.708333333333336,2.623313471422999,50.583333333333336,2.677596405969647,51.25,2.520900830688795,58.166666666666664,2.5794729228680673,26.166666666666668,2.4381509432479795,38.166666666666664,2.8321428321882736,99.0,2.706634272282747,105.83333333333333,2.728695306468497,40.06666666666667,2.55129905081775,47.449999999999996,2.6572756150027206,40.4,2.5186809677315676,47.56666666666666,2.6159811616322246,41.833333333333336,2.4842158168510475,49.0,2.576911508491025,44.166666666666664,2.4547247668732077,51.166666666666664,2.5317445238753384,39.666666666666664,2.61654864446128,47.166666666666664,2.7151106824393154,58.166666666666664,2.3182868900283773,65.33333333333333,2.3887898961162497,C_p25,16.8397,2.4842089427563043,E1,2.4941061895401937,3.7411592843102905,2.4347227088368557,1.9002713825068143,2.909790554463559,1.4252035368801106,7.0,1,6,False,
high/IMG_2969_jpg,IMG_2969_jpg,holdout,1.5231666666666668,1.406,3.187,1.734,0.75,1.781,0.281,E1,True,2699,1799,False,False,27.208333333333332,2.0315534442337198,31.600000000000005,2.021293665102397,30.866666666666664,2.1081386593221993,34.699999999999996,2.059817801699001,36.625,2.149888770479048,40.166666666666664,2.086377268995071,47.333333333333336,2.291993213438147,50.333333333333336,2.1982922875044903,22.333333333333332,2.049370077203622,27.5,2.0182852919813894,79.0,2.2701437451524034,81.33333333333333,2.19792788853092,28.424999999999997,2.186743531803276,33.266666666666666,2.1722308155631382,31.0,2.180527286062262,35.26666666666667,2.144396875558376,34.833333333333336,2.0906482956240486,38.416666666666664,2.0335616855881504,44.333333333333336,2.1806816941893317,47.416666666666664,2.102750849730559,24.666666666666668,2.298384328666885,29.833333333333332,2.2137710347672535,80.5,2.2008490799874862,83.5,2.1528761394342,27.208333333333332,1.7325273296422534,31.600000000000005,1.7696503568827398,30.866666666666664,1.9243387591744483,34.699999999999996,1.9083646736223865,36.625,2.1749259990160064,40.166666666666664,2.1123662365521665,47.333333333333336,2.6307239011018533,50.333333333333336,2.4905108997079877,22.333333333333332,1.4731828502429059,27.5,1.5830150621996009,79.0,3.148618870697567,81.33333333333333,2.9737996665936985,C_p25,16.8397,2.174919980759752,E1,2.0784218246168282,3.6817758036069526,1.4845870175834486,1.6033539789901246,1.9448089930343178,2.2565722667268417,3.0,1,0,True,zenith_detection_failed
high/IMG_6868-_jpg,IMG_6868-_jpg,holdout,3.032,3.143,2.286,1.81,3.048,4.381,3.524,E1-E2,True,2697,1798,False,False,46.400000000000006,3.464529732769787,52.43333333333334,3.3538976109768677,50.300000000000004,3.435400903798272,56.300000000000004,3.3420098626989567,59.333333333333336,3.482868724871632,65.16666666666667,3.384952332684949,72.16666666666667,3.4944826106292872,78.66666666666667,3.435741588417614,38.0,3.4869878925554163,46.0,3.3760408520415965,123.83333333333333,3.5584742671903706,130.0,3.5130814611764705,43.708333333333336,3.3624948180323027,50.041666666666664,3.267596705274711,46.65,3.2813418675743393,52.81666666666666,3.2115282129699865,54.0,3.241005013311922,60.166666666666664,3.184884028187949,68.5,3.3693991590669743,74.5,3.3037948324413353,35.666666666666664,3.3233395022615766,43.666666666666664,3.2402682184861473,128.0,3.499486735880723,134.5,3.46780647609461,60.06666666666666,3.8248260312592226,66.5,3.724105972553866,60.56666666666666,3.775943331987012,66.89999999999999,3.6792390969837943,61.0,3.622402346483997,67.33333333333333,3.5410620728924287,62.5,3.4736671229337848,69.0,3.4141440810566452,59.833333333333336,3.94681077042689,66.16666666666667,3.80883017995904,78.0,3.108762935625446,84.66666666666667,3.095676702109834,C_p25,16.8397,3.6223923229036146,E1-E2,3.978693207123642,2.731640112353545,2.0784218246168282,3.3848584000902626,5.344513263300415,4.216227129936994,6.0,1,6,False,
high/IMG_2675_jpg,IMG_2675_jpg,dev,1.6561666666666668,0.965,1.59,1.42,1.76,2.101,2.101,E1,True,2698,1799,False,False,23.658333333333335,1.7664870530412042,27.7,1.7718302064346958,26.2,1.7894135920380658,29.716666666666665,1.764003429601018,29.833333333333332,1.7512177015506238,33.333333333333336,1.731433418253171,37.166666666666664,1.7996988964672769,40.5,1.7688245889522884,19.0,1.7434939462777082,23.833333333333332,1.7491805863838705,73.0,2.0977277645079173,76.66666666666667,2.0718172719758674,23.700000000000003,1.8232479051446842,27.78333333333333,1.8141827502724206,26.28333333333333,1.848758887161391,29.86666666666667,1.8160487717394185,29.5,1.7705490350500315,33.166666666666664,1.7556562925468195,37.333333333333336,1.8363635319489107,41.0,1.8181958138267753,19.666666666666668,1.8324956133965704,24.5,1.8180130844178002,75.33333333333333,2.059593756013134,79.33333333333333,2.0454471903606373,27.28333333333333,1.7373030558189089,30.833333333333332,1.7267158018106898,27.400000000000002,1.7082143196991326,31.066666666666666,1.7085455099097642,28.0,1.6627420606811791,31.666666666666668,1.6653509748751523,30.0,1.6673602190082168,33.5,1.6575916915275017,27.166666666666668,1.7920060043999528,30.666666666666668,1.765301645119555,42.666666666666664,1.7005198964105002,46.666666666666664,1.7062784972258924,C_p25,16.8397,1.6627374596934623,E1,1.6033539789901246,2.1971887860235038,1.1876696140667589,1.7221209403968003,1.959654863210152,1.3064365754734348,4.0,1,6,False,
high/IMG_3684-_jpg,IMG_3684-_jpg,holdout,1.8028333333333333,1.845,2.609,1.654,1.464,1.909,1.336,E1,True,2698,1799,False,False,16.133333333333333,1.2046209703021384,17.641666666666666,1.1284490213665015,16.783333333333335,1.146271938411153,18.616666666666667,1.105099176031597,23.708333333333332,1.3916799890814315,27.875,1.4479111960142141,40.083333333333336,1.9409308726474446,43.166666666666664,1.8852904055088175,15.5,1.4223240088054987,16.666666666666668,1.223203207261448,78.33333333333333,2.2509864139696827,81.83333333333333,2.2114397403046757,5.733333333333333,0.4410670037762105,8.991666666666667,0.5871335295572712,7.233333333333333,0.5087897000811945,10.066666666666666,0.6121057244032414,12.333333333333334,0.7402295400774143,14.666666666666666,0.7763706218297494,42.916666666666664,2.1109982565930556,47.75,2.1175329295177687,3.6666666666666665,0.34165172453156395,8.166666666666666,0.6060043614726001,86.83333333333333,2.3740007674399175,91.16666666666667,2.350545405729556,17.283333333333335,1.1005395655981727,18.833333333333332,1.0546966789438268,17.333333333333332,1.0806221973765802,19.066666666666666,1.0485923086570654,18.0,1.0689056104379009,20.083333333333332,1.0561831182760832,19.666666666666668,1.0930472546831644,23.5,1.1627882015192923,17.0,1.121377990483406,18.833333333333332,1.0841254668397267,45.333333333333336,1.8068023899361567,49.666666666666664,1.8159678291904142,C_p25,16.8397,1.0689026526600829,E1,0.0,3.6817758036069526,0.0,1.0095191719567451,1.7221209403968003,0.0,3.0,4,6,False,"gingiva_multi_component,region_zero"
high/IMG_3858-_jpg,IMG_3858-_jpg,dev,1.789666666666667,1.994,2.071,1.074,1.841,3.298,0.46,E1,True,2698,1799,False,False,34.550000000000004,2.5797306523102614,36.71666666666667,2.348581194209167,37.550000000000004,2.564598487825549,39.43333333333334,2.340791987905782,45.5,2.6708515783425715,47.166666666666664,2.4499782868282365,57.083333333333336,2.7641115338118496,59.166666666666664,2.5840853048479935,26.5,2.431715240861014,30.5,2.23846186928845,102.33333333333333,2.940650336547628,104.33333333333333,2.81947307012368,27.908333333333335,2.146996214602513,31.09166666666667,2.030208710637793,31.683333333333337,2.2285926724754628,34.5,2.0977795521766716,40.958333333333336,2.4582622901895212,43.166666666666664,2.2849998983398305,55.416666666666664,2.725852117736664,58.25,2.58316844281487,22.5,2.0964992187164153,26.5,1.9664223157988452,101.83333333333333,2.78409686930094,104.16666666666667,2.685723726839072,44.28333333333333,2.8198009891941607,46.18333333333334,2.5863402631445522,44.96666666666667,2.8033833543480897,46.73333333333333,2.570151078211898,46.583333333333336,2.7662881307166045,48.416666666666664,2.5462339905327984,49.0,2.7233550243800875,51.0,2.523497799041868,43.5,2.8694083874134213,45.0,2.590388283599347,60.5,2.4112840718633266,62.666666666666664,2.2912882677033415,C_p25,16.8397,2.7662804760971595,E1,3.5927005825519456,3.087940996573573,1.4845870175834486,2.3159557474301797,4.869445417673711,1.2470530947700968,1.0,1,6,False,
high/IMG_8606_jpg,IMG_8606_jpg,dev,2.2833333333333337,0.0,2.6,2.7,3.0,4.9,0.5,E1,False,2638,1759,True,False,46.574999999999996,3.4775963858567414,58.23333333333333,3.7248945495083197,51.849999999999994,3.541263158289073,62.81666666666667,3.7288440415963193,71.375,4.189714975916506,81.0,4.207383206355205,90.83333333333333,4.3983672581823585,100.33333333333333,4.382026347939414,34.333333333333336,3.1505241485369115,48.833333333333336,3.583985397276043,142.83333333333334,4.104458205897911,151.16666666666666,4.08508318626546,41.800000000000004,3.215686178694,53.074999999999996,3.4656658477759588,47.15,3.3165116625108273,57.65,3.5054200342894237,63.875,3.8336888004685004,73.45833333333333,3.8884699042211595,89.25,4.390056568565364,98.33333333333333,4.360713537226818,29.333333333333332,2.7332137962525116,43.5,3.227900782537727,150.16666666666666,4.105517641964234,158.5,4.086597222758332,51.6,3.2856996095389994,61.666666666666664,3.4534316036213797,53.333333333333336,3.324991376543324,63.333333333333336,3.483086339944798,57.666666666666664,3.424456863069571,67.33333333333333,3.5410620728924287,68.33333333333333,3.7978760544076047,77.16666666666667,3.8182335978966835,49.5,3.2651888546428585,59.666666666666664,3.434662983439134,101.16666666666667,4.032092098129585,110.16666666666667,4.028036023808268,C_p25,16.8397,3.4244473872258214,E1-E2,0.5344513263300414,3.6223923229036146,3.087940996573573,3.5630088422002766,5.46328022470709,4.2756106106403315,9.0,1,6,False,frame_uncertain
high/IMG_7276_jpg,IMG_7276_jpg,dev,2.5748333333333333,2.512,2.791,3.07,2.512,2.517,2.047,E1,False,2517,1678,False,False,41.31666666666666,3.0849745716725216,52.74166666666667,3.3736201493758093,43.98333333333333,3.0039837591529612,55.166666666666664,3.274734353325502,48.375,2.839614178073009,59.333333333333336,3.081951484490644,63.75,3.086927479366518,73.91666666666667,3.228286852676296,32.833333333333336,3.01287988962025,47.333333333333336,3.4738971086225128,115.5,3.319007627406362,125.83333333333333,3.4004826963951733,40.25833333333333,3.0970853128530127,52.06666666666666,3.39982418227417,43.93333333333334,3.0902526484194213,55.150000000000006,3.3534070232621294,50.208333333333336,3.013434445247582,61.041666666666664,3.2312015936948377,64.66666666666667,3.1808439749829347,74.75,3.314881392281743,31.5,2.9350989062029815,45.666666666666664,3.3886774498671923,118.5,3.2397592047020756,128.66666666666666,3.3174059473916215,43.416666666666664,2.7646148200416967,54.166666666666664,3.03341965182959,43.833333333333336,2.7327272875965445,54.333333333333336,2.9881214390052744,44.333333333333336,2.6326749294118668,55.5,2.918746708596977,46.166666666666664,2.565882114807089,56.833333333333336,2.812133168213324,43.166666666666664,2.8474205836784523,54.0,3.108465940319216,66.5,2.6504196822960533,77.16666666666667,2.8214533721985298,C_p25,16.8397,2.632667644514649,E1,2.5831814105952007,2.969174035166897,3.147324477276911,2.4347227088368557,2.4941061895401937,2.1674970456718348,10.0,1,6,False,frame_uncertain
high/IMG_3570_jpg,IMG_3570_jpg,dev,2.5993333333333335,2.234,2.804,2.716,2.541,2.935,2.366,E1,True,2699,1799,False,False,44.03333333333333,3.287818805308109,51.375,3.286201330526444,49.583333333333336,3.3864538398939223,56.849999999999994,3.374658271659603,55.833333333333336,3.277418603460665,63.833333333333336,3.3156949959548223,65.16666666666667,3.155525867796885,72.0,3.1445770470262904,36.166666666666664,3.3187560205461635,46.5,3.41273694825944,104.66666666666667,3.0077009956871508,111.33333333333333,3.008638994956259,43.21666666666667,3.324670758115447,51.69166666666666,3.375337612459455,47.81666666666666,3.3634047224261447,55.81666666666667,3.393943826202741,55.666666666666664,3.341036032241302,63.166666666666664,3.3436871099258525,65.5,3.221834232392508,72.58333333333333,3.2187978736648803,36.333333333333336,3.3854579976309522,47.666666666666664,3.537086681248237,112.0,3.062050893895633,119.5,3.081062259429783,53.949999999999996,3.4353390297408724,62.61666666666667,3.5066331175150065,54.4,3.3914912040741902,62.833333333333336,3.4555882898926025,55.25,3.280946387594112,63.5,3.3394669548812264,58.0,3.2235630900825525,65.66666666666667,3.2492095843872426,53.5,3.5290424994624834,62.0,3.5689794129591004,74.66666666666667,2.975909818718376,82.33333333333333,3.010362777248539,C_p25,16.8397,3.2809373088594214,E1-E2,2.761331852705214,3.3254749193869246,3.206707957980249,3.5036253614969386,3.8005427650136285,3.087940996573573,7.0,1,6,False,
high/IMG_8633_jpg,IMG_8633_jpg,holdout,2.0415,4.269,5.134,1.423,0.632,0.0,0.791,E1,True,2699,1799,True,False,21.708333333333332,1.620887204357991,28.075000000000003,1.7958170774604365,23.599999999999998,1.611838197408334,29.599999999999998,1.7570780095184564,27.541666666666668,1.6166967887220145,33.833333333333336,1.7574049195269685,38.666666666666664,1.8723324842170774,44.583333333333336,1.947162870554474,14.333333333333334,1.3152673629814289,22.166666666666668,1.626860265657726,76.83333333333333,2.2078824188085613,83.5,2.2564792462171943,21.558333333333334,1.6584888644899076,28.05,1.8315954221406623,23.833333333333332,1.6764268919725993,30.166666666666668,1.8342903330626938,27.916666666666668,1.6755195670671201,34.0,1.7997682596962372,39.0,1.9183440467680584,45.166666666666664,2.0029718111668946,16.333333333333332,1.521903136549694,24.166666666666668,1.7932782125209596,82.83333333333333,2.264641806943645,89.16666666666667,2.2989795101742456,27.833333333333332,1.7723250477810493,33.78333333333333,1.8919205028487935,28.0,1.745620472685245,34.333333333333336,1.8881994369174433,28.666666666666668,1.7023311573640643,34.833333333333336,1.8318860723626675,31.0,1.7229388929751572,37.166666666666664,1.839019637863845,27.5,1.8139938081349214,33.5,1.9284001666795139,37.666666666666664,1.5012402210498947,43.666666666666664,1.5965891652613708,C_p25,16.8397,1.7023264468290211,E1,3.3254749193869246,3.3848584000902626,0.7719852491433933,0.6532182877367174,1.0095191719567451,1.0689026526600829,6.0,1,6,False,
high/IMG_8593_jpg,IMG_8593_jpg,dev,1.5235,0.808,2.508,3.476,0.97,0.975,0.404,E1,True,2699,1799,False,False,20.525000000000002,1.5325317406271526,26.525000000000002,1.696671343887376,21.766666666666666,1.4866247781181385,27.666666666666668,1.6423139052931521,28.583333333333332,1.677842658189564,34.583333333333336,1.7963621714376647,43.25,2.0942684467859123,49.166666666666664,2.1473384927610084,15.833333333333334,1.4529116218980902,24.5,1.7981087146743286,78.5,2.255775746765363,84.16666666666667,2.274495048582202,15.691666666666668,1.2071644885328552,22.708333333333332,1.4827978387799479,18.366666666666667,1.291903800666996,25.066666666666666,1.5241837905670117,28.166666666666668,1.6905242199065273,34.625,1.8328522350583005,42.5,2.090503127888269,48.5,2.1507926090389904,11.5,1.0715440451217233,20.0,1.4840923138104491,79.0,2.159839469801384,84.66666666666667,2.1829562451747977,19.833333333333332,1.2629142556044604,25.900000000000002,1.4504412735209795,20.566666666666666,1.2821997995795191,26.400000000000002,1.451897042755937,21.916666666666668,1.3014915534498515,27.833333333333332,1.4637558568639495,25.666666666666668,1.4265192984848076,31.833333333333332,1.5751244431928,19.666666666666668,1.297280420363156,25.5,1.46788669403963,42.0,1.6739492730290864,47.333333333333336,1.7306539043291198,C_p25,16.8397,1.30148795208149,E1,1.5142787579351176,1.7815044211001383,2.3159557474301797,0.5344513263300414,0.7719852491433933,0.8907522105500691,6.0,1,6,False,
high/IMG_7309_jpg,IMG_7309_jpg,dev,2.7083333333333335,1.875,3.25,2.125,2.375,4.5,2.125,E1,True,2697,1798,False,False,35.800000000000004,2.673063888645655,41.425000000000004,2.6497496859767975,39.233333333333334,2.6795671728101826,44.4,2.6356170142776847,43.0,2.5241014916204523,48.083333333333336,2.4975927058301988,52.75,2.5542811692013148,57.833333333333336,2.525852396569729,28.0,2.569359499777675,34.833333333333336,2.5564947031764267,90.5,2.6006077080543357,95.5,2.5807636887873304,36.541666666666664,2.811161063312039,42.125,2.7506580091862887,39.4,2.771379840995262,44.5,2.705831596285852,43.041666666666664,2.583301063851246,47.833333333333336,2.5320269143765692,52.25,2.570089139580283,57.333333333333336,2.5425177234000436,28.0,2.608976805513761,34.833333333333336,2.584794113219866,105.0,2.870672713027156,110.0,2.83612425554206,40.166666666666664,2.5576666857199575,44.78333333333333,2.507938032143418,40.4,2.5186809677315676,44.96666666666667,2.472991301360807,41.0,2.4347294459974407,46.0,2.4191414161344316,43.0,2.389882980578444,47.333333333333336,2.342069852705525,39.833333333333336,2.627542546328765,44.5,2.561606191559354,56.5,2.2518603315748424,61.166666666666664,2.2364436017210805,C_p25,16.8397,2.4347227088368557,E1,2.0784218246168282,3.206707957980249,1.5439704982867866,1.2470530947700968,4.0380766878269805,2.4941061895401937,5.0,1,6,False,
high/IMG_3693-_jpg,IMG_3693-_jpg,dev,1.9558333333333333,2.743,2.068,1.619,2.023,2.158,1.124,E1,True,2699,1799,False,False,35.86666666666667,2.6780416612502087,44.35,2.836847279977573,39.199999999999996,2.6772905651867243,47.03333333333333,2.7919336389983584,47.166666666666664,2.768684969490651,54.833333333333336,2.848207973026466,61.75,2.990082695700117,68.58333333333333,2.9953552195632374,26.833333333333332,2.4623028539536054,37.333333333333336,2.739975184265644,110.33333333333333,3.1705383107402767,117.5,3.175285166832579,36.4,2.8002626053698942,44.916666666666664,2.9329469178069427,39.9,2.80654963593175,48.199999999999996,2.9308108526062484,48.666666666666664,2.9209057527379048,56.458333333333336,2.9885857743730413,61.916666666666664,3.0455761255313405,69.33333333333333,3.074672595739587,27.5,2.56238793398673,38.166666666666664,2.8321428321882736,122.33333333333333,3.344561541844337,130.0,3.351783211095162,39.333333333333336,2.504603061534896,47.28333333333333,2.6479420160740146,39.9,2.487509173576474,47.73333333333333,2.6251471783162894,40.916666666666664,2.42978080891208,48.583333333333336,2.5549989956637202,43.833333333333336,2.436198542217561,51.5,2.5482379735422787,38.833333333333336,2.561579135123859,46.833333333333336,2.6959226210793203,64.0,2.5507798446157506,71.0,2.5959808564936795,C_p25,16.8397,2.429774085444911,E1,3.266091438683587,2.4644144491885247,1.7221209403968003,2.6722566316502077,2.909790554463559,1.5439704982867866,7.0,1,6,False,
high/IMG_7289_jpg,IMG_7289_jpg,holdout,4.1001666666666665,3.686,4.054,3.868,5.252,5.437,2.304,E2-E3,False,2608,1739,False,False,65.575,4.896261578154715,76.36666666666666,4.884793023997458,68.7,4.692088311947142,79.89999999999999,4.742923410828536,75.04166666666667,4.4049484364422815,85.54166666666667,4.443291009592199,88.58333333333333,4.289416876557658,99.41666666666667,4.341991223498107,57.333333333333336,5.2610694519257155,69.66666666666667,5.112989406352853,125.0,3.591999596760132,133.5,3.60766442359276,67.65833333333333,5.204975296016065,78.925,5.153606727003628,71.13333333333334,5.003489492964373,82.68333333333334,5.027576984709405,76.375,4.583921442438853,87.33333333333333,4.622934157258962,86.75,4.267085796336643,97.41666666666667,4.320062817811992,59.333333333333336,5.528546087874399,72.16666666666667,5.355099765666038,134.83333333333334,3.686308293395189,143.5,3.6998530060935058,70.76666666666667,4.5061629657954105,82.55,4.622931549388295,71.73333333333333,4.472113401450771,83.36666666666666,4.584841545369442,73.66666666666667,4.374595183458816,85.5,4.496447632162911,76.33333333333333,4.242505446143129,87.58333333333333,4.333653899988568,67.16666666666667,4.430542452596202,79.83333333333333,4.595540695718841,87.33333333333333,3.480751662965243,98.33333333333333,3.595372547725988,C_p25,16.8397,4.374583078479229,E2-E3,3.8599262457169665,4.810061936970373,4.2756106106403315,5.403896744003752,6.413415915960498,1.4845870175834486,8.0,1,6,False,frame_uncertain
high/IMG_3800-_jpg,IMG_3800-_jpg,holdout,2.7368333333333332,0.0,2.647,2.512,2.871,4.981,3.41,E1,True,2698,1799,True,False,48.30833333333334,3.6070184735751534,56.23333333333334,3.596964570704371,54.949999999999996,3.752987667270676,62.63333333333333,3.717961238609437,69.58333333333333,4.0845440804323205,79.125,4.109990076578464,92.33333333333333,4.471000845932159,101.41666666666667,4.429340585915504,36.833333333333336,3.3799312467313465,48.0,3.5228252369129702,153.16666666666666,4.401396839230082,161.66666666666666,4.368832073514328,43.88333333333333,3.3759576190196574,53.78333333333334,3.5119182574259757,51.333333333333336,3.610765613479445,60.46666666666667,3.67668802671351,65.95833333333333,3.9587275741302252,74.08333333333333,3.9215538795832225,98.5,4.845048425811635,106.75,4.73396105185386,35.666666666666664,3.3233395022615766,49.166666666666664,3.6483936047840206,161.33333333333334,4.4108114066829955,169.16666666666666,4.361615332386653,64.18333333333334,4.086960334733426,75.16666666666667,4.209453116846601,65.2,4.064801957824213,76.26666666666667,4.194369234628262,68.66666666666667,4.077676958337177,78.91666666666667,4.1502299294914975,75.66666666666667,4.205452996831836,85.5,4.230569839570191,62.5,4.12271320030664,74.33333333333333,4.2789376832789205,116.16666666666667,4.629931124211401,124.33333333333333,4.546013424751842,C_p25,16.8397,4.077665674962539,E2-E3,2.791023593056883,4.067768428178649,3.3254749193869246,3.5630088422002766,6.650949838773849,4.067768428178649,8.0,1,6,False,
high/IMG_3595-_jpg,IMG_3595-_jpg,holdout,3.0421666666666667,3.978,4.552,2.784,2.254,3.182,1.503,E1-E2,True,2698,1799,False,False,48.93333333333334,3.65368509174285,57.49166666666667,3.6774538490351887,53.18333333333334,3.6323274632273974,61.416666666666664,3.645739000605581,60.541666666666664,3.553797933453989,68.95833333333333,3.581902884011247,68.83333333333333,3.3330746378519525,77.66666666666667,3.3920669072089153,40.333333333333336,3.701101184203556,51.833333333333336,3.8041619745831037,114.16666666666667,3.2806929650409207,123.0,3.3239155363438915,41.43333333333333,3.187478405196684,50.23333333333333,3.280112063180009,47.13333333333333,3.315339336012945,54.96666666666667,3.3422594024534606,59.083333333333336,3.546099621046532,66.54166666666667,3.522340576880994,72.91666666666667,3.5866475233377164,81.16666666666667,3.599436428185527,34.166666666666664,3.1835728876804823,44.666666666666664,3.31447283417667,116.16666666666667,3.175966477745917,124.16666666666667,3.201382682392174,57.166666666666664,3.6401646190952093,65.66666666666667,3.6774379779103343,57.4,3.578521969004752,66.0,3.629742606889842,58.0,3.4442514114110137,66.33333333333333,3.4884720421068973,59.833333333333336,3.3254573256886104,68.16666666666667,3.372910456889295,56.833333333333336,3.748920536812171,65.33333333333333,3.7608600265590515,77.5,3.0888349680893854,86.5,3.1627090716437083,C_p25,16.8397,3.4442418807936006,E1-E2,4.810061936970373,5.166362821190401,2.969174035166897,2.4347227088368557,3.919309726420304,1.3658200561767726,9.0,1,6,False,
high/IMG_3792-_jpg,IMG_3792-_jpg,holdout,3.326166666666667,4.186,4.328,2.759,1.597,4.043,3.044,E1-E2,True,2698,1799,False,False,52.54999999999999,3.9237292555399192,58.975,3.772335249981451,57.633333333333326,3.936254580959053,63.133333333333326,3.7476416103918426,66.08333333333333,3.8790939590213536,71.91666666666667,3.7355675998812163,75.91666666666667,3.676066580003788,81.5,3.559486518508926,42.666666666666664,3.915214475851695,50.666666666666664,3.718537750074802,118.16666666666667,3.395636952137245,123.0,3.3239155363438915,53.74166666666667,4.134362074640671,59.574999999999996,3.8900997245643474,57.6,4.051560376683429,62.81666666666666,3.819580257079167,65.54166666666667,3.9337198193978806,71.04166666666667,3.760545199487849,80.08333333333333,3.9391637370600514,85.16666666666667,3.7768213856320414,45.833333333333336,4.27064655664455,53.5,3.9699469394429516,126.5,3.458477125694621,131.66666666666666,3.394754790724587,67.83333333333333,4.3193790086639945,73.33333333333333,4.10678352863083,68.0,4.239364005092738,73.5,4.042213357672779,69.0,4.09747150667862,74.16666666666667,3.900427283260225,70.5,3.918296514669309,76.16666666666667,3.7687532488958624,67.83333333333333,4.474518060066139,73.16666666666667,4.211779468518938,87.33333333333333,3.480751662965243,92.5,3.3820877355727514,C_p25,16.8397,4.0974601685303185,E2-E3,4.810061936970373,5.225746301893739,3.3254749193869246,2.3753392281335177,4.988212379080387,3.8599262457169665,5.5,1,6,False,
high/IMG_3552_jpg,IMG_3552_jpg,holdout,1.0303333333333333,0.751,2.914,0.751,0.177,1.236,0.353,E1,True,2698,1799,False,False,7.683333333333334,0.5736882926748821,8.666666666666666,0.5543632414837797,8.166666666666666,0.5577688677472342,9.0,0.5342466920833145,13.75,0.8071254769716563,18.0,0.9349740458567122,31.0,1.5010941468292087,33.5,1.463101820491399,4.333333333333333,0.39763897020368777,6.0,0.4403531546141213,74.83333333333333,2.150410425260399,79.5,2.1483844320271492,7.416666666666667,0.5705663275593421,9.333333333333334,0.6094435153884556,9.333333333333334,0.6565028388144445,11.0,0.6688572485200982,13.416666666666666,0.8052497023815114,14.916666666666666,0.7896042119745746,27.5,1.3526784945159387,30.416666666666668,1.348864780582872,6.666666666666667,0.6211849536937527,8.666666666666666,0.6431066693178613,79.0,2.159839469801384,81.83333333333333,2.1099045598047748,17.233333333333334,1.097355748147069,18.5,1.036029481086414,17.400000000000002,1.0847784365972595,18.733333333333334,1.0302602752889352,17.833333333333332,1.0590083362671794,19.166666666666668,1.0079755900560132,21.833333333333332,1.2134677149448687,23.333333333333332,1.154541476685822,17.0,1.121377990483406,18.333333333333332,1.0553433747997338,43.0,1.7138052081012074,49.333333333333336,1.8037801256388009,C_p25,16.8397,1.0590054058761933,E1,1.0095191719567451,3.8005427650136285,0.0,0.0,1.5439704982867866,0.0,3.0,4,6,False,"gingiva_multi_component,region_zero"
high/IMG_6907_jpg,IMG_6907_jpg,dev,3.5606666666666666,5.273,4.455,0.727,2.727,3.818,4.364,E1-E2,True,2696,1798,False,False,52.091666666666676,3.88950706888361,65.05,4.160922560598446,60.78333333333333,4.151394001375843,70.91666666666667,4.209666064471302,71.5,4.197052480252612,79.16666666666667,4.1121543683512805,80.25,3.8858969446143226,88.5,3.8652092869698156,36.333333333333336,3.3340498270924597,54.166666666666664,3.975410423599706,123.66666666666667,3.553684934394691,132.83333333333334,3.5896486212277527,56.17499999999999,4.321559116941038,69.75,4.554501985536941,63.31666666666667,4.453668365457276,74.41666666666667,4.524920628245816,77.375,4.643940053796481,85.79166666666667,4.54132701803254,94.91666666666667,4.668790318950467,103.25,4.57874921408816,47.0,4.379353923540957,64.0,4.7490954041934375,146.16666666666666,3.996158681467961,154.66666666666666,3.9877625896106537,69.5,4.425506257034117,77.66666666666667,4.349457100777197,69.83333333333333,4.353660583661414,77.8,4.2786965881216625,70.5,4.186546974215111,78.41666666666667,4.123934914098732,72.66666666666667,4.038716974931014,81.0,4.007908269066497,69.0,4.55147537313853,77.33333333333333,4.451630235518877,98.33333333333333,3.919166948758575,106.5,3.8939712847405192,C_p25,16.8397,4.186535389585325,E2-E3,6.650949838773849,5.641430666817104,0.8907522105500691,2.6128731509468697,3.978693207123642,5.344513263300415,9.0,1,6,False,
high/IMG_2739-_jpg,IMG_2739-_jpg,holdout,2.4341666666666666,0.0,2.683,2.684,3.739,4.751,0.748,E1,True,2699,1799,True,False,56.708333333333336,4.234217821748994,61.916666666666664,3.960498927138926,58.5,3.9954463791689636,63.583333333333336,3.774353944996009,61.125,3.588039620355817,66.45833333333333,3.452045377642259,74.75,3.619573789531721,80.08333333333333,3.49761405346327,50.666666666666664,4.649317190073888,58.0,4.256747161269839,140.0,4.023039548371348,145.83333333333334,3.9409567673454,43.1,3.3156955574572105,48.6,3.17345944798703,44.9,3.158247585296631,50.23333333333333,3.054448101575115,53.291666666666664,3.198491830266935,58.333333333333336,3.0878377004592306,72.41666666666667,3.5620533688919718,77.75,3.4479201103666286,39.333333333333336,3.664991226793141,46.5,3.4505146296092946,137.33333333333334,3.7546576437053596,143.33333333333334,3.6955558481305633,58.0,3.6932282432802706,63.166666666666664,3.5374339939797372,58.23333333333333,3.6304749592632413,63.4,3.486752746618424,58.583333333333336,3.4788918710085386,64.0,3.365761970273992,60.666666666666664,3.3717728873277273,65.83333333333333,3.257456309220712,57.666666666666664,3.8038900461495926,63.0,3.6265435970390856,75.66666666666667,3.0157657537904967,81.16666666666667,2.967705814817892,C_p25,16.8397,3.4788822445372145,E1-E2,1.1876696140667589,4.3943775720470075,3.7411592843102905,4.3943775720470075,5.78988936857545,1.3658200561767726,6.0,1,6,False,
high/gummy30_JPG,gummy30_JPG,dev,1.1561666666666668,0.0,0.595,1.85,2.247,2.245,0.0,E1,True,2698,1799,True,False,18.683333333333334,1.3950207724263401,22.183333333333334,1.4189566815671362,20.916666666666668,1.4285712837199573,24.05,1.427625882733746,25.916666666666668,1.521309232352637,30.083333333333332,1.5626186599734866,31.916666666666668,1.5454813393429756,35.916666666666664,1.5686489667457537,16.0,1.4682054284443857,20.5,1.504539944931581,80.0,2.2988797419264846,84.83333333333333,2.2925108509472096,18.683333333333334,1.4373142768404998,22.183333333333334,1.4485166410393473,20.916666666666668,1.4712697548430855,24.05,1.4623651660825785,25.916666666666668,1.555482344351864,30.083333333333332,1.5924420140939746,31.916666666666668,1.5699268587866804,35.916666666666664,1.5927690970718293,16.0,1.4908438888650064,20.5,1.5211946216557104,80.0,2.187179209925452,84.83333333333333,2.18725340313774,18.683333333333334,1.1896864542290757,22.183333333333334,1.2423020174108261,20.916666666666668,1.3040200554880848,24.05,1.3226562075106167,25.916666666666668,1.5390261335471629,30.083333333333332,1.5820834261313945,31.916666666666668,1.7738860107781862,35.916666666666664,1.7771692016128189,16.0,1.0554145792784997,20.5,1.1800657736397024,80.0,3.188474805769688,84.83333333333333,3.10177055388564,C_p25,16.8397,1.5390218748948419,E1,0.0,0.8313687298467312,1.7221209403968003,2.865252943936056,2.2565722667268417,1.558816368462621,5.0,2,0,True,"gingiva_multi_component,region_zero,festoon_detection_failed,zenith_detection_failed"
high/IMG_3866-_jpg,IMG_3866-_jpg,dev,0.6145,0.444,0.711,0.622,0.844,1.066,0.0,E1,True,2699,1799,True,False,11.5,0.8586657742856152,15.975000000000001,1.021840705696544,11.833333333333334,0.8081957063276252,16.333333333333332,0.9695588115586078,14.25,0.8364754943160801,18.166666666666668,0.9436312129479781,24.25,1.174243001955107,29.416666666666668,1.2847635388892136,9.5,0.8717469731388541,14.666666666666666,1.0764188223900741,89.5,2.5718717112802545,92.83333333333333,2.5087004793273,11.566666666666668,0.8898270366880526,15.833333333333334,1.0338773921768445,12.0,0.8440750784757144,16.333333333333332,0.9931516720449943,14.458333333333334,0.8677690892123742,18.458333333333332,0.9770800723595994,23.75,1.168222336172856,28.916666666666668,1.2823454215404289,9.5,0.8851885590135976,14.666666666666666,1.088334363460996,95.0,2.597275311786474,98.16666666666667,2.5310260401731415,11.166666666666666,0.7110525640798222,15.5,0.8680247003696981,11.299999999999999,0.7044825479051167,15.566666666666668,0.8561059582916952,12.0,0.7126037402919339,16.333333333333332,0.8589705028303416,13.333333333333334,0.7410489862258741,17.5,0.8659061075143666,10.833333333333334,0.7146036213864843,15.333333333333334,0.8826508225597774,21.666666666666668,0.8635452598959572,27.166666666666668,0.9932978394565019,C_p25,16.8397,0.7126017684400553,E1,0.6532182877367174,1.1876696140667589,0.8907522105500691,0.5938348070333794,0.9501356912534071,0.0,4.0,2,6,False,"gingiva_multi_component,region_zero"
high/IMG_6488-_jpg,IMG_6488-_jpg,holdout,4.627,2.183,4.471,6.135,5.199,5.927,3.847,E2-E3,True,2697,1798,False,False,68.83333333333333,5.1395502142023055,78.2,5.002062171234413,73.13333333333334,4.9948771258670694,82.3,4.885389195384087,81.5,4.78405282714109,90.5,4.700841730557359,92.83333333333333,4.495212041848759,101.5,4.432980142682895,59.333333333333336,5.4445951304812645,71.83333333333333,5.2720058232968405,144.0,4.137983535467672,153.0,4.134626642769231,69.78333333333333,5.368452165148236,79.21666666666665,5.172651836859516,73.83333333333333,5.193406385621409,82.93333333333334,5.042778285812135,81.08333333333333,4.8665090709143515,89.58333333333333,4.7420364685623895,91.91666666666667,4.521225392276001,101.33333333333333,4.493752255311704,61.333333333333336,5.714901573982525,73.83333333333333,5.478774125150241,150.33333333333334,4.110074265318246,159.16666666666666,4.103785854610102,68.83333333333333,4.383055357686068,78.2,4.379324617349058,73.13333333333334,4.559394425085033,82.3,4.526179038591424,81.5,4.8397670694827175,90.5,4.759397786090567,92.83333333333333,5.159553566597649,101.5,5.022255423583326,59.333333333333336,3.9138290648244367,71.83333333333333,4.135027223078957,144.0,5.739254650385439,153.0,5.594155930190605,C_p25,16.8397,4.839753677322042,E2-E3,2.6128731509468697,5.403896744003752,5.878964589630456,5.047595859783725,5.878964589630456,4.216227129936994,9.0,1,0,True,zenith_detection_failed
high/IMG_2761-_jpg,IMG_2761-_jpg,dev,3.2761666666666667,2.468,4.425,2.553,2.51,4.723,2.978,E1-E2,False,2693,1796,False,False,53.166666666666664,3.969773652132047,63.0,4.029794332324399,59.98333333333333,4.096755418412849,69.3,4.113699529041521,69.45833333333333,4.077206576096215,78.0,4.051554198712419,80.91666666666667,3.9181785391697894,89.83333333333333,3.92344219524808,42.333333333333336,3.884626862759104,54.5,3.9998744877449353,138.0,3.9655675548231857,146.83333333333334,3.967980470892911,50.666666666666664,3.8978014287199994,59.583333333333336,3.8906438705602304,56.583333333333336,3.98004846031257,65.16666666666667,3.962472487444825,64.25,3.856195779727611,72.375,3.831124346926917,83.16666666666667,4.090827689475475,91.83333333333333,4.072462981376232,42.5,3.9600540797976733,53.833333333333336,3.9946818113397926,141.66666666666666,3.8731298509096543,150.83333333333334,3.8889279564629766,66.73333333333333,4.249335024739714,75.33333333333333,4.218786715775307,67.16666666666667,4.1874110148342485,75.56666666666666,4.155871964555188,67.66666666666667,4.018293313312849,76.33333333333333,4.014372349962208,69.5,3.862717840702369,78.33333333333333,3.875960671730974,66.33333333333333,4.3755729432587795,75.0,4.317313805998912,80.66666666666667,3.2150454291511026,89.33333333333333,3.2663045518324227,C_p25,16.8397,4.018282194259201,E2-E3,3.3848584000902626,5.582047186113766,3.028557515870235,2.969174035166897,5.46328022470709,3.6817758036069526,9.0,1,6,False,frame_uncertain
high/IMG_6931_jpg,IMG_6931_jpg,dev,4.544333333333333,3.795,5.493,3.596,3.995,5.893,4.494,E2-E3,True,2699,1799,False,False,73.08333333333333,5.456883217742641,90.29166666666667,5.775505501419955,80.5,5.498007410651309,92.58333333333333,5.4958155083755775,84.16666666666667,4.940586252978017,96.41666666666667,5.008171162297296,99.75,4.830133585361728,113.66666666666667,4.964355430722061,56.833333333333336,5.215188032286829,79.83333333333333,5.859143362782336,151.83333333333334,4.363082176864641,164.16666666666666,4.436391332383106,60.041666666666664,4.61902291018546,78.61666666666666,5.133473325155973,67.43333333333332,4.743233010434361,83.2,5.05899300698838,86.45833333333333,5.189109106961603,100.08333333333333,5.297847254645051,104.08333333333333,5.11968315045578,117.16666666666667,5.195901045204159,48.833333333333336,4.550179785806739,71.83333333333333,5.330364893769197,158.5,4.333348809664802,170.33333333333334,4.39169543812725,80.23333333333333,5.108965736537708,92.23333333333333,5.165213647146139,80.5,5.018658858970079,92.56666666666666,5.090805666329844,81.41666666666667,4.834818432397357,93.33333333333333,4.908402873316238,83.5,4.640819276239537,95.33333333333333,4.71712660474493,79.83333333333333,5.266078994525014,91.66666666666667,5.27671687399867,119.66666666666667,4.769426896963825,131.33333333333334,4.801955199335727,C_p25,16.8397,4.834805053930098,E2-E3,4.0380766878269805,5.700814147520442,3.5927005825519456,4.216227129936994,6.591566358070512,4.869445417673711,12.0,1,6,False,
high/IMG_6703_jpg,IMG_6703_jpg,dev,2.729833333333333,3.471,3.362,2.278,1.844,2.495,2.929,E1,True,2699,1799,False,False,33.84166666666666,2.5268418183868717,39.00833333333333,2.4951676282553583,39.13333333333333,2.6727373499398084,44.35,2.6326489770994446,46.125,2.7075391000231015,50.833333333333336,2.6404359628360856,56.25,2.723759540617516,60.666666666666664,2.649597326661041,24.833333333333332,2.278777175398057,32.0,2.3485501579419803,99.66666666666667,2.8640210118167455,104.16666666666667,2.8149691195324285,36.13333333333333,2.77974786100821,41.78333333333333,2.728348023355104,41.65,2.9296439182094582,46.81666666666666,2.8466969865044787,48.333333333333336,2.900899548952029,53.416666666666664,2.827577094277667,58.5,2.8775160701520877,63.25,2.804899639623013,27.333333333333332,2.546858310144386,34.833333333333336,2.584794113219866,103.16666666666667,2.820549856133031,108.0,2.78455835998675,42.166666666666664,2.6850193837641045,46.666666666666664,2.6134077000378007,42.166666666666664,2.628821307079565,46.666666666666664,2.566484671538272,43.083333333333336,2.558445373131457,47.416666666666664,2.493643959747267,44.5,2.4732509915288547,49.166666666666664,2.4327838258736962,42.166666666666664,2.781457172473546,46.5,2.6767345597193253,55.333333333333336,2.205361740657368,59.666666666666664,2.18159893573882,C_p25,16.8397,2.5584382936354766,E1,3.5036253614969386,2.969174035166897,1.7815044211001383,1.4845870175834486,2.6425648912985387,2.969174035166897,5.0,1,6,False,
high/IMG_8579_jpg,IMG_8579_jpg,dev,7.141666666666667,5.515,8.485,6.93,5.94,8.202,7.778,E3,True,2698,1799,False,False,79.5,5.935993830930992,92.79166666666667,5.935417974924892,85.91666666666667,5.86795614946325,98.0,5.817352869351647,95.04166666666667,5.578949130219236,106.75,5.5449155219557795,104.91666666666667,5.080315943166596,116.75,5.099019031115548,64.66666666666667,5.933996939962726,82.16666666666667,6.030391811798939,152.33333333333334,4.377450175251681,164.33333333333334,4.440895282974359,82.9,6.377521153438579,96.175,6.279988938480505,88.36666666666667,6.2156750917753305,100.43333333333334,6.1068693630032005,95.29166666666667,5.719273507287319,107.0,5.663976581985217,106.66666666666667,5.246752948425459,118.33333333333333,5.247638324459392,68.66666666666667,6.398205023045653,86.0,6.381596949384932,154.33333333333334,4.219433225814518,167.16666666666666,4.310049436831343,92.68333333333334,5.901736281862525,104.23333333333335,5.837232770013003,93.3,5.816656789340477,104.89999999999999,5.769090900950673,94.41666666666667,5.606805817713619,105.75,5.561395755569916,96.33333333333333,5.35407892548194,108.0,5.343877692088662,91.66666666666667,6.046646027116405,103.5,5.957893052278498,104.16666666666667,4.151659903345949,115.5,4.223039280634084,C_p25,16.8397,5.606790303073491,E2-E3,4.1568436492336565,6.799408540532195,5.46328022470709,4.5725280141570215,6.591566358070512,6.05711503174047,11.0,1,6,False,
high/IMG_6617-_jpg,IMG_6617-_jpg,dev,3.7575000000000003,3.712,4.165,2.807,3.803,4.165,3.893,E1-E2,False,2701,1800,False,False,51.59166666666667,3.852173774349452,61.10833333333334,3.9087938940389972,57.28333333333333,3.912350200912743,66.76666666666667,3.9633189786773295,69.0,4.050302393530493,78.08333333333333,4.0558827822580525,82.08333333333333,3.974671329641856,91.08333333333333,3.978035546758953,43.0,3.9458020889442866,53.166666666666664,3.902018231164019,137.83333333333334,3.960778222027506,146.66666666666666,3.9634765203016586,50.90833333333333,3.916392915797776,60.39166666666666,3.9434260321608368,55.81666666666666,3.9261214414099546,64.89999999999999,3.946257766268579,67.75,4.066260919479309,76.5,4.0494785843165335,83.25,4.094926715216433,92.08333333333333,4.083549541216639,44.333333333333336,4.130879942063456,54.166666666666664,4.019416683236633,143.0,3.9095828377417456,151.33333333333334,3.901819430351804,69.33333333333333,4.414893532197105,78.45,4.393325015742118,69.5,4.332879387558019,78.83333333333333,4.335525891562867,70.0,4.156855151702947,79.08333333333333,4.158994934622419,72.0,4.00166452561972,81.33333333333333,4.024401718733436,69.0,4.55147537313853,78.33333333333333,4.509194419598863,91.5,3.646818059099081,100.33333333333333,3.668498769035669,C_p25,16.8397,4.1568436492336565,E2-E3,4.3349940913436695,4.661603235212029,3.3254749193869246,3.3254749193869246,4.424069312398677,4.869445417673711,9.0,1,6,False,frame_uncertain
high/IMG_7280_jpg,IMG_7280_jpg,holdout,0.5625,0.0,1.598,0.499,0.599,0.679,0.0,E1,True,2700,1800,True,False,13.333333333333334,0.9955545209108583,15.666666666666666,1.0021181672976018,13.466666666666667,0.919749479877072,15.966666666666667,0.9477932055848431,14.666666666666666,0.8609338421031,17.166666666666668,0.891688210400383,25.666666666666668,1.2428413903854738,30.25,1.321159106563129,12.333333333333334,1.1317416844258807,14.833333333333334,1.0886508544626887,66.0,1.8965757870893498,69.83333333333333,1.8871552977345398,8.858333333333333,0.6814741642646972,11.858333333333334,0.7743197521408682,9.15,0.6436072473377322,12.1,0.735742973372108,11.708333333333334,0.7027179079788967,14.458333333333334,0.765342630042395,25.25,1.2420047995100891,29.666666666666668,1.3156051010616505,8.166666666666666,0.760951568274847,11.166666666666666,0.8286182085441675,69.66666666666667,1.9046685619767478,73.83333333333333,1.9036409775835341,13.116666666666667,0.8352214446728659,15.450000000000001,0.8652246206910863,13.5,0.8416384421875288,15.9,0.8744379916598256,13.5,0.8016792078284256,16.083333333333332,0.8458229951339588,14.5,0.8058907725206381,16.833333333333332,0.8329192081804859,12.833333333333334,0.8465304437962967,15.333333333333334,0.8826508225597774,21.833333333333332,0.8701879157413107,25.666666666666668,0.938453173474241,C_p25,16.8397,0.8016769894950623,E1,0.0,1.7815044211001383,0.9501356912534071,0.7719852491433933,1.3064365754734348,0.0,4.0,3,6,False,"gingiva_multi_component,region_zero"
high/IMG_2862_jpg,IMG_2862_jpg,dev,3.3513333333333333,3.38,5.557,2.062,2.922,3.781,2.406,E1-E2,True,2699,1799,False,False,36.416666666666664,2.7191082852377813,43.24166666666667,2.765952750057051,41.300000000000004,2.820716845464585,47.73333333333333,2.833486159493727,55.833333333333336,3.277418603460665,62.0,3.2204661579508977,69.58333333333333,3.3693914317268527,75.5,3.2974384312567353,29.166666666666668,2.676416145601745,37.833333333333336,2.7766712804834874,130.5,3.750047579017578,136.16666666666666,3.67972763305279,43.416666666666664,3.34005681638671,50.31666666666666,3.2855535231388346,46.78333333333334,3.2907204795574034,53.116666666666674,3.229769774293263,55.666666666666664,3.341036032241302,61.666666666666664,3.264285569056901,72.0,3.5415582401871846,77.83333333333333,3.4516156303134307,37.333333333333336,3.4786357406850152,45.833333333333336,3.401044885815613,139.0,3.800223877245473,144.33333333333334,3.7213387959082183,55.833333333333336,3.5552628203991112,61.833333333333336,3.462765202550086,56.166666666666664,3.5016315434221874,62.06666666666666,3.413424613145902,56.916666666666664,3.3799191293013253,63.166666666666664,3.3219369446193823,59.0,3.279141764049493,65.16666666666667,3.224469409886832,55.666666666666664,3.6719632237397803,61.666666666666664,3.549791351599105,72.83333333333333,2.9028406044194868,78.5,2.8702041864049836,C_p25,16.8397,3.3799097766983177,E1-E2,4.0380766878269805,5.285129782597077,1.8111961614518073,2.6128731509468697,3.266091438683587,3.266091438683587,6.0,1,6,False,
high/IMG_2773_jpg,IMG_2773_jpg,holdout,3.2426666666666666,2.855,4.743,2.42,2.178,4.598,2.662,E1-E2,False,2691,1794,False,False,56.38333333333333,4.2099511803017915,63.050000000000004,4.032992581794498,60.800000000000004,4.152532305187573,67.3,3.9949780419118963,67.29166666666667,3.950023167603712,74.25,3.856767939158938,78.66666666666667,3.809228157545089,86.08333333333333,3.7596621407154607,43.5,3.991683508583174,53.166666666666664,3.902018231164019,131.0,3.7644155774046184,138.33333333333334,3.738278990739065,52.93333333333333,4.072176755794315,60.449999999999996,3.947235054132015,59.21666666666667,4.165276046978073,65.86666666666666,4.005036130532466,64.04166666666667,3.8436919023614387,70.66666666666667,3.740694814270611,77.41666666666667,3.8079949133494155,84.83333333333333,3.7620393058448314,42.0,3.913465208270642,51.333333333333336,3.8091702721134864,142.33333333333334,3.8913563443257004,150.33333333333334,3.876036482574149,64.11666666666666,4.082715244798621,70.73333333333333,3.9611793853430095,64.39999999999999,4.014927087176063,70.96666666666665,3.902889904074986,64.83333333333333,3.850039652410587,71.66666666666667,3.7689522062963974,66.83333333333333,3.7145080434571938,73.66666666666667,3.64505237639381,63.666666666666664,4.19967051337903,70.5,4.058274977638977,86.16666666666667,3.4342530720477686,93.0,3.4003692909001715,C_p25,16.8397,3.8500289989330763,E1-E2,3.8302345053652975,5.374205003652084,2.909790554463559,2.2565722667268417,5.582047186113766,3.147324477276911,7.0,1,6,False,frame_uncertain
high/IMG_8609_jpg,IMG_8609_jpg,holdout,4.088666666666667,2.778,4.598,3.736,3.71,4.89,4.82,E2-E3,False,2581,1721,False,False,62.60833333333334,4.674750697252049,74.78333333333333,4.783515124110999,71.58333333333334,4.8890148713762684,83.06666666666668,4.930899098783778,81.45833333333333,4.781606992362388,92.625,4.811220610970999,93.75,4.539599234362526,104.41666666666667,4.5603646295416,47.5,4.35873486569427,63.166666666666664,4.635940155520888,131.83333333333334,3.7883622413830196,142.33333333333334,3.8463738049291103,68.95833333333333,5.304984674779275,81.33333333333333,5.310864919813684,74.08333333333333,5.210991283089653,86.08333333333333,5.234314679706526,82.58333333333333,4.956536987950794,93.75,4.962596304309478,101.5,4.992613352486101,112.75,5.000038488023632,57.5,5.357720225608617,72.83333333333333,5.404569509459719,142.66666666666666,3.9004695910337226,154.0,3.970573957758884,79.33333333333333,5.051657022417841,91.0,5.096145015073712,79.66666666666667,4.96670586871159,91.06666666666666,5.008311516173257,80.33333333333333,4.7704861502876685,91.83333333333333,4.829517827137941,81.83333333333333,4.548188152961302,93.16666666666667,4.609919181909818,79.0,5.211109485187593,90.66666666666667,5.219152689918684,93.83333333333333,3.7398152409340297,104.83333333333333,3.8330327669824515,C_p25,16.8397,4.770472949834814,E2-E3,3.3848584000902626,5.522663705410428,4.216227129936994,3.8005427650136285,5.819581108927118,5.878964589630456,11.0,1,6,False,frame_uncertain
high/IMG_7314_jpg,IMG_7314_jpg,dev,3.5515000000000003,3.922,4.707,3.334,3.012,3.334,3.0,E1-E2,False,2784,1856,False,False,45.96666666666667,3.432174210840184,55.724999999999994,3.5644490344250332,50.449999999999996,3.4456456381038327,60.06666666666667,3.5656019967930845,59.041666666666664,3.4657478814207177,69.04166666666667,3.58623146755688,68.91666666666667,3.3371098371713863,78.75,3.4393811451850054,39.333333333333336,3.609338344925782,51.666666666666664,3.791929942510489,131.83333333333334,3.7883622413830196,142.33333333333334,3.8463738049291103,46.15833333333333,3.550974031855276,55.666666666666664,3.634895252495432,50.0,3.51697949364881,59.583333333333336,3.622976762817199,59.458333333333336,3.5686066003056425,69.54166666666667,3.6811436586188973,68.16666666666667,3.353003056103145,77.91666666666667,3.4553111502602336,39.666666666666664,3.696050474477828,51.666666666666664,3.833905144010327,134.66666666666666,3.6817516700411774,144.66666666666666,3.729933111834103,57.333333333333336,3.6507773439322215,67.33333333333333,3.770773967197398,57.666666666666664,3.5951469258874686,67.5,3.7122367570464294,58.0,3.4442514114110137,68.16666666666667,3.5848870985470382,59.666666666666664,3.3161942133607867,69.83333333333333,3.455377705223996,57.166666666666664,3.7709083405471393,67.0,3.8568003333590277,70.0,2.7899154550484773,79.66666666666667,2.9128611488356313,C_p25,16.8397,3.4442418807936006,E1-E2,4.5725280141570215,4.750678456267035,2.969174035166897,2.731640112353545,3.147324477276911,2.4941061895401937,10.0,1,6,False,frame_uncertain
high/IMG_6545-_jpg,IMG_6545-_jpg,holdout,2.592166666666667,1.098,3.492,3.293,2.694,2.993,1.983,E1,False,2705,1804,False,False,42.625,3.1826633590369,49.78333333333333,3.1843903890616345,44.583333333333336,3.0449626963752077,51.833333333333336,3.0768652081094596,49.958333333333336,2.9325558996636847,57.041666666666664,2.9629154369857384,62.666666666666664,3.034469888213884,69.83333333333333,3.0499485710741103,37.333333333333336,3.4258126663702337,45.666666666666664,3.3515767878963674,124.0,3.563263599986051,130.66666666666666,3.531097263541478,42.84166666666667,3.2958218988568286,49.975,3.2632435373076505,44.583333333333336,3.1359733818368554,51.78333333333334,3.1486961684120387,49.25,2.955916609363188,56.166666666666664,2.9731465858707447,61.916666666666664,3.0455761255313405,69.16666666666667,3.067281555845983,37.333333333333336,3.4786357406850152,45.666666666666664,3.3886774498671923,125.0,3.417467515508519,131.66666666666666,3.394754790724587,45.78333333333333,2.915315512727271,52.833333333333336,2.958750860399939,46.23333333333333,2.882351899540993,53.23333333333333,2.927625728890443,47.083333333333336,2.7959799532287684,54.166666666666664,2.848626667549602,50.0,2.778933698347028,57.0,2.820379893046794,45.5,3.0013352098232335,52.5,3.0221196641992383,66.83333333333333,2.66370499398676,73.5,2.687388633130781,C_p25,16.8397,2.795972216448828,E1,1.4548952772317796,3.5630088422002766,3.5630088422002766,2.6128731509468697,3.3848584000902626,2.1971887860235038,7.0,1,6,False,frame_uncertain
high/IMG_7036_jpg,IMG_7036_jpg,holdout,6.212,7.823,7.82,4.717,3.912,6.673,6.327,E3,False,2701,1800,False,False,71.375,5.329327794750938,82.74166666666667,5.292569831435047,79.36666666666666,5.420602751453734,88.60000000000001,5.259361879842408,95.0,5.576503295440534,102.25,5.311172010491601,111.91666666666667,5.419272685998998,118.75,5.186368393532945,53.166666666666664,4.878724288268323,71.66666666666667,5.259773791224227,167.33333333333334,4.808490126862897,174.66666666666666,4.7201402196319755,77.86666666666667,5.990305353611789,88.78333333333332,5.797331440132683,85.39999999999999,6.007000975152167,94.06666666666666,5.719742894920355,96.125,5.769289016752009,103.16666666666667,5.461061533097896,111.25,5.472199364178115,118.5,5.255029364352997,58.666666666666664,5.466427592505023,77.0,5.713755408170229,176.5,4.825464131898029,184.66666666666666,4.761251022940306,96.23333333333333,6.127787320890886,103.28333333333335,5.784031256119376,96.56666666666666,6.020312511153755,103.5,5.692096360804525,97.25,5.775059478615881,104.33333333333333,5.48689321195708,99.33333333333333,5.520814947382762,106.5,5.269657168587431,95.66666666666667,6.31049967193603,102.83333333333333,5.919516929558507,109.83333333333333,4.377510202087968,117.5,4.296165501943765,C_p25,16.8397,5.775043498399615,E2-E3,7.304168126510567,7.719852491433933,4.216227129936994,3.147324477276911,5.730505887872112,6.532182877367174,7.0,1,6,False,frame_uncertain
high/IMG_2736-_jpg,IMG_2736-_jpg,holdout,1.9925,1.431,3.093,2.031,2.031,2.446,0.923,E1,False,2694,1796,False,False,35.541666666666664,2.6537750198030063,42.666666666666664,2.7291728811509155,38.4,2.62265198222373,44.833333333333336,2.661340003155771,41.541666666666664,2.4384972743658824,48.166666666666664,2.5019212893758316,57.333333333333336,2.7762171317701494,63.166666666666664,2.7587840296827872,30.666666666666668,2.8140604045184063,38.5,2.825599408773945,101.66666666666667,2.9214930053649075,107.83333333333333,2.91405603253997,32.025,2.4636925806860126,38.88333333333333,2.5389852167879767,33.766666666666666,2.3751334847108296,40.38333333333333,2.455516838127573,38.791666666666664,2.3282219655813265,44.791666666666664,2.3710182342811947,54.083333333333336,2.660267705881346,59.75,2.6496878018573127,28.333333333333332,2.6400360531984486,36.0,2.6713661648588087,106.83333333333333,2.9207955699212804,112.66666666666667,2.9048787829491403,38.166666666666664,2.43031398767581,45.28333333333333,2.5359388289295373,38.666666666666664,2.4106187479939094,45.73333333333333,2.5151549781075064,39.833333333333336,2.3654485268023917,46.25,2.4322889238308143,41.333333333333336,2.29725185730021,47.833333333333336,2.3668100272059354,37.833333333333336,2.4956157239189527,44.833333333333336,2.5807942529193495,56.833333333333336,2.2651456432655492,62.666666666666664,2.2912882677033415,C_p25,16.8397,2.3654419813496284,E1,1.8408879018034763,3.919309726420304,2.1378053053201658,2.4347227088368557,2.909790554463559,0.9501356912534071,6.0,1,6,False,frame_uncertain
high/IMG_2947_jpg,IMG_2947_jpg,dev,2.957333333333333,2.454,3.634,1.746,3.02,3.681,3.209,E1,True,2699,1799,False,False,47.25,3.5279963334778537,57.366666666666674,3.6694582253599424,51.300000000000004,3.503699132502015,60.366666666666674,3.5834102198625284,60.0,3.5220020813308635,67.5,3.506152671962671,74.16666666666667,3.591327394295688,81.83333333333333,3.574044745578492,37.833333333333336,3.4716940860091206,50.5,3.7063057180021874,137.5,3.9511995564361455,145.0,3.91843701438914,47.25833333333333,3.635597352347223,57.48333333333334,3.753519079597828,51.43333333333334,3.6177995724667427,60.400000000000006,3.672634346419449,59.708333333333336,3.5836112531450497,67.08333333333333,3.5510133555281147,74.41666666666667,3.6604299866749495,82.33333333333333,3.6511737074407598,37.833333333333336,3.5252246122120465,50.5,3.747333092371384,140.83333333333334,3.850346734139598,148.16666666666666,3.8201734290558957,56.333333333333336,3.587100994910148,63.78333333333333,3.571968310015951,56.56666666666666,3.5265689787462624,64.13333333333334,3.5270832200283118,57.666666666666664,3.424456863069571,65.16666666666667,3.427117006190445,59.333333333333336,3.29766798870514,67.0,3.3151833830550035,56.0,3.693951027474749,63.333333333333336,3.645731658399081,68.66666666666667,2.736774208285649,76.33333333333333,2.7909841133194955,C_p25,16.8397,3.4244473872258214,E1-E2,3.266091438683587,4.186535389585325,2.108113564968497,3.028557515870235,4.216227129936994,3.7411592843102905,8.0,1,6,False,
high/IMG_2821_jpg,IMG_2821_jpg,dev,4.034333333333333,2.585,4.794,5.17,5.406,4.935,1.316,E2-E3,True,2699,1799,False,False,75.19166666666668,5.614305276361672,81.62499999999999,5.221142259936174,80.56666666666668,5.5025606258982265,86.06666666666666,5.1089813294782145,88.5,5.194953069963024,94.66666666666667,4.917270907839005,98.66666666666667,4.777675994209094,104.75,4.574922856611166,67.5,6.193991651249752,76.5,5.614502721330046,127.33333333333333,3.6590502558996545,133.66666666666666,3.612168374184012,64.36666666666667,4.951746420301526,71.66666666666667,4.679655564589927,68.53333333333333,4.820606559294635,75.03333333333333,4.562417170965882,76.95833333333333,4.618932299064135,83.16666666666667,4.402374321511875,90.41666666666667,4.447442928938768,96.41666666666667,4.275716578450364,59.5,5.544075711716743,68.66666666666667,5.095383610749209,122.16666666666667,3.340004918490326,128.5,3.313108789428679,85.66666666666667,5.454940566224308,91.5,5.12414581185983,85.83333333333333,5.351157996624411,91.56666666666666,5.035809566225453,86.91666666666667,5.1614284800311605,92.91666666666667,4.886490360488933,89.83333333333333,4.992817544696827,95.83333333333333,4.74186677924534,85.33333333333333,5.628877756151998,91.33333333333333,5.257528812638674,104.0,4.145017247500594,110.16666666666667,4.028036023808268,C_p25,16.8397,5.1614141977984564,E2-E3,3.8896179860686355,5.700814147520442,5.878964589630456,6.472799396663836,5.878964589630456,3.147324477276911,6.0,1,6,False,
high/IMG_7278_jpg,IMG_7278_jpg,holdout,3.279333333333333,3.807,4.528,2.906,2.264,3.293,2.878,E1-E2,True,2699,1799,False,False,45.666666666666664,3.409774234119689,54.900000000000006,3.511677918168405,50.86666666666667,3.474103233397059,59.6,3.537900316462838,55.166666666666664,3.238285247001433,64.16666666666667,3.333009330137354,67.16666666666667,3.2523706514632855,75.83333333333333,3.311996658326301,34.833333333333336,3.1964055681757984,46.333333333333336,3.4005049161868257,111.5,3.204063640310038,120.5,3.256356277475113,48.48333333333334,3.729836959258711,57.96666666666667,3.7850795473590155,52.93333333333334,3.723308957276207,62.1,3.7760031939180094,55.75,3.3460375831877713,64.875,3.4341166425821585,66.75,3.2833196185068694,75.58333333333333,3.351836591749766,38.0,3.5407542360543904,49.833333333333336,3.6978633485777026,118.0,3.226089334640042,126.5,3.261542893873369,53.5,3.406684672680939,62.449999999999996,3.4972995185862996,53.666666666666664,3.345772572646719,62.73333333333333,3.4500886798821626,54.5,3.2364086538258663,63.166666666666664,3.3219369446193823,55.833333333333336,3.103142629820848,64.83333333333333,3.207975960219891,53.333333333333336,3.518048597594999,61.833333333333336,3.559385382279103,71.16666666666667,2.836414045965952,80.0,2.9250488523872447,C_p25,16.8397,3.236399698331918,E1-E2,3.8005427650136285,4.6319114948603595,2.6722566316502077,2.3753392281335177,3.266091438683587,2.6722566316502077,8.0,1,6,False,
high/IMG_3785-_jpg,IMG_3785-_jpg,dev,1.9571666666666667,2.872,2.359,0.667,0.718,2.461,2.666,E1,True,2698,1799,False,False,26.600000000000005,1.9861312692171624,32.9,2.1044481513249638,32.550000000000004,2.223107344306834,38.5,2.2853886272452897,41.833333333333336,2.4556181178167966,47.5,2.467292621010768,51.416666666666664,2.489717980090381,57.0,2.4894568288958134,17.5,1.6058496873610468,26.5,1.9448930995457023,99.5,2.859231679021065,105.66666666666667,2.8555046748536954,29.01666666666667,2.232260620855763,36.00833333333333,2.351254848208497,33.68333333333333,2.3692718522214147,39.516666666666666,2.402818994304777,41.833333333333336,2.510778575127446,47.291666666666664,2.5033541357294475,56.583333333333336,2.783238478110068,62.416666666666664,2.767944440154989,22.166666666666668,2.065439971031728,30.833333333333332,2.287975650457776,106.16666666666667,2.902569076505235,112.83333333333333,2.9091759409120828,39.333333333333336,2.504603061534896,45.666666666666664,2.557406106465562,39.56666666666667,2.4667279774730786,46.06666666666666,2.533487011475637,40.583333333333336,2.4099862605706375,46.916666666666664,2.4673489443545016,42.5,2.3620936435949735,48.833333333333336,2.4162903762067565,39.166666666666664,2.5835669388588274,45.5,2.6191703756393396,53.5,2.132292526358479,59.5,2.1755050839630132,C_p25,16.8397,2.4099795918771316,E1,3.3848584000902626,3.087940996573573,0.6532182877367174,0.8313687298467312,2.909790554463559,3.5927005825519456,6.0,1,6,False,
high/IMG_7352_jpg,IMG_7352_jpg,holdout,2.9721666666666664,1.833,3.25,1.583,1.917,5.0,4.25,E1,True,2697,1798,False,False,23.983333333333334,1.7907536944884064,28.483333333333334,1.821936114799576,27.75,1.8952758465288675,32.416666666666664,1.9242774372260123,37.458333333333336,2.198805466053088,41.833333333333336,2.1729489399077293,51.75,2.5058587773681147,56.833333333333336,2.4821777153610305,16.666666666666668,1.5293806546295685,23.166666666666668,1.7002524580934129,85.0,2.44255972579689,90.16666666666667,2.43663726986727,25.766666666666666,1.9822371739477365,30.683333333333334,2.0035455568395477,29.96666666666667,2.1078430431935202,34.550000000000004,2.100819812397218,37.958333333333336,2.2782064561166364,42.75,2.262943914765122,50.583333333333336,2.4881086247611357,55.416666666666664,2.457520764623588,18.666666666666668,1.7393178703425076,25.166666666666668,1.867482828211482,87.16666666666667,2.3831140141479406,92.33333333333333,2.380625511470153,38.0,2.419701262838798,42.5,2.38006772682014,38.333333333333336,2.389837551890514,42.73333333333333,2.350166677794332,39.166666666666664,2.325859430119506,43.583333333333336,2.2920488417360647,40.5,2.2509362956610928,45.166666666666664,2.2348624298704127,37.666666666666664,2.484621822051468,42.333333333333336,2.4368837927193856,54.833333333333336,2.185433773121307,59.833333333333336,2.1876927875146266,C_p25,16.8397,2.325852994214069,E1,1.3658200561767726,2.3753392281335177,1.4252035368801106,1.4845870175834486,3.5630088422002766,3.7411592843102905,5.0,1,6,False,
high/IMG_6748_jpg,IMG_6748_jpg,dev,1.876666666666667,3.535,3.781,0.575,1.069,0.574,1.726,E1,True,2698,1799,False,False,30.058333333333337,2.2443532230784164,38.39166666666667,2.4557225514574745,35.43333333333333,2.420033903735959,43.6,2.5881284194258347,44.625,2.6194890479898296,52.166666666666664,2.709693299566212,57.666666666666664,2.7923579290478826,64.66666666666667,2.824296051495835,20.333333333333332,1.8658443986480735,32.333333333333336,2.3730142220872095,96.83333333333333,2.7826023542901823,104.33333333333333,2.81947307012368,23.150000000000002,1.7809362448987105,30.775000000000002,2.0095311627942563,27.03333333333333,1.901513579566123,34.583333333333336,2.1028466525442484,40.208333333333336,2.4132483316713,46.541666666666664,2.4636533652949715,59.416666666666664,2.9226053533026186,66.66666666666667,2.9564159574419113,15.166666666666666,1.4131957696532873,26.166666666666668,1.9416874439020044,103.0,2.8159932327790194,109.83333333333333,2.8318270975791173,40.166666666666664,2.5576666857199575,47.666666666666664,2.6694092936100393,40.666666666666664,2.535305924614284,48.06666666666666,2.6434792116844203,41.333333333333336,2.4545239943388837,48.583333333333336,2.5549989956637202,43.833333333333336,2.436198542217561,51.166666666666664,2.5317445238753384,39.833333333333336,2.627542546328765,47.333333333333336,2.7247047131193134,62.333333333333336,2.4843532861622153,69.83333333333333,2.553323894063032,C_p25,16.8397,2.4545172024046353,E1,4.6912949755636975,4.6319114948603595,0.8907522105500691,0.9501356912534071,0.8907522105500691,2.6722566316502077,7.0,1,6,False,
high/IMG_3160_jpg,IMG_3160_jpg,dev,0.7408333333333333,0.889,0.938,1.137,0.197,0.938,0.346,E1,True,2698,1799,False,False,17.416666666666668,1.3004430929398085,21.091666666666665,1.3491282348033138,21.05,1.4376777142137895,23.5,1.394977473773099,28.708333333333332,1.6851801625256702,29.833333333333332,1.5496329093365877,42.166666666666664,2.0418108556332784,43.666666666666664,1.9071277461131668,12.333333333333334,1.1317416844258807,17.5,1.2843633676245205,82.66666666666667,2.3755090666573677,84.16666666666667,2.274495048582202,17.341666666666665,1.334099469270776,20.883333333333333,1.3636298656816694,20.566666666666666,1.4466508983875437,23.083333333333332,1.403586801818691,27.25,1.635507159495368,28.875,1.528479661727319,42.166666666666664,2.074107024924439,43.833333333333336,1.9438434920180565,10.333333333333334,0.9628366782253167,15.833333333333334,1.174906415099939,83.83333333333333,2.291981547067713,85.16666666666667,2.195847719063625,19.5,1.2416888059304358,21.666666666666668,1.2133678607318361,20.066666666666666,1.2510280054244256,22.233333333333334,1.2227466256543054,21.333333333333332,1.2668510938523267,23.166666666666668,1.2183357131981376,24.333333333333332,1.3524143998622202,26.166666666666668,1.294735798854815,19.0,1.2533048128932185,21.333333333333332,1.2280359270396903,47.666666666666664,1.8997995717711058,49.0,1.7915924220871873,C_p25,16.8397,1.266847588337876,E1,1.9299631228584833,1.2470530947700968,1.6627374596934623,1.2470530947700968,1.1282861333634209,0.38599262457169664,1.0,1,6,False,
high/IMG_6726_jpg,IMG_6726_jpg,holdout,1.4891666666666665,3.259,1.787,0.0,0.42,1.472,1.997,E1,True,2698,1799,True,False,13.966666666666669,1.042843360654124,16.566666666666666,1.0596866577593789,17.400000000000002,1.1883891794451278,19.400000000000002,1.151598425157367,22.333333333333332,1.3109674413842658,24.0,1.246632061142283,28.666666666666668,1.3881085658850747,31.666666666666668,1.3830315716087853,6.0,0.5505770356666446,9.0,0.6605297319211819,64.16666666666667,1.8438931263368679,66.83333333333333,1.806084187092006,15.5,1.1924195160228945,18.0,1.1753553511063073,17.066666666666666,1.200462333832127,19.333333333333332,1.1755672852777483,21.375,1.2828978177693025,23.25,1.2307238834687504,32.25,1.58632296175051,34.916666666666664,1.5484228577102008,11.333333333333334,1.0560144212793796,14.666666666666666,1.088334363460996,69.16666666666667,1.890998691914714,71.66666666666667,1.8477779240652816,27.333333333333332,1.7404868732700125,29.166666666666668,1.6333798125236256,27.5,1.7144486785301514,29.5,1.6223849530795507,28.0,1.6627420606811791,29.833333333333332,1.5689359184350118,29.333333333333332,1.630307769696923,31.0,1.5338908190254494,27.333333333333332,1.802999906267437,29.0,1.6693613383195791,35.0,1.3949577275242386,37.0,1.3528350942291005,C_p25,16.8397,1.6627374596934623,E1,3.5630088422002766,2.0190383439134902,0.0,0.0,1.959654863210152,2.4347227088368557,3.0,3,6,False,"gingiva_multi_component,region_zero"
high/IMG_7291_jpg,IMG_7291_jpg,dev,5.9665,8.918,5.708,4.519,8.806,6.183,1.665,E2-E3,True,2698,1799,False,False,68.89166666666667,5.14390576523129,88.64166666666667,5.669963268906697,75.76666666666667,5.174729128120259,91.64999999999999,5.440412147715086,89.45833333333333,5.251207269873169,103.66666666666667,5.384757930767361,107.0,5.18119592615243,119.58333333333333,5.2227639612068595,61.166666666666664,5.6128270024905165,75.0,5.5044144326765165,152.16666666666666,4.372660842456001,164.66666666666666,4.449903184156862,63.26666666666667,4.867123099809579,83.5,5.452342878743147,66.98333333333333,4.711580194991522,87.14999999999999,5.299173564411505,84.29166666666667,5.0590687823534095,98.16666666666667,5.196389730201391,100.58333333333333,4.947524069335569,113.33333333333333,5.025907127651248,56.5,5.264542482554554,70.5,5.231425406181834,161.0,4.4016981599749725,173.66666666666666,4.4776385973861,92.16666666666667,5.868836834867786,104.83333333333333,5.870833726156345,92.39999999999999,5.760547559861307,105.23333333333333,5.787422934318804,93.08333333333333,5.527627624347848,105.91666666666667,5.570160760700838,94.66666666666667,5.261447802203707,107.33333333333333,5.3108907927547815,91.83333333333333,6.057639928983889,104.66666666666667,6.0250512670384815,111.16666666666667,4.430651448850796,124.33333333333333,4.546013424751842,C_p25,16.8397,5.527612328802373,E2-E3,6.472799396663836,6.918175501938871,4.6912949755636975,3.8005427650136285,6.650949838773849,4.6319114948603595,12.5,2,6,False,gingiva_multi_component
high/gummy15_JPG,gummy15_JPG,holdout,3.5833333333333335,5.6,4.7,3.3,2.1,2.8,3.0,E1-E2,True,2698,1799,False,False,49.56666666666666,3.700973931486115,59.475,3.8043177446824386,53.75,3.6710297928261846,63.26666666666667,3.7555563762004853,61.416666666666664,3.605160463806731,70.83333333333333,3.6792960137879875,76.08333333333333,3.6841369786426545,85.33333333333333,3.7269061298089365,38.166666666666664,3.5022816991017116,50.666666666666664,3.718537750074802,132.16666666666666,3.7979409069743792,141.0,3.810342200199095,50.791666666666664,3.907417715139539,60.400000000000006,3.9439701781567202,54.51666666666667,3.834679974575086,64.01666666666667,3.8925465023722685,61.625,3.6986469249138367,70.91666666666667,3.7539284044154364,76.91666666666667,3.783400758903671,86.08333333333333,3.817472105046867,38.166666666666664,3.556283859896734,50.666666666666664,3.7597005283198044,143.16666666666666,3.9141394610957567,152.33333333333334,3.927602378129459,59.61666666666667,3.7961716741992895,68.45,3.8333090800197316,60.0,3.7406152986112393,68.66666666666667,3.7763988738348866,60.583333333333336,3.597659161057194,69.5,3.655007139594413,62.5,3.4736671229337848,71.33333333333333,3.529598228725227,59.333333333333336,3.9138290648244367,68.16666666666667,3.923958548119011,81.0,3.2283307408418094,90.16666666666667,3.296773810711457,C_p25,16.8397,3.5976492059438905,E1-E2,4.5131445334536835,5.285129782597077,2.909790554463559,2.1971887860235038,3.3551666597385936,3.3254749193869246,9.0,1,6,False,
high/IMG_2910_jpg,IMG_2910_jpg,dev,1.7566666666666666,0.324,2.108,2.838,2.27,1.703,1.297,E1,True,2698,1799,False,False,41.666666666666664,3.1111078778464316,47.833333333333336,3.059658659727784,45.166666666666664,3.084803329785724,50.666666666666664,3.0076110072838445,55.333333333333336,3.248068586116241,60.666666666666664,3.1512088212207705,65.66666666666667,3.1797370637134854,71.16666666666667,3.108181479352375,36.333333333333336,3.3340498270924597,44.333333333333336,3.253720531315452,97.83333333333333,2.811338351064263,102.66666666666667,2.7744335642111615,38.88333333333333,2.9913061622380788,44.74166666666667,2.921519851893409,40.75,2.86633828732378,46.4,2.821361484666596,46.708333333333336,2.8033693054958833,51.458333333333336,2.7239139714765357,59.166666666666664,2.9103082760797467,64.66666666666667,2.867723478718654,34.833333333333336,3.245691383049858,42.666666666666664,3.166063602795625,98.5,2.6929644022207126,103.16666666666667,2.659940779061417,41.666666666666664,2.6531812092530678,47.833333333333336,2.6787428925387458,45.166666666666664,2.815852072010127,50.666666666666664,2.7864690719558385,55.333333333333336,3.285895024679473,60.666666666666664,3.1904618676555545,65.66666666666667,3.6496662571624303,71.16666666666667,3.5213515038917578,36.333333333333336,2.3966706071115933,44.333333333333336,2.552012160879357,97.83333333333333,3.8992389812225143,102.66666666666667,3.753812693896964,C_p25,16.8397,3.2858859322513663,E1-E2,2.6128731509468697,4.5131445334536835,3.6817758036069526,3.4442418807936006,3.6223923229036146,1.8408879018034763,5.0,1,0,True,zenith_detection_failed
high/IMG_2711-_jpg,IMG_2711-_jpg,dev,1.4118333333333333,0.684,2.265,2.521,1.996,1.005,0.0,E1,True,2699,1799,True,False,40.71666666666667,3.0401746182315335,45.65833333333333,2.9205348077784894,42.38333333333333,2.894706593226973,46.88333333333333,2.7830295274636363,45.041666666666664,2.6439473957768493,49.791666666666664,2.586328668515674,56.75,2.747970736534116,61.5,2.6859928943349565,35.5,3.257580794360981,41.166666666666664,3.0213119219357765,105.0,3.017279661278511,110.33333333333333,2.981615291408748,35.53333333333333,2.7335896861944207,40.40833333333333,2.638563934034483,36.06666666666667,2.536914541418675,41.06666666666667,2.4970670611417005,40.291666666666664,2.418249882617769,45.291666666666664,2.3974854145708453,52.75,2.594683294026028,57.166666666666664,2.5351266835064385,31.5,2.9350989062029815,37.166666666666664,2.757938216497751,106.0,2.8980124531512237,111.33333333333333,2.8705015192456,40.71666666666667,2.5926886776820983,45.65833333333333,2.556939426519127,42.38333333333333,2.6423290845467724,46.88333333333333,2.5784004932275573,45.041666666666664,2.6747383446374324,49.791666666666664,2.6185452828629034,56.75,3.1540897476238765,61.5,3.0430414635504883,35.5,2.3417010977741715,41.166666666666664,2.3697255779594024,105.0,4.184873182572716,110.33333333333333,4.034129875584075,C_p25,16.8397,2.6747309433461797,E1,1.4845870175834486,3.206707957980249,3.087940996573573,3.6817758036069526,2.850407073760221,1.7369668105726348,5.0,1,0,True,zenith_detection_failed
high/IMG_2456_jpeg,IMG_2456_jpeg,holdout,2.718,4.231,4.077,1.077,0.538,3.231,3.154,E1,True,2698,1799,False,False,33.6,2.508797392695363,40.150000000000006,2.56819432448928,36.266666666666666,2.4769490943224115,43.53333333333333,2.584171036521514,46.583333333333336,2.734443282588823,54.083333333333336,2.80925072111577,56.833333333333336,2.7520059358535494,64.16666666666667,2.802458710891486,32.0,2.9364108568887715,38.333333333333336,2.8133673767013305,92.16666666666667,2.6485010360111376,99.66666666666667,2.6933624535686276,22.966666666666665,1.7668323581500522,29.766666666666666,1.9436894972924674,24.266666666666666,1.7069073809175557,31.166666666666668,1.8950955374736118,32.25,1.9356002162835089,39.5,2.0909072428823934,46.833333333333336,2.303652466418053,53.666666666666664,2.379914845740738,21.666666666666668,2.018851099504696,28.833333333333332,2.139566419076731,85.83333333333333,2.3466610273158492,93.0,2.3978141433219236,33.6,2.139525327141674,40.150000000000006,2.2484639819253798,36.266666666666666,2.26099413604946,43.53333333333333,2.394163557877845,46.583333333333336,2.7662881307166045,54.083333333333336,2.8442441649841417,56.833333333333336,3.1587213037877886,64.16666666666667,3.174989060886011,32.0,2.1108291585569994,38.333333333333336,2.206627056399444,92.16666666666667,3.673388682480495,99.66666666666667,3.6441233619324422,C_p25,16.8397,2.7662804760971595,E1,0.8016769894950623,3.6817758036069526,4.1568436492336565,3.6223923229036146,1.7221209403968003,2.6128731509468697,8.0,2,0,True,"gingiva_multi_component,zenith_detection_failed"
high/IMG_6399-_jpg,IMG_6399-_jpg,dev,7.533333333333334,5.676,8.62,8.935,7.253,8.199,6.517,E3,True,2699,1799,False,False,101.59166666666668,7.585503227765171,115.04166666666667,7.358638989118826,107.75,7.359134142828305,120.81666666666666,7.171767168355457,118.5,6.955954110628456,131.41666666666666,6.826176251463125,136.5,6.609656485231838,148.58333333333334,6.489329716259117,91.16666666666667,8.36571218082374,106.66666666666667,7.828500526473268,191.16666666666666,5.493364716645162,202.33333333333334,5.467796017779789,98.58333333333333,7.58404455621013,111.95833333333333,7.310601454682055,103.14999999999999,7.255528695397494,116.28333333333335,7.070631852916251,114.20833333333333,6.854625572135785,127.125,6.729280588643651,136.91666666666666,6.734699292392991,148.41666666666666,6.581721025255054,88.5,8.246230260284566,104.16666666666667,7.7296474677627565,199.5,5.454278154751596,210.5,5.427310507196396,101.59166666666668,6.468986424400831,115.04166666666667,6.4425166605396145,107.75,6.717521640422683,120.81666666666666,6.644445494278905,118.5,7.036961935382847,131.41666666666666,6.911206545731881,136.5,7.586488996487386,148.58333333333334,7.351955189038646,91.16666666666667,6.013664321513952,106.66666666666667,6.140179635198452,191.16666666666666,7.619126254620483,202.33333333333334,7.3979360558294065,C_p25,16.8397,7.036942463345547,E3,3.7411592843102905,9.204439509017382,9.085672547610706,6.947867242290539,8.610604701984002,4.6319114948603595,11.0,1,0,True,zenith_detection_failed
high/IMG_6764_jpg,IMG_6764_jpg,dev,1.2785,1.994,2.148,0.844,0.0,1.074,1.611,E1,True,2699,1799,True,False,31.208333333333332,2.3302198005069776,36.625,2.342717736847319,33.666666666666664,2.29937369969268,38.916666666666664,2.310122270397295,43.208333333333336,2.536330665513962,49.0,2.545207124832161,57.75,2.796393128367316,63.333333333333336,2.7660631432175706,18.666666666666668,1.7129063331851169,30.166666666666668,2.213997805143221,112.16666666666667,3.2232209714927587,117.16666666666667,3.1662772656500753,31.641666666666666,2.4342026356660917,39.291666666666664,2.5656483705862216,35.1,2.4689196045414645,41.26666666666667,2.5092281020238842,43.208333333333336,2.5933041657441844,48.041666666666664,2.543054906163923,66.16666666666667,3.2546264383201677,71.91666666666667,3.1892337140904616,19.666666666666668,1.8324956133965704,32.0,2.3745477020967187,121.33333333333333,3.317221801720269,126.5,3.261542893873369,30.45,1.938944827722142,34.666666666666664,1.9413885771709376,30.666666666666668,1.9118700415124112,35.06666666666667,1.9285299103273306,31.25,1.8557389070102444,35.5,1.8669460928863548,32.666666666666664,1.8155700162533914,37.0,1.830772913030375,30.333333333333332,2.0008901398821557,34.666666666666664,1.9955583814394968,45.666666666666664,1.8200877016268635,51.166666666666664,1.870812495172675,C_p25,16.8397,1.8557337719793108,E1,2.88009881411189,2.6128731509468697,1.0095191719567451,0.0,1.7221209403968003,2.909790554463559,5.0,2,6,False,gingiva_multi_component
high/IMG_8554_jpg,IMG_8554_jpg,dev,3.903333333333333,4.644,4.145,2.097,2.147,4.544,5.843,E1-E2,True,2699,1799,False,False,59.51666666666667,4.443906492715843,72.45833333333333,4.634796523751408,68.60000000000001,4.685258489076769,80.01666666666667,4.749848830911098,75.58333333333333,4.436744288565407,84.83333333333333,4.40649804945432,89.0,4.309592873154825,98.75,4.312874769358975,41.833333333333336,3.8387454431202173,61.0,4.4769237385769,134.16666666666666,3.8554129005225417,143.33333333333334,3.8733975084766215,58.449999999999996,4.496575529776657,72.95,4.76345404795584,65.93333333333334,4.637723625624897,76.91666666666667,4.676933639273112,74.25,4.456381893303893,84.75,4.4861870590957675,89.58333333333333,4.406452671529194,99.33333333333333,4.405059776588447,44.833333333333336,4.177468813590487,64.0,4.7490954041934375,140.66666666666666,3.845790110785586,150.0,3.8674421666482637,72.66666666666667,4.627148028937351,81.83333333333333,4.582797073994858,72.89999999999999,4.544847587812655,81.83333333333333,4.500514191876041,73.41666666666667,4.359749272202735,82.66666666666667,4.347442544937239,75.16666666666667,4.177663659848365,84.16666666666667,4.16459604090243,72.66666666666667,4.793341214223187,81.5,4.691481002518818,84.16666666666667,3.354541201903526,93.16666666666667,3.4064631426759786,C_p25,16.8397,4.359737208303394,E2-E3,5.700814147520442,4.1568436492336565,2.2565722667268417,2.731640112353545,4.89913715802538,6.413415915960498,9.0,1,6,False,
high/IMG_7285_jpg,IMG_7285_jpg,dev,3.535,3.743,3.618,2.745,2.246,3.618,5.24,E1-E2,True,2697,1798,False,False,43.65,3.259196612831922,56.291666666666664,3.600695861752819,49.0,3.3466132064834055,58.0,3.442923126759138,52.166666666666664,3.0621851429348896,60.833333333333336,3.159865988312037,60.666666666666664,2.9376251045474837,69.75,3.046309014306719,31.166666666666668,2.859941824157293,47.666666666666664,3.498361172767741,93.0,2.6724476999895383,101.16666666666667,2.7338980088898945,40.583333333333336,3.1220876575438155,53.81666666666666,3.5140948414095057,45.20000000000001,3.1793494622585246,57.800000000000004,3.514540814951062,54.416666666666664,3.2660127680442668,63.666666666666664,3.370154290215503,61.666666666666664,3.033279048308468,71.08333333333333,3.1522785146224375,31.333333333333332,2.9195692823606376,47.5,3.524719245299817,95.83333333333333,2.620058428556531,104.33333333333333,2.6900208848020144,49.833333333333336,3.1732047262666696,57.833333333333336,3.238758828261132,50.23333333333333,3.1317262527817427,58.23333333333333,3.202606229412401,50.916666666666664,3.0236172591553583,59.0,3.1028118163463363,52.166666666666664,2.899354158608732,60.333333333333336,2.9853143897161973,49.666666666666664,3.2761827565103427,57.666666666666664,3.319534615279163,62.166666666666664,2.477710630316862,70.33333333333333,2.5716054493904523,C_p25,16.8397,3.0236088924782902,E1-E2,3.058249256221904,3.147324477276911,2.3159557474301797,2.0190383439134902,3.266091438683587,4.3349940913436695,8.0,1,6,False,
