uid,image,patient_id,group,main_split,fold,width,height,frame_ok,masks,split,ref_mm,ref_mm_1,ref_mm_2,ref_mm_3,ref_mm_4,ref_mm_5,ref_mm_6,ref_label,has_dash_zero,has_ambiguous_100_999,A_p05_px,A_p05_region_1_px,A_p05_region_2_px,A_p05_region_3_px,A_p05_region_4_px,A_p05_region_5_px,A_p05_region_6_px,A_p05_lipanchored_px,A_p05_lipanchored_region_1_px,A_p05_lipanchored_region_2_px,A_p05_lipanchored_region_3_px,A_p05_lipanchored_region_4_px,A_p05_lipanchored_region_5_px,A_p05_lipanchored_region_6_px,A_p10_px,A_p10_region_1_px,A_p10_region_2_px,A_p10_region_3_px,A_p10_region_4_px,A_p10_region_5_px,A_p10_region_6_px,A_p10_lipanchored_px,A_p10_lipanchored_region_1_px,A_p10_lipanchored_region_2_px,A_p10_lipanchored_region_3_px,A_p10_lipanchored_region_4_px,A_p10_lipanchored_region_5_px,A_p10_lipanchored_region_6_px,A_p25_px,A_p25_region_1_px,A_p25_region_2_px,A_p25_region_3_px,A_p25_region_4_px,A_p25_region_5_px,A_p25_region_6_px,A_p25_lipanchored_px,A_p25_lipanchored_region_1_px,A_p25_lipanchored_region_2_px,A_p25_lipanchored_region_3_px,A_p25_lipanchored_region_4_px,A_p25_lipanchored_region_5_px,A_p25_lipanchored_region_6_px,A_median_px,A_median_region_1_px,A_median_region_2_px,A_median_region_3_px,A_median_region_4_px,A_median_region_5_px,A_median_region_6_px,A_median_lipanchored_px,A_median_lipanchored_region_1_px,A_median_lipanchored_region_2_px,A_median_lipanchored_region_3_px,A_median_lipanchored_region_4_px,A_median_lipanchored_region_5_px,A_median_lipanchored_region_6_px,A_min_px,A_min_region_1_px,A_min_region_2_px,A_min_region_3_px,A_min_region_4_px,A_min_region_5_px,A_min_region_6_px,A_min_lipanchored_px,A_min_lipanchored_region_1_px,A_min_lipanchored_region_2_px,A_min_lipanchored_region_3_px,A_min_lipanchored_region_4_px,A_min_lipanchored_region_5_px,A_min_lipanchored_region_6_px,A_max_px,A_max_region_1_px,A_max_region_2_px,A_max_region_3_px,A_max_region_4_px,A_max_region_5_px,A_max_region_6_px,A_max_lipanchored_px,A_max_lipanchored_region_1_px,A_max_lipanchored_region_2_px,A_max_lipanchored_region_3_px,A_max_lipanchored_region_4_px,A_max_lipanchored_region_5_px,A_max_lipanchored_region_6_px,B_p05_px,B_p05_region_1_px,B_p05_region_2_px,B_p05_region_3_px,B_p05_region_4_px,B_p05_region_5_px,B_p05_region_6_px,B_p05_lipanchored_px,B_p05_lipanchored_region_1_px,B_p05_lipanchored_region_2_px,B_p05_lipanchored_region_3_px,B_p05_lipanchored_region_4_px,B_p05_lipanchored_region_5_px,B_p05_lipanchored_region_6_px,B_p10_px,B_p10_region_1_px,B_p10_region_2_px,B_p10_region_3_px,B_p10_region_4_px,B_p10_region_5_px,B_p10_region_6_px,B_p10_lipanchored_px,B_p10_lipanchored_region_1_px,B_p10_lipanchored_region_2_px,B_p10_lipanchored_region_3_px,B_p10_lipanchored_region_4_px,B_p10_lipanchored_region_5_px,B_p10_lipanchored_region_6_px,B_p25_px,B_p25_region_1_px,B_p25_region_2_px,B_p25_region_3_px,B_p25_region_4_px,B_p25_region_5_px,B_p25_region_6_px,B_p25_lipanchored_px,B_p25_lipanchored_region_1_px,B_p25_lipanchored_region_2_px,B_p25_lipanchored_region_3_px,B_p25_lipanchored_region_4_px,B_p25_lipanchored_region_5_px,B_p25_lipanchored_region_6_px,B_median_px,B_median_region_1_px,B_median_region_2_px,B_median_region_3_px,B_median_region_4_px,B_median_region_5_px,B_median_region_6_px,B_median_lipanchored_px,B_median_lipanchored_region_1_px,B_median_lipanchored_region_2_px,B_median_lipanchored_region_3_px,B_median_lipanchored_region_4_px,B_median_lipanchored_region_5_px,B_median_lipanchored_region_6_px,B_min_px,B_min_region_1_px,B_min_region_2_px,B_min_region_3_px,B_min_region_4_px,B_min_region_5_px,B_min_region_6_px,B_min_lipanchored_px,B_min_lipanchored_region_1_px,B_min_lipanchored_region_2_px,B_min_lipanchored_region_3_px,B_min_lipanchored_region_4_px,B_min_lipanchored_region_5_px,B_min_lipanchored_region_6_px,B_max_px,B_max_region_1_px,B_max_region_2_px,B_max_region_3_px,B_max_region_4_px,B_max_region_5_px,B_max_region_6_px,B_max_lipanchored_px,B_max_lipanchored_region_1_px,B_max_lipanchored_region_2_px,B_max_lipanchored_region_3_px,B_max_lipanchored_region_4_px,B_max_lipanchored_region_5_px,B_max_lipanchored_region_6_px,C_p05_px,C_p05_region_1_px,C_p05_region_2_px,C_p05_region_3_px,C_p05_region_4_px,C_p05_region_5_px,C_p05_region_6_px,C_p05_lipanchored_px,C_p05_lipanchored_region_1_px,C_p05_lipanchored_region_2_px,C_p05_lipanchored_region_3_px,C_p05_lipanchored_region_4_px,C_p05_lipanchored_region_5_px,C_p05_lipanchored_region_6_px,C_p10_px,C_p10_region_1_px,C_p10_region_2_px,C_p10_region_3_px,C_p10_region_4_px,C_p10_region_5_px,C_p10_region_6_px,C_p10_lipanchored_px,C_p10_lipanchored_region_1_px,C_p10_lipanchored_region_2_px,C_p10_lipanchored_region_3_px,C_p10_lipanchored_region_4_px,C_p10_lipanchored_region_5_px,C_p10_lipanchored_region_6_px,C_p25_px,C_p25_region_1_px,C_p25_region_2_px,C_p25_region_3_px,C_p25_region_4_px,C_p25_region_5_px,C_p25_region_6_px,C_p25_lipanchored_px,C_p25_lipanchored_region_1_px,C_p25_lipanchored_region_2_px,C_p25_lipanchored_region_3_px,C_p25_lipanchored_region_4_px,C_p25_lipanchored_region_5_px,C_p25_lipanchored_region_6_px,C_median_px,C_median_region_1_px,C_median_region_2_px,C_median_region_3_px,C_median_region_4_px,C_median_region_5_px,C_median_region_6_px,C_median_lipanchored_px,C_median_lipanchored_region_1_px,C_median_lipanchored_region_2_px,C_median_lipanchored_region_3_px,C_median_lipanchored_region_4_px,C_median_lipanchored_region_5_px,C_median_lipanchored_region_6_px,C_min_px,C_min_region_1_px,C_min_region_2_px,C_min_region_3_px,C_min_region_4_px,C_min_region_5_px,C_min_region_6_px,C_min_lipanchored_px,C_min_lipanchored_region_1_px,C_min_lipanchored_region_2_px,C_min_lipanchored_region_3_px,C_min_lipanchored_region_4_px,C_min_lipanchored_region_5_px,C_min_lipanchored_region_6_px,C_max_px,C_max_region_1_px,C_max_region_2_px,C_max_region_3_px,C_max_region_4_px,C_max_region_5_px,C_max_region_6_px,C_max_lipanchored_px,C_max_lipanchored_region_1_px,C_max_lipanchored_region_2_px,C_max_lipanchored_region_3_px,C_max_lipanchored_region_4_px,C_max_lipanchored_region_5_px,C_max_lipanchored_region_6_px,selected_method,selected_px_per_mm,selected_mm,selected_label,selected_region_1_mm,selected_region_2_mm,selected_region_3_mm,selected_region_4_mm,selected_region_5_mm,selected_region_6_mm,bottom_edge_offset_px,A_p25_mm,gap_median_px,n_gingiva_instances,n_lip_instances,n_zeniths_found,qc_flags,alignment_uncertain,mask_missing,empty_prediction,gt_mm,gt_label,gt_mm_1,gt_mm_2,gt_mm_3,gt_mm_4,gt_mm_5,gt_mm_6,gt_alignment_uncertain
high/IMG_7307_jpg,IMG_7307_jpg,high/IMG_7307_jpg,high,valid,2.0,2697,1798,True,oof,holdout,2.8623333333333334,2.511,5.022,0.661,3.172,2.908,2.9,E1,False,False,20.883333333333336,29.9,34.5,15.0,0.0,27.0,18.9,25.891666666666666,35.9,40.0,18.0,0.0,33.0,28.45,29.95,38.0,46.0,15.0,0.0,42.0,38.7,34.13333333333333,44.0,51.0,18.0,0.0,47.0,44.8,38.875,47.25,67.0,16.0,3.0,48.0,52.0,43.875,52.25,74.0,20.0,5.0,54.0,58.0,44.916666666666664,53.0,72.0,20.5,10.5,54.0,59.5,50.333333333333336,59.0,77.0,25.0,15.0,61.0,65.0,10.666666666666666,3.0,26.0,15.0,0.0,19.0,1.0,16.333333333333332,10.0,32.0,17.0,0.0,25.0,14.0,86.5,94.0,103.0,82.0,81.0,83.0,76.0,92.0,100.0,109.0,86.0,85.0,89.0,83.0,24.183333333333334,18.5,51.0,15.0,0.0,51.0,9.600000000000001,29.349999999999998,25.5,56.0,18.0,0.0,56.0,20.6,27.866666666666664,28.0,51.0,16.0,2.0,51.0,19.200000000000003,33.15,34.0,57.0,19.0,4.0,56.3,28.6,37.333333333333336,40.0,53.0,20.0,10.0,54.0,47.0,42.541666666666664,45.0,59.0,24.0,14.5,59.75,53.0,55.5,45.5,67.0,52.5,47.0,62.0,59.0,60.833333333333336,50.5,72.5,57.0,53.0,68.0,64.0,20.0,3.0,51.0,15.0,0.0,50.0,1.0,25.333333333333332,10.0,56.0,17.0,0.0,55.0,14.0,85.0,70.0,102.0,103.0,83.0,82.0,70.0,90.66666666666667,75.0,108.0,109.0,89.0,88.0,75.0,38.333333333333336,51.0,67.0,15.0,0.0,47.0,50.0,42.5,56.0,73.0,18.0,0.0,52.0,56.0,38.5,51.0,67.0,15.0,0.0,47.0,51.0,42.73333333333333,56.4,73.0,18.0,0.0,53.0,56.0,38.833333333333336,51.0,67.0,15.0,0.0,48.0,52.0,43.333333333333336,57.0,74.0,18.0,0.0,53.0,58.0,40.833333333333336,54.0,68.0,16.0,2.0,49.0,56.0,45.666666666666664,60.0,75.0,19.0,3.0,55.0,62.0,38.0,51.0,66.0,15.0,0.0,46.0,50.0,42.166666666666664,56.0,73.0,17.0,0.0,52.0,55.0,50.833333333333336,70.0,75.0,18.0,19.0,56.0,67.0,56.166666666666664,75.0,81.0,22.0,23.0,62.0,74.0,C_p25,16.8397,2.3060585006462904,E1,3.028557515870235,3.978693207123642,0.8907522105500691,0.0,2.850407073760221,3.087940996573573,0.0,2.2819638485289553,6.0,2,1,6,gingiva_multi_component,False,False,False,1.8483108368913934,E1,2.627726292326506,2.820723138655572,0.2969182251216391,0.1781509350729834,2.672264026094752,2.4941130910217684,True
high/IMG_6921_jpg,IMG_6921_jpg,high/IMG_6921_jpg,high,test,4.0,2697,1798,True,oof,dev,2.5318333333333336,1.091,2.909,4.091,4.1,3.0,0.0,E1,True,False,44.1,14.600000000000001,58.0,69.0,68.0,55.0,0.0,50.5,22.0,66.0,77.0,75.0,63.0,0.0,45.099999999999994,16.0,59.0,69.2,68.2,58.2,0.0,51.4,22.0,66.2,78.0,76.0,66.2,0.0,52.0,22.0,62.0,73.0,80.0,71.0,4.0,59.333333333333336,26.0,70.0,81.0,88.0,79.0,12.0,73.33333333333333,29.0,83.0,85.0,115.0,97.0,31.0,80.16666666666667,35.0,90.0,93.0,122.0,104.0,37.0,41.5,2.0,57.0,69.0,67.0,54.0,0.0,49.0,16.0,64.0,77.0,75.0,62.0,0.0,126.0,81.0,144.0,144.0,156.0,152.0,79.0,133.33333333333334,87.0,152.0,152.0,164.0,159.0,86.0,35.53333333333333,15.0,58.0,69.0,68.0,0.0,3.2,41.59166666666666,22.0,65.8,77.55,75.0,0.0,9.2,36.300000000000004,16.0,59.0,70.0,68.0,0.0,4.800000000000001,42.050000000000004,22.0,66.0,78.0,75.9,0.0,10.4,46.333333333333336,23.5,62.0,75.0,74.0,30.5,13.0,52.333333333333336,27.5,70.0,83.0,81.0,35.5,17.0,63.666666666666664,31.0,78.0,95.5,96.5,61.0,20.0,70.25,36.0,85.0,103.5,104.0,68.0,25.0,32.666666666666664,2.0,57.0,69.0,67.0,0.0,1.0,40.0,16.0,64.0,77.0,75.0,0.0,8.0,122.66666666666667,97.0,144.0,156.0,155.0,151.0,33.0,129.66666666666666,104.0,152.0,164.0,163.0,158.0,37.0,42.666666666666664,6.9,57.7,69.0,67.7,54.7,0.0,49.85833333333333,19.45,65.0,77.0,75.0,62.7,0.0,43.48333333333333,10.9,58.0,69.0,68.0,55.0,0.0,50.166666666666664,21.0,65.0,77.0,75.0,63.0,0.0,44.666666666666664,16.0,59.0,69.0,68.0,56.0,0.0,50.833333333333336,22.0,66.0,78.0,75.0,64.0,0.0,46.333333333333336,17.0,61.0,71.0,69.0,60.0,0.0,52.416666666666664,23.5,68.0,79.0,76.0,68.0,0.0,41.5,2.0,57.0,69.0,67.0,54.0,0.0,49.0,16.0,64.0,77.0,75.0,62.0,0.0,62.666666666666664,27.0,70.0,76.0,77.0,93.0,33.0,69.16666666666667,32.0,77.0,85.0,84.0,100.0,37.0,C_p25,16.8397,2.652462138082428,E1,0.9501356912534071,3.5036253614969386,4.0974601685303185,4.0380766878269805,3.3254749193869246,0.0,0.0,3.0524018038200817,7.0,2,1,6,gingiva_multi_component,False,False,False,2.731640112353545,E1,0.8907546753649174,2.8504149611677354,4.572540666873242,3.919320571605637,3.2067168313137024,0.9501383203892452,False
high/IMG_2843_jpg,IMG_2843_jpg,high/IMG_2843_jpg,high,train,0.0,2699,1799,True,oof,holdout,4.334666666666666,3.975,4.623,3.283,4.45,5.616,4.061,E2-E3,False,False,61.73333333333333,17.9,94.95,63.0,69.9,88.95,35.7,69.575,24.9,101.95,71.0,77.9,98.0,43.7,68.81666666666666,25.8,98.0,64.0,74.8,97.9,52.400000000000006,76.33333333333334,30.8,106.0,72.0,82.8,106.8,59.6,80.95833333333333,45.5,99.0,66.0,84.0,109.75,81.5,88.54166666666667,50.5,107.0,73.5,93.0,118.75,88.5,96.0,79.0,104.0,79.0,93.0,122.0,99.0,103.75,86.0,112.0,88.0,101.0,130.5,105.0,53.166666666666664,2.0,92.0,63.0,67.0,83.0,12.0,62.0,12.0,98.0,71.0,75.0,93.0,23.0,136.0,111.0,139.0,137.0,135.0,152.0,142.0,143.33333333333334,118.0,146.0,145.0,142.0,160.0,149.0,69.77499999999999,21.25,98.0,63.0,83.0,118.0,35.400000000000006,77.71666666666665,27.25,106.0,71.0,92.65,126.0,43.400000000000006,74.61666666666666,31.0,98.0,64.0,84.0,118.9,51.800000000000004,82.25,36.0,107.0,72.0,93.3,126.0,59.2,86.75,62.5,100.0,67.0,90.0,120.0,81.0,94.125,68.5,108.0,75.0,98.0,127.25,88.0,99.91666666666667,91.0,105.0,77.0,101.5,127.0,98.0,107.66666666666667,97.0,113.0,85.5,110.5,135.0,105.0,62.333333333333336,2.0,97.0,63.0,82.0,118.0,12.0,71.33333333333333,12.0,106.0,71.0,91.0,125.0,23.0,143.16666666666666,139.0,139.0,137.0,151.0,152.0,141.0,150.83333333333334,146.0,146.0,145.0,160.0,160.0,148.0,90.45,89.0,98.0,63.0,82.7,118.0,92.0,98.16666666666667,96.0,106.0,71.0,92.0,125.0,99.0,90.66666666666667,90.0,98.0,63.0,83.0,118.0,92.0,98.33333333333333,96.0,106.0,71.0,92.0,126.0,99.0,91.25,90.5,98.0,63.0,83.0,119.0,94.0,99.16666666666667,97.0,107.0,71.0,93.0,126.0,101.0,93.5,93.0,100.0,64.0,87.0,121.0,96.0,101.16666666666667,99.0,108.0,72.0,96.0,129.0,103.0,90.0,89.0,97.0,63.0,82.0,118.0,91.0,97.83333333333333,96.0,106.0,71.0,91.0,125.0,98.0,106.16666666666667,111.0,107.0,68.0,102.0,142.0,107.0,114.0,118.0,116.0,76.0,111.0,149.0,114.0,C_p25,16.8397,5.418742614179587,E2-E3,5.374205003652084,5.819581108927118,3.7411592843102905,4.928828898377049,7.066634203697215,5.582047186113766,0.0,4.752256975017963,8.0,1,1,6,,False,False,False,4.763050014746898,E2-E3,2.4792671797656864,6.057131792481438,4.02324195039821,4.691307956921898,6.636122331468634,4.691307956921898,True
high/IMG_8575_jpg,IMG_8575_jpg,high/IMG_8575_jpg,high,train,1.0,2699,1799,True,oof,holdout,4.541166666666666,6.107,4.287,0.352,3.817,5.461,7.223,E2-E3,False,False,52.86666666666667,60.6,69.0,4.0,51.0,63.0,69.6,66.56666666666666,80.7,80.0,10.0,61.0,83.0,84.7,58.63333333333333,72.0,69.0,4.0,51.0,70.0,85.8,71.43333333333334,87.8,81.0,11.0,61.0,89.0,98.8,71.16666666666667,86.5,75.0,12.0,53.0,92.0,108.5,82.25,100.0,86.0,19.0,64.0,105.0,119.5,85.5,102.0,94.0,22.0,67.0,105.0,123.0,95.5,113.0,105.0,29.0,76.0,117.0,133.0,32.666666666666664,10.0,68.0,3.0,50.0,58.0,7.0,55.666666666666664,51.0,79.0,10.0,60.0,77.0,57.0,143.33333333333334,142.0,143.0,95.0,137.0,169.0,174.0,153.5,152.0,154.0,102.0,145.0,182.0,186.0,57.458333333333336,61.900000000000006,69.0,4.0,51.0,92.25,66.6,69.95833333333333,81.3,80.0,10.0,61.0,105.0,82.45,62.383333333333326,72.6,69.0,4.600000000000001,51.0,93.5,83.6,73.95,88.0,81.0,11.600000000000001,61.0,105.5,96.6,73.5,88.0,73.0,14.0,55.25,97.0,113.75,84.20833333333333,101.5,84.0,21.0,67.0,108.25,123.5,88.16666666666667,103.0,86.0,29.0,72.0,114.0,125.0,98.83333333333333,114.0,97.0,36.0,86.5,125.5,134.0,38.166666666666664,10.0,68.0,3.0,50.0,91.0,7.0,60.166666666666664,51.0,79.0,10.0,60.0,104.0,57.0,156.16666666666666,142.0,143.0,137.0,169.0,174.0,172.0,167.16666666666666,153.0,154.0,145.0,181.0,186.0,184.0,71.45,97.0,68.0,3.7,50.0,92.0,118.0,81.68333333333332,107.7,80.0,10.0,60.0,104.7,127.7,71.96666666666667,97.0,68.4,4.0,51.0,92.4,119.0,81.83333333333333,108.0,80.0,10.0,60.0,105.0,128.0,72.83333333333333,99.0,69.0,4.0,51.0,94.0,120.0,83.0,109.5,81.0,11.0,61.0,106.0,129.5,75.83333333333333,103.0,71.0,6.0,52.0,97.0,126.0,85.5,113.0,82.0,12.0,62.0,109.0,135.0,71.0,96.0,68.0,3.0,50.0,91.0,118.0,81.16666666666667,107.0,79.0,10.0,60.0,104.0,127.0,102.0,142.0,81.0,16.0,56.0,174.0,143.0,113.16666666666667,152.0,91.0,23.0,74.0,186.0,153.0,C_p25,16.8397,4.32509684455978,E2-E3,5.878964589630456,4.0974601685303185,0.23753392281335178,3.028557515870235,5.582047186113766,7.126017684400553,0.0,4.177485802022997,11.0,1,1,6,,False,False,False,4.231073000112828,E2-E3,5.760213567359799,4.038087861654292,0.4750691601946226,2.998874073728555,5.285144407165176,6.8291191777977,False
high/IMG_6842_jpg,IMG_6842_jpg,high/IMG_6842_jpg,high,train,4.0,2698,1799,True,oof,dev,2.698500000000001,3.714,3.81,1.619,1.81,2.381,2.857,E1,False,False,43.958333333333336,43.25,68.0,32.0,36.0,44.0,40.5,56.84166666666667,60.75,82.0,45.0,45.0,51.8,56.5,48.25,56.0,69.0,32.0,36.0,45.0,51.5,60.416666666666664,71.5,83.0,45.0,45.0,53.0,65.0,55.583333333333336,78.0,72.0,33.75,39.75,51.0,59.0,66.0,90.0,84.0,47.0,48.0,59.0,68.0,67.25,91.0,76.0,44.5,56.5,67.0,68.5,77.5,103.0,88.0,56.0,64.5,75.0,78.5,31.166666666666668,5.0,67.0,31.0,35.0,43.0,6.0,49.166666666666664,39.0,81.0,45.0,44.0,50.0,36.0,112.33333333333333,120.0,119.0,113.0,123.0,109.0,90.0,123.0,132.0,132.0,128.0,130.0,117.0,99.0,44.25833333333333,39.650000000000006,72.0,32.0,36.0,44.0,41.900000000000006,56.75833333333333,59.1,83.0,45.0,45.0,51.0,57.45,48.65,53.0,73.0,33.0,36.0,44.0,52.900000000000006,60.166666666666664,69.0,84.0,46.0,45.0,52.0,65.0,56.333333333333336,76.0,75.0,40.0,40.0,48.0,59.0,66.54166666666667,89.75,85.5,52.0,49.0,55.0,68.0,70.91666666666667,91.0,82.0,69.0,55.0,59.5,69.0,81.41666666666667,103.0,93.0,83.0,63.0,66.5,80.0,32.0,5.0,72.0,31.0,35.0,43.0,6.0,49.5,39.0,83.0,45.0,44.0,50.0,36.0,116.16666666666667,120.0,119.0,123.0,123.0,109.0,103.0,125.5,132.0,132.0,131.0,130.0,117.0,111.0,51.0,72.0,68.0,31.0,35.0,43.0,57.0,61.5,83.0,81.0,45.0,45.0,50.0,65.0,51.300000000000004,72.0,68.0,31.4,35.0,44.0,57.4,61.9,83.0,82.0,45.0,45.0,51.0,65.4,52.25,74.0,69.0,32.0,36.0,44.5,58.0,62.583333333333336,84.0,82.5,45.0,45.0,52.5,66.5,53.833333333333336,75.0,70.0,33.0,37.0,48.0,60.0,64.33333333333333,86.0,84.0,46.0,46.0,55.0,69.0,50.833333333333336,72.0,67.0,31.0,35.0,43.0,57.0,61.333333333333336,83.0,81.0,45.0,44.0,50.0,65.0,68.0,107.0,80.0,37.0,45.0,62.0,77.0,78.33333333333333,118.0,93.0,51.0,54.0,69.0,85.0,C_p25,16.8397,3.1027868667494074,E1-E2,4.3943775720470075,4.0974601685303185,1.9002713825068143,2.1378053053201658,2.6425648912985387,3.4442418807936006,0.0,3.262743594788453,11.0,1,1,6,,False,False,False,2.786074969664938,E1,4.275622441751604,3.9490123941178,1.9596602858028185,1.5439747706325233,2.0784275758514736,2.909798606192063,False
high/IMG_7304_jpg,IMG_7304_jpg,high/IMG_7304_jpg,high,train,4.0,2700,1800,True,oof,dev,4.720666666666666,4.331,5.977,5.631,4.505,4.678,3.202,E2-E3,False,False,87.10833333333333,47.25,125.0,115.0,93.0,84.0,58.400000000000006,103.72500000000001,80.55,135.8,126.0,106.0,96.0,78.0,93.5,76.0,126.0,115.0,97.0,85.0,62.0,107.33333333333333,95.0,137.0,126.0,110.0,97.0,79.0,98.08333333333333,81.0,127.0,117.0,107.25,90.0,66.25,111.91666666666667,98.0,138.0,128.0,120.25,102.0,85.25,113.58333333333333,98.5,133.0,125.0,130.5,98.0,96.5,125.41666666666667,114.0,143.0,136.0,142.5,108.0,109.0,71.5,8.0,119.0,115.0,90.0,83.0,14.0,95.33333333333333,55.0,129.0,125.0,102.0,94.0,67.0,165.33333333333334,167.0,159.0,175.0,205.0,139.0,147.0,176.5,179.0,169.0,187.0,216.0,149.0,159.0,85.625,43.5,126.0,115.0,84.0,94.0,51.25,103.54166666666667,78.3,137.0,126.0,96.0,105.95,78.0,93.10000000000001,73.60000000000001,127.0,116.0,86.0,95.0,61.0,106.66666666666667,95.0,137.0,126.0,98.0,106.0,78.0,96.66666666666667,80.0,128.0,118.0,93.0,97.0,64.0,110.16666666666667,97.0,139.0,130.0,105.25,108.75,81.0,107.58333333333333,92.0,134.0,129.0,111.0,109.0,70.5,122.08333333333333,110.0,145.0,140.0,123.5,120.0,94.0,73.0,8.0,125.0,115.0,83.0,93.0,14.0,96.83333333333333,55.0,136.0,125.0,94.0,104.0,67.0,172.5,167.0,167.0,204.0,205.0,145.0,147.0,184.16666666666666,179.0,179.0,215.0,216.0,157.0,159.0,82.66666666666667,41.8,126.0,115.0,83.0,94.0,36.2,102.51666666666665,76.8,137.0,125.0,94.0,105.0,77.3,87.61666666666666,54.400000000000006,126.0,115.0,83.4,94.0,52.900000000000006,104.63333333333333,86.6,137.0,125.4,95.4,105.4,78.0,93.5,77.0,127.0,115.0,85.0,95.0,62.0,106.75,95.0,137.5,126.0,97.0,106.0,79.0,95.41666666666667,80.0,127.0,116.0,88.0,97.0,64.5,108.5,97.0,138.0,127.0,100.0,108.0,81.0,76.66666666666667,30.0,125.0,115.0,83.0,93.0,14.0,99.16666666666667,69.0,136.0,125.0,94.0,104.0,67.0,110.0,92.0,137.0,129.0,120.0,106.0,76.0,125.0,115.0,148.0,139.0,131.0,119.0,98.0,C_p25,16.8397,5.552355445762098,E2-E3,4.5725280141570215,7.541702049323919,6.829100280883863,5.047595859783725,5.641430666817104,3.6817758036069526,0.0,5.757495069064481,12.0,1,1,6,,False,False,False,5.720608641088221,E2-E3,5.403911697213832,6.947886467846355,7.007270112870683,5.403911697213832,5.700829922335471,3.859936926581309,False
high/IMG_6573-_jpg,IMG_6573-_jpg,high/IMG_6573-_jpg,high,train,4.0,2698,1799,True,oof,holdout,1.8875,1.554,1.777,1.554,3.22,2.221,0.999,E1,False,False,28.741666666666664,17.3,29.15,22.0,38.0,47.0,19.0,34.574999999999996,23.3,34.0,27.0,47.15,52.0,24.0,29.833333333333332,23.0,30.0,22.0,38.0,47.0,19.0,36.0,28.0,35.0,28.0,48.0,53.0,24.0,32.291666666666664,24.0,34.0,24.0,40.0,50.75,21.0,38.416666666666664,29.0,39.75,29.0,49.75,57.0,26.0,41.916666666666664,31.0,51.0,29.0,46.5,62.0,32.0,48.416666666666664,35.0,57.0,35.0,55.5,70.0,38.0,22.833333333333332,3.0,28.0,22.0,37.0,46.0,1.0,31.833333333333332,15.0,33.0,27.0,47.0,52.0,17.0,87.5,69.0,99.0,76.0,105.0,108.0,68.0,93.66666666666667,74.0,105.0,83.0,112.0,115.0,73.0,23.03333333333333,7.2,23.0,29.0,22.0,38.0,19.0,29.683333333333334,17.1,28.0,34.0,27.0,48.0,24.0,24.433333333333334,11.600000000000001,24.0,30.0,23.0,38.0,20.0,30.566666666666666,19.4,28.0,35.0,28.0,48.0,25.0,29.25,23.5,25.0,33.0,25.0,41.0,28.0,35.166666666666664,29.0,29.0,38.0,31.0,50.0,34.0,40.416666666666664,37.0,30.5,44.0,33.0,51.0,47.0,46.5,42.0,35.0,50.0,39.0,60.0,53.0,19.0,3.0,23.0,28.0,22.0,37.0,1.0,27.666666666666668,15.0,27.0,33.0,27.0,47.0,17.0,92.0,53.0,79.0,99.0,105.0,108.0,108.0,98.16666666666667,58.0,84.0,105.0,112.0,115.0,115.0,29.5,23.0,29.0,22.0,38.0,46.0,19.0,35.28333333333333,27.7,34.0,27.0,47.0,52.0,24.0,29.666666666666668,23.0,29.0,22.0,38.0,47.0,19.0,35.333333333333336,28.0,34.0,27.0,47.0,52.0,24.0,30.166666666666668,24.0,30.0,22.0,38.0,47.0,20.0,36.083333333333336,28.0,35.0,27.5,48.0,53.0,25.0,31.5,25.0,32.0,23.0,39.0,49.0,21.0,37.5,29.0,38.0,28.0,49.0,55.0,26.0,29.166666666666668,23.0,28.0,22.0,37.0,46.0,19.0,34.833333333333336,27.0,33.0,27.0,47.0,52.0,23.0,43.666666666666664,34.0,43.0,28.0,46.0,65.0,46.0,50.0,39.0,49.0,34.0,55.0,70.0,53.0,C_p25,16.8397,1.791401667884028,E1,1.4252035368801106,1.7815044211001383,1.3064365754734348,2.2565722667268417,2.791023593056883,1.1876696140667589,0.0,1.895521953494041,6.0,1,1,6,,False,False,False,1.9794493567779317,E1,1.36582383555954,2.019043930827146,1.5439747706325233,2.73164767111908,3.384867766386686,0.8313710303405896,False
high/IMG_2695_jpg,IMG_2695_jpg,high/IMG_2695_jpg,high,train,1.0,2698,1799,True,oof,dev,2.3015000000000003,1.406,2.77,2.522,1.571,3.101,2.439,E1,False,False,41.36666666666667,17.55,57.0,49.0,37.55,60.0,27.1,47.93333333333334,23.55,63.5,55.0,45.0,68.0,32.55,44.0,24.0,58.0,49.0,38.0,61.0,34.0,50.36666666666667,29.1,65.0,55.1,46.0,69.0,38.0,49.541666666666664,34.0,63.5,51.75,40.0,63.0,45.0,56.208333333333336,39.0,70.0,58.0,48.0,71.5,50.75,61.083333333333336,42.5,81.0,62.0,50.0,77.0,54.0,68.0,48.0,88.0,69.5,57.0,85.0,60.5,33.5,1.0,56.0,48.0,37.0,56.0,3.0,42.0,9.0,63.0,54.0,45.0,63.0,18.0,122.5,66.0,137.0,151.0,143.0,144.0,94.0,129.0,70.0,144.0,158.0,150.0,151.0,101.0,42.24166666666667,20.0,57.0,49.0,37.45,60.0,30.0,48.666666666666664,26.0,63.0,55.0,45.0,69.0,34.0,44.75,26.5,58.0,49.0,38.0,61.0,36.0,51.1,31.5,64.0,55.1,46.0,70.0,40.0,50.333333333333336,36.0,60.25,51.75,40.0,63.0,51.0,56.958333333333336,41.0,67.0,58.0,48.0,71.75,56.0,60.583333333333336,47.0,70.5,62.0,49.5,76.0,58.5,67.58333333333333,52.0,77.5,69.5,57.0,84.5,65.0,34.166666666666664,1.0,56.0,48.0,37.0,60.0,3.0,42.833333333333336,9.0,63.0,54.0,45.0,68.0,18.0,139.33333333333334,114.0,135.0,149.0,151.0,144.0,143.0,146.33333333333334,121.0,142.0,156.0,158.0,151.0,150.0,47.333333333333336,31.0,56.0,48.0,37.0,60.0,52.0,54.28333333333333,36.0,63.0,54.7,45.0,69.0,58.0,47.56666666666666,32.0,56.4,48.0,37.0,60.0,52.0,54.666666666666664,37.0,63.0,55.0,45.0,69.0,59.0,48.916666666666664,34.0,58.0,49.0,38.0,61.0,53.5,55.666666666666664,39.0,64.0,55.0,46.0,70.0,60.0,50.666666666666664,38.0,60.0,50.0,39.0,62.0,55.0,57.333333333333336,43.0,66.0,56.0,46.0,71.0,62.0,47.166666666666664,30.0,56.0,48.0,37.0,60.0,52.0,53.833333333333336,35.0,63.0,54.0,45.0,68.0,58.0,62.166666666666664,64.0,76.0,55.0,43.0,70.0,65.0,69.0,68.0,83.0,62.0,50.0,79.0,72.0,C_p25,16.8397,2.9048419310716143,E1,2.0190383439134902,3.4442418807936006,2.909790554463559,2.2565722667268417,3.6223923229036146,3.17701621762858,0.0,2.9080975518766645,7.0,1,1,6,,False,False,False,2.7365887357454906,E1,1.7221257057055068,2.73164767111908,2.672264026094752,2.0784275758514736,3.919320571605637,3.295792298850194,False
high/IMG_8568_jpg,IMG_8568_jpg,high/IMG_8568_jpg,high,train,3.0,2698,1799,True,oof,dev,4.766333333333333,5.285,5.461,3.465,3.934,5.99,4.463,E2-E3,False,False,56.43333333333334,37.1,87.0,51.0,65.0,65.0,33.5,63.81666666666667,50.1,94.0,57.0,71.0,72.0,38.8,63.5,57.2,87.0,52.0,65.0,68.0,51.8,70.16666666666667,68.2,94.0,57.0,72.0,74.0,55.8,77.25,84.5,92.0,54.0,70.0,78.0,85.0,83.91666666666667,96.0,99.0,59.5,76.0,84.0,89.0,91.41666666666667,101.0,101.0,66.0,86.5,101.0,93.0,97.58333333333333,110.0,108.0,73.0,91.5,106.0,97.0,45.666666666666664,11.0,86.0,51.0,61.0,64.0,1.0,55.5,27.0,94.0,57.0,67.0,71.0,17.0,136.5,145.0,141.0,129.0,128.0,149.0,127.0,142.83333333333334,153.0,148.0,137.0,133.0,154.0,132.0,62.416666666666664,35.150000000000006,95.0,86.25,51.0,65.0,42.1,70.20833333333333,48.150000000000006,103.0,94.0,57.0,72.0,47.1,70.03333333333335,55.1,96.0,87.0,52.0,65.0,65.1,76.86666666666667,66.1,103.0,94.0,57.0,72.0,69.1,80.25,82.25,98.0,88.25,54.0,69.0,90.0,87.375,93.25,106.0,96.0,60.0,75.0,94.0,92.75,101.0,106.5,97.5,70.0,81.5,100.0,99.75,110.5,114.5,105.0,76.0,87.5,105.0,51.166666666666664,11.0,94.0,86.0,51.0,64.0,1.0,61.333333333333336,27.0,102.0,94.0,57.0,71.0,17.0,142.83333333333334,145.0,145.0,141.0,129.0,148.0,149.0,149.66666666666666,153.0,153.0,148.0,137.0,153.0,154.0,80.61666666666666,95.0,86.0,51.0,64.0,99.0,88.7,86.89999999999999,102.0,94.0,57.0,71.7,104.0,92.7,81.13333333333334,95.4,86.4,51.0,65.0,100.0,89.0,87.23333333333333,103.0,94.0,57.0,72.0,104.4,93.0,81.83333333333333,96.0,87.0,52.0,65.0,100.0,91.0,87.83333333333333,104.0,94.0,57.0,72.0,105.0,95.0,83.66666666666667,99.0,89.0,52.0,66.0,103.0,93.0,89.66666666666667,106.0,96.0,58.0,73.0,108.0,97.0,80.33333333333333,94.0,86.0,51.0,64.0,99.0,88.0,86.5,102.0,94.0,57.0,71.0,103.0,92.0,99.83333333333333,145.0,99.0,56.0,71.0,121.0,107.0,106.33333333333333,153.0,107.0,63.0,77.0,126.0,112.0,C_p25,16.8397,4.859548170889822,E2-E3,5.700814147520442,5.166362821190401,3.087940996573573,3.8599262457169665,5.938348070333794,5.403896744003752,0.0,4.534577679713487,6.0,1,1,6,,False,False,False,4.240970246896718,E2-E3,5.285144407165176,4.631924311897571,3.1473331862893748,3.0879495412650466,5.106993472092193,4.186546974215111,False
high/IMG_6460-_jpg,IMG_6460-_jpg,high/IMG_6460-_jpg,high,test,3.0,2599,1733,False,oof,dev,1.1495,1.035,2.069,0.776,0.517,1.552,0.948,E1,False,False,29.275000000000002,28.0,48.0,21.0,18.0,33.25,27.4,32.375,32.0,52.0,24.0,18.0,36.25,32.0,30.916666666666668,29.0,49.0,22.0,18.0,37.5,30.0,33.666666666666664,33.0,52.0,25.0,19.0,40.0,33.0,35.041666666666664,32.25,51.0,24.0,20.0,43.0,40.0,38.333333333333336,38.0,54.0,27.0,21.0,46.0,44.0,45.916666666666664,55.5,59.0,34.0,28.0,47.0,52.0,49.333333333333336,61.5,63.0,37.0,28.5,50.0,56.0,20.5,10.0,42.0,21.0,18.0,31.0,1.0,27.333333333333332,26.0,46.0,24.0,18.0,34.0,16.0,67.16666666666667,66.0,82.0,74.0,64.0,60.0,57.0,70.16666666666667,70.0,86.0,76.0,65.0,63.0,61.0,24.983333333333334,30.4,28.1,21.0,18.0,31.0,21.400000000000002,29.683333333333337,39.8,33.0,24.0,18.0,34.0,29.3,29.266666666666666,38.2,30.0,22.0,18.0,33.0,34.400000000000006,33.23333333333333,46.2,34.0,25.0,19.0,35.0,40.2,39.25,57.0,40.5,24.0,21.0,42.0,51.0,42.666666666666664,62.0,44.0,28.0,21.0,46.0,55.0,45.833333333333336,58.0,52.0,35.0,30.0,48.0,52.0,49.0,63.0,56.0,38.0,30.0,51.0,56.0,17.666666666666668,10.0,27.0,21.0,18.0,29.0,1.0,24.5,26.0,31.0,24.0,18.0,32.0,16.0,70.83333333333333,66.0,82.0,82.0,74.0,64.0,57.0,74.0,70.0,86.0,86.0,76.0,65.0,61.0,31.099999999999998,27.0,49.0,21.0,18.0,42.0,29.6,33.833333333333336,31.0,52.0,24.0,18.0,46.0,32.0,31.5,28.0,49.0,21.0,18.0,43.0,30.0,34.166666666666664,32.0,52.0,24.0,18.0,46.0,33.0,32.0,29.0,49.0,22.0,18.0,43.0,31.0,35.0,33.0,53.0,25.0,19.0,46.0,34.0,33.833333333333336,31.0,51.0,23.0,20.0,44.0,34.0,36.666666666666664,35.0,54.0,26.0,20.0,48.0,37.0,30.833333333333332,27.0,48.0,21.0,18.0,42.0,29.0,33.833333333333336,31.0,52.0,24.0,18.0,46.0,32.0,49.833333333333336,65.0,73.0,29.0,23.0,55.0,54.0,53.0,69.0,77.0,31.0,25.0,58.0,58.0,C_p25,16.8397,1.9002713825068143,E1,1.7221209403968003,2.909790554463559,1.3064365754734348,1.0689026526600829,2.5534896702435317,1.8408879018034763,0.0,2.056947048888372,3.0,1,1,6,frame_uncertain,False,False,False,1.5043815111512275,E1,1.1282892554622286,2.4941130910217684,1.6627420606811791,0.5344528052189504,2.019043930827146,1.1876729004865565,False
high/IMG_6706_jpg,IMG_6706_jpg,high/IMG_6706_jpg,high,train,0.0,2699,1799,True,oof,holdout,2.4723333333333333,1.978,3.857,2.868,2.176,2.373,1.582,E1,False,False,41.208333333333336,20.5,78.0,52.0,33.0,44.0,19.75,51.0,35.5,87.0,63.0,41.0,52.0,27.5,44.75,31.5,78.0,53.0,34.0,45.0,27.0,54.25,45.5,87.0,64.0,42.0,53.0,34.0,50.291666666666664,49.75,81.0,55.0,36.0,48.0,32.0,59.083333333333336,59.75,89.75,66.0,44.0,56.0,39.0,59.25,54.0,91.5,63.5,43.0,59.0,44.5,67.75,63.0,101.0,73.5,51.0,67.0,51.0,36.166666666666664,1.0,77.0,52.0,33.0,42.0,12.0,47.666666666666664,25.0,86.0,63.0,41.0,51.0,20.0,114.83333333333333,97.0,120.0,132.0,136.0,105.0,99.0,123.0,105.0,129.0,140.0,144.0,113.0,107.0,41.125,20.700000000000003,78.0,52.0,33.0,44.0,19.05,50.800000000000004,35.7,87.0,63.0,41.0,52.0,26.1,44.53333333333333,31.700000000000003,78.0,53.0,34.0,44.5,26.0,54.03333333333333,45.7,87.0,64.0,42.0,52.5,33.0,50.583333333333336,50.0,80.0,56.5,37.0,48.0,32.0,59.166666666666664,60.0,88.0,67.0,45.0,56.0,39.0,59.916666666666664,54.0,86.5,70.0,49.0,60.0,40.0,68.33333333333333,63.0,95.5,80.0,57.0,68.5,46.0,36.166666666666664,1.0,77.0,52.0,33.0,42.0,12.0,47.666666666666664,25.0,86.0,63.0,41.0,51.0,20.0,115.66666666666667,99.0,120.0,135.0,136.0,105.0,99.0,123.83333333333333,107.0,129.0,143.0,144.0,113.0,107.0,41.208333333333336,20.5,78.0,52.0,33.0,44.0,19.75,51.0,35.5,87.0,63.0,41.0,52.0,27.5,44.75,31.5,78.0,53.0,34.0,45.0,27.0,54.25,45.5,87.0,64.0,42.0,53.0,34.0,50.291666666666664,49.75,81.0,55.0,36.0,48.0,32.0,59.083333333333336,59.75,89.75,66.0,44.0,56.0,39.0,59.25,54.0,91.5,63.5,43.0,59.0,44.5,67.75,63.0,101.0,73.5,51.0,67.0,51.0,36.166666666666664,1.0,77.0,52.0,33.0,42.0,12.0,47.666666666666664,25.0,86.0,63.0,41.0,51.0,20.0,114.83333333333333,97.0,120.0,132.0,136.0,105.0,99.0,123.0,105.0,129.0,140.0,144.0,113.0,107.0,C_p25,16.8397,2.986494217038704,E1,2.954328164991063,4.810061936970373,3.266091438683587,2.1378053053201658,2.850407073760221,1.9002713825068143,0.0,2.9521225778933,8.0,1,1,0,zenith_detection_failed,True,False,False,2.5213236181958902,E1,2.004198019571064,5.047609827067865,2.4347294459974407,1.1876729004865565,2.3159621559487853,2.1378112208758018,True
high/IMG_3079_jpg,IMG_3079_jpg,high/IMG_3079_jpg,high,test,2.0,2698,1799,True,oof,dev,2.7695000000000003,1.882,2.846,1.561,2.387,4.223,3.718,E1,False,False,43.40833333333333,22.6,46.0,40.3,53.0,82.25,16.3,51.43333333333334,33.3,52.0,46.3,59.0,90.0,28.0,47.13333333333333,35.2,49.0,41.0,53.0,84.0,20.6,55.1,44.6,56.0,47.0,60.0,91.0,32.0,54.291666666666664,45.0,55.25,42.0,53.0,87.0,43.5,62.041666666666664,53.0,62.25,48.5,60.0,95.0,53.5,68.91666666666667,61.0,69.5,60.0,56.0,97.0,70.0,76.25,69.0,76.0,66.0,63.0,104.5,79.0,37.0,4.0,43.0,40.0,52.0,81.0,2.0,47.166666666666664,18.0,50.0,46.0,59.0,89.0,21.0,113.5,107.0,113.0,95.0,132.0,128.0,106.0,121.33333333333333,116.0,121.0,101.0,139.0,136.0,115.0,44.291666666666664,21.1,51.15,40.95,53.0,82.0,17.55,52.775,32.55,59.15,46.95,59.0,90.0,29.0,47.56666666666667,31.300000000000004,54.0,41.0,53.0,83.0,23.1,55.616666666666674,41.300000000000004,61.0,47.0,60.0,90.4,34.0,56.458333333333336,44.0,59.75,42.0,54.0,85.0,54.0,64.45833333333333,52.0,67.75,49.0,61.0,93.0,64.0,68.75,58.5,75.0,52.0,59.0,93.0,75.0,76.16666666666667,66.5,82.0,58.5,66.0,100.0,84.0,38.166666666666664,4.0,50.0,40.0,52.0,81.0,2.0,48.333333333333336,18.0,57.0,46.0,59.0,89.0,21.0,120.16666666666667,105.0,112.0,113.0,132.0,132.0,127.0,128.16666666666666,115.0,120.0,121.0,139.0,139.0,135.0,55.78333333333333,42.0,51.0,40.0,52.0,81.0,68.7,63.449999999999996,50.0,58.7,46.0,59.0,89.0,78.0,56.300000000000004,43.0,51.4,40.0,52.4,82.0,69.0,63.9,51.0,59.4,46.0,59.0,90.0,78.0,57.833333333333336,44.0,55.0,41.0,53.0,84.0,70.0,65.33333333333333,52.5,62.5,47.0,60.0,91.0,79.0,60.333333333333336,47.0,61.0,41.0,53.0,86.0,74.0,68.16666666666667,56.0,68.0,48.0,60.0,93.0,84.0,55.5,42.0,50.0,40.0,52.0,81.0,68.0,63.166666666666664,50.0,57.0,46.0,59.0,89.0,78.0,82.16666666666667,83.0,107.0,47.0,54.0,97.0,105.0,90.33333333333333,92.0,116.0,54.0,62.0,105.0,113.0,C_p25,16.8397,3.4343446340097112,E1-E2,2.6128731509468697,3.266091438683587,2.4347227088368557,3.147324477276911,4.988212379080387,4.1568436492336565,0.0,3.186922716648691,8.0,1,1,6,,False,False,False,3.7461079077022355,E1-E2,2.8504149611677354,4.038087861654292,2.909798606192063,3.028565896240719,5.492987164750324,4.156855151702947,False
high/IMG_2665_jpg,IMG_2665_jpg,high/IMG_2665_jpg,high,train,2.0,2698,1799,True,oof,holdout,2.9755,3.288,4.111,2.173,1.585,3.171,3.525,E1,False,False,42.53333333333334,18.55,70.0,45.0,40.0,57.0,24.650000000000002,50.44166666666667,27.55,77.0,52.0,48.0,65.0,33.1,46.88333333333333,28.1,70.0,45.0,41.0,58.1,39.1,54.51666666666667,36.1,78.0,53.0,49.0,66.0,45.0,55.708333333333336,47.75,72.0,47.0,42.75,65.0,59.75,62.75,53.0,80.0,55.0,51.0,72.75,64.75,65.25,59.0,81.0,53.5,51.0,78.5,68.5,72.33333333333333,64.0,88.5,60.5,59.0,88.0,74.0,35.5,2.0,69.0,44.0,40.0,55.0,3.0,46.166666666666664,17.0,77.0,52.0,48.0,63.0,20.0,107.16666666666667,113.0,114.0,102.0,106.0,107.0,101.0,116.16666666666667,120.0,122.0,111.0,116.0,117.0,111.0,42.625,18.45,70.0,45.0,40.0,56.6,25.700000000000003,50.525000000000006,27.45,77.0,52.0,48.9,64.0,33.8,46.93333333333334,27.8,70.0,45.0,41.0,58.0,39.8,54.333333333333336,35.8,78.0,53.0,49.0,65.2,45.0,55.458333333333336,47.25,71.0,48.0,43.0,63.0,60.5,62.5,53.0,79.0,55.0,52.0,71.0,65.0,65.33333333333333,59.0,77.0,57.0,55.0,75.0,69.0,72.75,64.0,85.0,64.5,64.0,84.0,75.0,35.5,2.0,69.0,44.0,40.0,55.0,3.0,46.166666666666664,17.0,77.0,52.0,48.0,63.0,20.0,109.66666666666667,113.0,114.0,113.0,106.0,105.0,107.0,118.5,120.0,122.0,121.0,116.0,115.0,117.0,54.4,50.7,69.7,44.0,40.0,56.0,66.0,61.449999999999996,55.7,77.0,52.0,48.0,64.0,72.0,54.73333333333333,51.0,70.0,45.0,40.0,56.4,66.0,61.833333333333336,57.0,77.0,52.0,48.0,64.0,73.0,55.75,54.0,70.0,45.0,40.5,58.0,67.0,63.083333333333336,59.5,78.0,53.0,49.0,66.0,73.0,58.333333333333336,59.0,71.0,46.0,42.0,63.0,69.0,65.33333333333333,64.0,79.0,53.0,50.0,70.0,76.0,54.0,50.0,69.0,44.0,40.0,55.0,66.0,61.166666666666664,55.0,77.0,52.0,48.0,63.0,72.0,71.16666666666667,80.0,77.0,50.0,45.0,93.0,82.0,78.0,85.0,84.0,57.0,53.0,102.0,87.0,C_p25,16.8397,3.3106290492110904,E1-E2,3.206707957980249,4.1568436492336565,2.6722566316502077,2.4050309684851867,3.4442418807936006,3.978693207123642,0.0,3.270081099124559,8.0,1,1,6,,False,False,False,3.424447387225821,E1-E2,3.3254841213623583,4.156855151702947,3.919320571605637,2.4347294459974407,3.41455958889885,3.295792298850194,False
high/IMG_6758_jpg,IMG_6758_jpg,high/IMG_6758_jpg,high,train,0.0,2732,1821,False,oof,dev,2.134,1.998,2.452,0.999,2.27,2.815,2.27,E1,False,False,32.74166666666667,23.0,49.0,19.0,31.0,57.0,17.450000000000003,38.90833333333333,28.0,56.0,26.0,38.0,63.0,22.450000000000003,35.483333333333334,28.0,50.0,20.0,31.0,57.0,26.900000000000002,41.31666666666667,33.0,56.0,27.0,38.0,63.0,30.900000000000002,42.708333333333336,40.0,54.0,22.0,33.0,63.0,44.25,48.541666666666664,45.0,60.0,29.0,40.0,69.0,48.25,51.333333333333336,44.5,67.5,34.0,39.0,73.0,50.0,57.0,49.0,72.5,40.0,46.0,79.5,55.0,26.833333333333332,4.0,49.0,19.0,30.0,57.0,2.0,35.5,20.0,55.0,26.0,37.0,63.0,12.0,104.66666666666667,82.0,121.0,110.0,128.0,110.0,77.0,110.66666666666667,87.0,128.0,116.0,134.0,117.0,82.0,33.36666666666667,24.0,49.0,19.0,31.0,57.0,20.200000000000003,39.36666666666667,29.0,56.0,26.0,38.0,63.0,24.200000000000003,36.36666666666667,31.200000000000003,49.0,20.0,31.0,57.0,30.0,42.266666666666666,35.6,56.0,27.0,38.0,63.0,34.0,42.333333333333336,40.0,51.0,23.0,33.0,59.0,48.0,48.5,45.0,58.0,29.0,40.0,65.0,54.0,51.5,50.0,61.0,38.0,42.0,68.0,50.0,57.666666666666664,55.0,67.5,45.0,48.5,74.0,56.0,26.833333333333332,4.0,49.0,19.0,30.0,57.0,2.0,35.5,20.0,55.0,26.0,37.0,63.0,12.0,113.5,92.0,121.0,128.0,128.0,110.0,102.0,119.83333333333333,97.0,128.0,134.0,134.0,117.0,109.0,40.5,40.0,49.0,19.0,30.0,57.0,48.0,46.833333333333336,45.0,56.0,26.0,37.0,63.0,54.0,40.63333333333333,40.0,49.0,19.0,30.4,57.0,48.4,47.06666666666666,45.0,56.0,26.0,38.0,63.0,54.4,41.25,40.0,49.5,20.0,31.0,57.0,50.0,47.333333333333336,45.0,56.0,26.0,38.0,63.0,56.0,42.833333333333336,43.0,51.0,20.0,32.0,59.0,52.0,49.166666666666664,48.0,58.0,27.0,39.0,65.0,58.0,40.5,40.0,49.0,19.0,30.0,57.0,48.0,46.666666666666664,45.0,55.0,26.0,37.0,63.0,54.0,58.166666666666664,82.0,62.0,25.0,34.0,70.0,76.0,64.0,87.0,68.0,31.0,41.0,76.0,81.0,C_p25,16.8397,2.44956857901269,E1,2.3753392281335177,2.939482294815228,1.1876696140667589,1.8408879018034763,3.3848584000902626,2.969174035166897,0.0,2.5069806481695385,6.0,1,1,6,frame_uncertain,False,False,False,2.177394292455724,E1,2.197194865900129,2.8504149611677354,0.7126037402919339,2.0784275758514736,3.2067168313137024,2.019043930827146,False
high/IMG_2574_jpeg,IMG_2574_jpeg,high/IMG_2574_jpeg,high,test,1.0,2698,1799,True,oof,dev,2.7046666666666668,3.448,3.402,1.011,1.241,3.31,3.816,E1,False,False,46.699999999999996,33.6,77.0,23.0,24.0,64.0,58.6,55.725,46.6,84.0,29.0,31.0,72.15,71.6,54.31666666666666,60.6,78.0,24.0,25.0,65.0,73.3,62.53333333333333,71.6,84.3,30.0,32.0,73.0,84.3,63.875,80.0,87.75,27.75,31.0,74.75,82.0,71.125,88.0,94.0,34.0,37.0,82.75,91.0,83.75,106.5,115.0,40.0,44.5,98.5,98.0,91.16666666666667,114.5,122.0,46.5,51.5,106.5,106.0,31.5,3.0,76.0,22.0,24.0,63.0,1.0,42.0,20.0,82.0,29.0,30.0,72.0,19.0,153.0,146.0,157.0,159.0,159.0,155.0,142.0,160.16666666666666,153.0,164.0,166.0,165.0,163.0,150.0,49.04999999999999,41.1,77.0,23.0,24.1,64.0,65.1,57.866666666666674,54.1,83.0,29.0,31.0,72.0,78.1,57.06666666666666,71.80000000000001,77.6,24.0,25.0,64.0,80.0,65.06666666666666,82.4,84.0,30.0,32.0,73.0,89.0,62.916666666666664,84.0,79.0,29.0,33.0,67.0,85.5,70.16666666666667,91.5,86.0,35.5,39.0,75.0,94.0,81.0,115.0,96.0,47.0,50.0,78.0,100.0,88.0,122.0,102.0,54.0,56.0,86.0,108.0,31.5,3.0,76.0,22.0,24.0,63.0,1.0,42.0,20.0,82.0,29.0,30.0,72.0,19.0,156.5,155.0,157.0,159.0,159.0,155.0,154.0,163.5,161.0,164.0,166.0,165.0,163.0,162.0,57.61666666666667,77.7,77.0,23.0,24.0,64.0,80.0,64.61666666666666,84.7,83.0,29.0,30.0,72.0,89.0,57.833333333333336,78.0,77.0,23.0,24.0,64.0,81.0,64.89999999999999,85.4,83.0,29.0,31.0,72.0,89.0,58.583333333333336,80.0,78.0,23.0,25.0,64.5,81.0,65.83333333333333,87.0,84.0,30.0,31.0,73.0,90.0,60.833333333333336,83.0,79.0,25.0,27.0,67.0,84.0,68.16666666666667,90.0,86.0,31.0,34.0,75.0,93.0,56.833333333333336,76.0,76.0,22.0,24.0,63.0,80.0,64.33333333333333,84.0,82.0,29.0,30.0,72.0,89.0,94.16666666666667,146.0,127.0,31.0,36.0,89.0,136.0,101.0,153.0,134.0,36.0,42.0,97.0,144.0,C_p25,16.8397,3.4788822445372145,E1-E2,4.750678456267035,4.6319114948603595,1.3658200561767726,1.4845870175834486,3.8302345053652975,4.810061936970373,0.0,3.7494647157501486,7.0,1,1,6,,False,False,False,3.637238193079449,E1-E2,5.374219874701668,4.899150714507045,1.6627420606811791,1.692433883193343,3.4442514114110137,4.750691601946226,False
high/IMG_6768_jpg,IMG_6768_jpg,high/IMG_6768_jpg,high,train,0.0,2623,1748,False,oof,holdout,2.6296666666666666,3.222,4.0,1.667,1.778,3.111,2.0,E1,False,False,38.333333333333336,41.400000000000006,56.0,26.0,25.0,54.0,27.6,47.666666666666664,54.6,68.0,33.0,34.0,62.0,34.400000000000006,42.333333333333336,54.0,57.0,26.0,26.0,55.0,36.0,51.1,64.0,69.0,33.0,34.6,63.0,43.0,46.791666666666664,57.0,63.75,30.0,29.0,60.0,41.0,55.625,67.0,75.75,38.0,38.0,68.0,47.0,60.0,74.0,79.5,43.0,40.0,74.5,49.0,69.33333333333333,85.0,91.0,50.0,51.0,83.0,56.0,28.333333333333332,7.0,56.0,25.0,24.0,54.0,4.0,39.833333333333336,27.0,67.0,32.0,33.0,62.0,18.0,110.33333333333333,112.0,130.0,119.0,103.0,115.0,83.0,119.5,121.0,140.0,130.0,111.0,125.0,90.0,38.375,32.25,55.0,56.0,26.0,25.0,36.0,48.375,48.25,64.0,68.0,33.0,34.0,43.0,41.083333333333336,44.5,56.0,56.0,26.0,26.0,38.0,50.6,57.5,65.0,68.0,33.0,35.0,45.1,49.333333333333336,70.0,59.0,60.0,30.0,29.0,48.0,58.833333333333336,81.0,69.0,72.0,38.0,38.0,55.0,61.833333333333336,76.0,77.5,76.0,41.5,43.0,57.0,71.25,86.0,87.5,87.0,50.0,52.0,65.0,28.333333333333332,7.0,54.0,56.0,25.0,24.0,4.0,40.166666666666664,27.0,64.0,67.0,32.0,33.0,18.0,119.66666666666667,112.0,129.0,130.0,119.0,113.0,115.0,129.83333333333334,121.0,140.0,140.0,130.0,123.0,125.0,41.833333333333336,54.0,56.0,26.0,25.0,54.0,36.0,50.5,64.0,67.0,33.0,34.0,62.0,43.0,42.03333333333333,55.0,56.0,26.0,25.0,54.0,36.2,50.699999999999996,64.0,68.0,33.0,34.0,62.0,43.2,42.833333333333336,56.0,57.0,26.0,25.0,55.0,38.0,51.5,65.0,68.0,33.0,34.0,63.0,46.0,45.0,58.0,59.0,28.0,27.0,56.0,42.0,53.833333333333336,68.0,71.0,35.0,36.0,64.0,49.0,41.5,54.0,56.0,25.0,24.0,54.0,36.0,50.166666666666664,64.0,67.0,32.0,33.0,62.0,43.0,61.0,106.0,71.0,34.0,34.0,65.0,56.0,69.66666666666667,115.0,83.0,41.0,42.0,73.0,64.0,C_p25,16.8397,2.543592423459642,E1,3.3254749193869246,3.3848584000902626,1.5439704982867866,1.4845870175834486,3.266091438683587,2.2565722667268417,0.0,2.746672456482333,9.0,1,1,6,frame_uncertain,False,False,False,2.0883190714007176,E1,3.0879495412650466,3.681785991508325,0.9501383203892452,0.8313710303405896,2.197194865900129,1.7815093507298347,False
high/IMG_3068_jpg,IMG_3068_jpg,high/IMG_3068_jpg,high,train,2.0,2699,1799,True,oof,holdout,3.4160000000000004,3.306,4.628,4.011,2.336,3.526,2.689,E1-E2,False,False,59.708333333333336,38.5,97.0,73.0,44.0,73.0,32.75,69.375,48.5,105.0,83.0,52.0,82.0,45.75,62.916666666666664,50.5,98.0,73.0,44.0,73.0,39.0,72.41666666666667,59.5,106.0,84.0,53.0,82.0,50.0,69.33333333333333,62.0,103.0,75.0,46.0,78.0,52.0,77.66666666666667,69.0,110.0,85.0,55.0,87.0,60.0,78.75,72.0,118.5,80.0,53.0,92.0,57.0,87.66666666666667,80.0,126.0,90.5,62.0,101.5,66.0,51.833333333333336,13.0,96.0,72.0,43.0,73.0,14.0,64.0,30.0,104.0,83.0,52.0,82.0,33.0,114.5,116.0,148.0,112.0,99.0,130.0,82.0,123.0,124.0,156.0,121.0,109.0,139.0,89.0,60.275,39.95,97.0,73.0,44.0,73.0,34.7,69.94166666666666,49.95,105.0,83.0,52.0,82.0,47.7,63.800000000000004,53.800000000000004,98.0,73.0,44.0,73.0,41.0,72.96666666666667,62.800000000000004,105.0,84.0,53.0,82.0,51.0,69.125,63.75,100.0,75.0,47.0,75.0,54.0,77.79166666666667,70.75,108.0,85.0,56.0,84.0,63.0,78.08333333333333,75.0,109.0,82.0,57.5,84.0,61.0,86.75,83.0,117.0,92.0,65.5,93.0,70.0,51.833333333333336,13.0,96.0,72.0,43.0,73.0,14.0,64.0,30.0,104.0,83.0,52.0,82.0,33.0,135.33333333333334,133.0,148.0,147.0,129.0,130.0,125.0,144.16666666666666,141.0,156.0,156.0,138.0,139.0,135.0,67.78333333333333,68.0,97.0,72.0,43.7,73.0,53.0,76.66666666666667,76.0,104.0,83.0,52.0,82.0,63.0,68.33333333333333,69.0,97.0,73.0,44.0,73.0,54.0,76.89999999999999,77.0,104.4,83.0,52.0,82.0,63.0,69.0,71.0,98.0,73.0,44.0,73.0,55.0,77.41666666666667,78.0,105.0,83.0,52.5,82.0,64.0,70.66666666666667,74.0,100.0,73.0,45.0,75.0,57.0,79.5,82.0,108.0,84.0,53.0,84.0,66.0,67.5,68.0,96.0,72.0,43.0,73.0,53.0,76.5,75.0,104.0,83.0,52.0,82.0,63.0,81.5,95.0,107.0,78.0,49.0,85.0,75.0,89.83333333333333,102.0,114.0,89.0,57.0,94.0,83.0,C_p25,16.8397,4.0974601685303185,E2-E3,4.216227129936994,5.819581108927118,4.3349940913436695,2.6128731509468697,4.3349940913436695,3.266091438683587,0.0,4.069869071760109,9.0,1,1,6,,False,False,False,4.146946402449766,E2-E3,4.24593061923944,5.760213567359799,4.453773376824587,2.73164767111908,4.542848844361078,3.1473331862893748,False
high/IMG_6849-_jpg,IMG_6849-_jpg,high/IMG_6849-_jpg,high,train,3.0,2698,1799,True,oof,dev,3.2745,4.588,4.118,2.353,2.706,3.882,2.0,E1-E2,False,False,40.208333333333336,32.6,58.0,35.0,45.0,50.0,20.65,46.708333333333336,44.0,65.0,40.0,50.0,55.6,25.65,42.71666666666667,33.0,59.0,36.0,49.0,50.0,29.3,48.88333333333333,46.0,65.0,40.0,54.0,56.0,32.3,47.541666666666664,36.0,62.0,37.0,55.0,52.0,43.25,53.875,49.0,68.0,42.0,60.0,58.0,46.25,60.833333333333336,44.0,72.5,47.5,64.0,69.0,68.0,67.75,57.0,78.5,53.0,69.0,75.0,74.0,31.5,3.0,57.0,35.0,42.0,49.0,3.0,40.666666666666664,28.0,64.0,40.0,47.0,55.0,10.0,88.5,77.0,93.0,83.0,85.0,97.0,96.0,94.33333333333333,82.0,99.0,90.0,89.0,105.0,101.0,43.23333333333333,33.0,58.0,35.0,50.0,68.0,15.4,50.23333333333333,45.0,65.0,40.0,56.0,74.0,21.4,44.96666666666667,34.0,58.0,36.0,50.0,68.0,23.8,51.61666666666667,46.3,65.0,40.0,56.0,74.0,28.4,49.291666666666664,38.75,61.0,38.0,52.0,69.0,37.0,56.083333333333336,52.0,67.5,43.0,58.0,75.0,41.0,62.5,70.0,69.0,49.0,61.0,75.0,51.0,67.75,75.0,75.0,54.0,66.5,81.0,55.0,35.666666666666664,3.0,57.0,35.0,49.0,67.0,3.0,45.0,28.0,64.0,40.0,55.0,73.0,10.0,93.33333333333333,93.0,93.0,84.0,97.0,97.0,96.0,99.66666666666667,99.0,99.0,90.0,104.0,105.0,101.0,40.208333333333336,32.6,58.0,35.0,45.0,50.0,20.65,46.708333333333336,44.0,65.0,40.0,50.0,55.6,25.65,42.71666666666667,33.0,59.0,36.0,49.0,50.0,29.3,48.88333333333333,46.0,65.0,40.0,54.0,56.0,32.3,47.541666666666664,36.0,62.0,37.0,55.0,52.0,43.25,53.875,49.0,68.0,42.0,60.0,58.0,46.25,60.833333333333336,44.0,72.5,47.5,64.0,69.0,68.0,67.75,57.0,78.5,53.0,69.0,75.0,74.0,31.5,3.0,57.0,35.0,42.0,49.0,3.0,40.666666666666664,28.0,64.0,40.0,47.0,55.0,10.0,88.5,77.0,93.0,83.0,85.0,97.0,96.0,94.33333333333333,82.0,99.0,90.0,89.0,105.0,101.0,C_p25,16.8397,2.8231896451045246,E1,2.1378053053201658,3.6817758036069526,2.1971887860235038,3.266091438683587,3.087940996573573,2.568335540419366,0.0,2.790697482498969,6.0,1,1,0,zenith_detection_failed,True,False,False,2.870201567328001,E1,3.859936926581309,3.26610047633803,2.197194865900129,2.73164767111908,3.681785991508325,1.4845911256081956,False
high/IMG_3110_jpg,IMG_3110_jpg,high/IMG_3110_jpg,high,valid,2.0,2698,1799,True,oof,holdout,4.2218333333333335,2.028,4.434,5.236,5.708,4.764,3.161,E2-E3,False,False,68.20833333333333,0.0,87.0,98.0,111.0,88.0,25.25,74.8,0.0,94.25,107.0,119.0,95.3,33.25,70.41666666666667,0.0,88.0,99.0,111.0,90.0,34.5,76.58333333333333,0.0,95.0,108.0,119.0,97.0,40.5,77.25,0.0,98.0,102.25,113.0,95.0,55.25,83.625,0.0,107.25,110.25,121.0,102.0,61.25,96.08333333333333,42.0,110.5,115.5,118.0,119.0,71.5,106.41666666666667,65.0,118.5,123.5,127.0,127.0,77.5,65.66666666666667,0.0,87.0,98.0,110.0,87.0,12.0,72.66666666666667,0.0,94.0,107.0,119.0,94.0,22.0,145.83333333333334,110.0,153.0,160.0,148.0,163.0,141.0,153.5,117.0,161.0,168.0,155.0,172.0,148.0,67.95,0.0,87.0,98.0,111.0,88.0,23.700000000000003,74.45,0.0,94.0,107.0,119.0,95.0,31.700000000000003,70.1,0.0,87.5,99.0,112.0,89.4,32.7,76.45,0.0,95.0,108.0,120.0,97.0,38.7,75.125,0.0,91.0,101.0,114.0,94.0,50.75,81.33333333333333,0.0,98.0,110.0,122.25,101.0,56.75,92.25,33.0,105.5,112.0,123.5,113.0,66.5,102.58333333333333,58.0,113.0,120.0,131.0,121.0,72.5,65.66666666666667,0.0,87.0,98.0,110.0,87.0,12.0,72.66666666666667,0.0,94.0,107.0,119.0,94.0,22.0,148.16666666666666,110.0,152.0,160.0,163.0,163.0,141.0,156.0,116.0,160.0,168.0,172.0,172.0,148.0,68.20833333333333,0.0,87.0,98.0,111.0,88.0,25.25,74.8,0.0,94.25,107.0,119.0,95.3,33.25,70.41666666666667,0.0,88.0,99.0,111.0,90.0,34.5,76.58333333333333,0.0,95.0,108.0,119.0,97.0,40.5,77.25,0.0,98.0,102.25,113.0,95.0,55.25,83.625,0.0,107.25,110.25,121.0,102.0,61.25,96.08333333333333,42.0,110.5,115.5,118.0,119.0,71.5,106.41666666666667,65.0,118.5,123.5,127.0,127.0,77.5,65.66666666666667,0.0,87.0,98.0,110.0,87.0,12.0,72.66666666666667,0.0,94.0,107.0,119.0,94.0,22.0,145.83333333333334,110.0,153.0,160.0,148.0,163.0,141.0,153.5,117.0,161.0,168.0,155.0,172.0,148.0,C_p25,16.8397,4.587373884332856,E2-E3,0.0,5.819581108927118,6.071960901916305,6.710333319477187,5.641430666817104,3.2809373088594214,0.0,4.534577679713487,8.0,2,1,0,"gingiva_multi_component,region_zero,zenith_detection_failed",True,False,False,4.958520638728718,E2-E3,2.5089590022778507,5.968056324944946,6.53220095267606,6.2946663725787495,5.344528052189504,3.1027954525211285,True
high/IMG_8584_jpg,IMG_8584_jpg,high/IMG_8584_jpg,high,train,1.0,2700,1800,True,oof,dev,4.4463333333333335,7.318,6.202,3.969,2.605,3.721,2.863,E2-E3,False,False,57.541666666666664,62.05,86.0,59.0,44.0,55.0,39.2,66.375,75.05,95.0,67.0,51.0,65.0,45.2,61.03333333333333,76.2,86.0,59.0,44.0,56.0,45.0,70.21666666666667,88.2,96.0,67.0,51.1,66.0,53.0,68.33333333333333,105.0,90.0,60.0,46.0,60.0,49.0,76.79166666666667,114.0,99.0,68.0,54.0,69.25,56.5,78.25,116.0,113.0,63.0,52.0,69.5,56.0,87.41666666666667,125.5,123.0,71.0,61.0,80.0,64.0,42.333333333333336,7.0,85.0,58.0,43.0,54.0,7.0,55.833333333333336,37.0,94.0,67.0,51.0,64.0,22.0,116.16666666666667,142.0,130.0,131.0,100.0,104.0,90.0,124.83333333333333,150.0,138.0,140.0,107.0,115.0,99.0,57.083333333333336,58.6,86.0,59.0,44.0,55.0,39.900000000000006,66.2,73.3,95.0,67.0,51.0,65.0,45.900000000000006,60.63333333333333,73.6,86.2,59.0,44.0,56.0,45.0,69.76666666666667,85.6,96.0,67.0,52.0,65.0,53.0,68.125,103.5,92.0,60.0,46.0,58.0,49.25,77.0,113.75,102.0,68.0,54.0,67.25,57.0,78.41666666666667,112.0,117.0,64.0,55.0,65.5,57.0,87.08333333333333,121.5,126.0,72.0,64.0,75.0,64.0,42.333333333333336,7.0,85.0,58.0,43.0,54.0,7.0,55.833333333333336,37.0,94.0,67.0,51.0,64.0,22.0,120.0,141.0,142.0,131.0,104.0,104.0,98.0,129.16666666666666,149.0,150.0,140.0,115.0,114.0,107.0,67.33333333333333,117.0,85.0,59.0,43.0,55.0,45.0,75.95,125.0,95.0,67.0,51.0,64.7,53.0,67.66666666666667,117.0,86.0,59.0,44.0,55.0,45.0,76.06666666666666,125.4,95.0,67.0,51.0,65.0,53.0,68.33333333333333,118.0,86.0,59.0,44.0,56.0,47.0,76.66666666666667,126.0,96.0,67.0,51.0,65.0,55.0,69.66666666666667,119.0,88.0,59.0,45.0,58.0,49.0,78.33333333333333,128.0,97.0,68.0,52.0,68.0,57.0,66.83333333333333,117.0,85.0,58.0,43.0,54.0,44.0,75.5,125.0,94.0,67.0,51.0,64.0,52.0,79.5,127.0,96.0,61.0,49.0,69.0,75.0,88.16666666666667,136.0,105.0,70.0,56.0,79.0,83.0,C_p25,16.8397,4.057871181394759,E2-E3,7.007250722993877,5.106979340487063,3.5036253614969386,2.6128731509468697,3.3254749193869246,2.791023593056883,0.0,4.011169037071261,9.0,1,1,6,,False,False,False,3.4887794913211043,E1-E2,5.552370809774652,4.750691601946226,2.8504149611677354,2.197194865900129,2.9691822512163912,2.612880381070424,False
high/111 (1)_jpg,111 (1)_jpg,high/111 (1)_jpg,high,valid,2.0,2699,1799,True,oof,dev,2.4516666666666667,1.018,3.207,2.392,2.138,3.97,1.985,E1,False,False,38.25,26.900000000000002,46.0,40.0,38.0,61.3,17.3,45.26666666666667,34.0,51.0,45.0,46.0,68.3,27.3,42.36666666666667,30.0,48.6,40.0,38.0,72.0,25.6,48.36666666666667,35.0,52.6,45.0,46.0,78.6,33.0,48.5,35.0,59.0,41.0,40.0,73.0,43.0,54.166666666666664,40.0,63.0,46.0,47.0,80.0,49.0,59.166666666666664,58.0,64.0,47.0,44.0,80.0,62.0,64.83333333333333,63.0,69.0,52.0,51.0,87.0,67.0,29.333333333333332,1.0,44.0,40.0,37.0,53.0,1.0,38.833333333333336,17.0,49.0,45.0,45.0,60.0,17.0,113.33333333333333,99.0,106.0,123.0,115.0,121.0,116.0,119.16666666666667,103.0,111.0,129.0,121.0,128.0,123.0,37.891666666666666,30.0,40.0,38.0,72.0,40.0,7.35,45.05833333333334,35.0,45.0,46.0,79.0,46.0,19.35,39.18333333333333,30.0,40.0,39.0,72.0,41.7,12.4,45.9,35.0,45.0,46.0,79.0,47.0,23.4,46.083333333333336,51.75,42.0,41.0,73.0,46.0,22.75,52.291666666666664,57.0,47.0,48.0,80.0,51.0,30.75,58.75,62.5,50.0,49.0,82.0,64.0,45.0,64.58333333333333,67.0,55.0,56.0,89.0,69.5,51.0,31.5,1.0,40.0,37.0,71.0,39.0,1.0,41.0,17.0,45.0,45.0,78.0,44.0,17.0,111.83333333333333,104.0,122.0,123.0,121.0,116.0,85.0,117.83333333333333,109.0,128.0,129.0,128.0,123.0,90.0,46.333333333333336,30.0,59.0,40.0,37.0,72.0,40.0,51.949999999999996,34.7,63.0,45.0,45.0,79.0,45.0,46.56666666666666,30.0,59.0,40.0,38.0,72.0,40.4,52.23333333333333,35.0,63.0,45.0,45.4,79.0,46.0,47.333333333333336,30.0,60.0,40.0,38.0,73.0,43.0,53.0,35.0,64.0,45.0,46.0,79.0,49.0,49.5,35.0,61.0,41.0,39.0,73.0,48.0,55.166666666666664,40.0,65.0,46.0,47.0,80.0,53.0,45.666666666666664,29.0,58.0,40.0,37.0,71.0,39.0,51.333333333333336,34.0,62.0,45.0,45.0,78.0,44.0,64.5,59.0,74.0,44.0,43.0,81.0,86.0,70.33333333333333,65.0,78.0,49.0,50.0,89.0,91.0,C_p25,16.8397,2.810818086624663,E1,1.7815044211001383,3.5630088422002766,2.3753392281335177,2.2565722667268417,4.3349940913436695,2.5534896702435317,0.0,2.846951682409115,6.0,1,1,6,,False,False,False,2.7712290994891036,E1,0.8313710303405896,3.622402346483997,3.26610047633803,2.256578510924457,4.186546974215111,2.4644212685096045,False
high/IMG_2848_jpg,IMG_2848_jpg,high/IMG_2848_jpg,high,valid,4.0,2698,1799,True,oof,holdout,1.5296666666666665,0.478,1.673,1.386,1.673,2.486,1.482,E1,False,False,25.974999999999998,0.0,37.0,32.0,32.0,39.0,15.850000000000001,30.474999999999998,0.0,41.0,36.0,37.0,44.0,24.85,27.45,0.0,37.0,32.0,33.0,42.0,20.700000000000003,31.666666666666668,0.0,41.0,37.0,38.0,47.0,27.0,31.041666666666668,0.0,40.25,34.0,35.0,49.0,28.0,35.5,0.0,44.0,39.0,41.0,55.0,34.0,46.333333333333336,28.5,50.0,40.0,53.5,60.0,46.0,50.916666666666664,33.0,54.0,44.0,57.5,65.5,51.5,23.333333333333332,0.0,37.0,31.0,31.0,37.0,4.0,29.166666666666668,0.0,40.0,36.0,37.0,42.0,20.0,84.0,56.0,96.0,95.0,98.0,94.0,65.0,88.5,58.0,101.0,100.0,102.0,99.0,71.0,22.116666666666664,13.700000000000001,0.0,37.0,32.0,32.0,18.0,26.983333333333334,19.9,0.0,41.0,37.0,38.0,26.0,23.96666666666667,17.8,0.0,37.0,33.0,33.0,23.0,28.133333333333336,22.8,0.0,41.0,37.0,39.0,29.0,28.75,24.5,0.0,40.0,36.0,37.0,35.0,32.625,29.5,0.0,43.0,41.0,42.25,40.0,43.0,38.0,27.0,47.0,46.0,49.0,51.0,48.083333333333336,43.0,31.5,51.0,51.0,55.0,57.0,18.333333333333332,7.0,0.0,37.0,31.0,31.0,4.0,25.333333333333332,19.0,0.0,40.0,36.0,37.0,20.0,83.5,51.0,64.0,96.0,98.0,98.0,94.0,88.0,57.0,67.0,101.0,102.0,102.0,99.0,25.974999999999998,0.0,37.0,32.0,32.0,39.0,15.850000000000001,30.474999999999998,0.0,41.0,36.0,37.0,44.0,24.85,27.45,0.0,37.0,32.0,33.0,42.0,20.700000000000003,31.666666666666668,0.0,41.0,37.0,38.0,47.0,27.0,31.041666666666668,0.0,40.25,34.0,35.0,49.0,28.0,35.5,0.0,44.0,39.0,41.0,55.0,34.0,46.333333333333336,28.5,50.0,40.0,53.5,60.0,46.0,50.916666666666664,33.0,54.0,44.0,57.5,65.5,51.5,23.333333333333332,0.0,37.0,31.0,31.0,37.0,4.0,29.166666666666668,0.0,40.0,36.0,37.0,42.0,20.0,84.0,56.0,96.0,95.0,98.0,94.0,65.0,88.5,58.0,101.0,100.0,102.0,99.0,71.0,C_p25,16.8397,1.8433622134994487,E1,0.0,2.3901850983093524,2.0190383439134902,2.0784218246168282,2.909790554463559,1.6627374596934623,0.0,1.8221469101329815,5.0,2,1,0,"gingiva_multi_component,region_zero,zenith_detection_failed",True,False,False,1.9745007333859865,E1,1.7221257057055068,1.9002766407784903,2.019043930827146,1.6627420606811791,2.9394904287042274,1.6033584156568512,False
high/IMG_3098_jpg,IMG_3098_jpg,high/IMG_3098_jpg,high,train,3.0,2698,1799,True,oof,holdout,4.068833333333333,5.097,5.193,3.106,2.087,4.271,4.659,E2-E3,False,False,52.25833333333333,49.75,91.0,48.0,41.0,48.3,35.5,62.175000000000004,68.5,98.0,55.0,45.0,53.3,53.25,60.86666666666667,70.5,91.0,49.0,41.0,58.2,55.5,69.78333333333333,87.5,99.0,56.0,45.0,63.2,68.0,77.75,99.25,97.5,52.0,42.25,79.0,96.5,85.375,110.0,105.0,59.0,47.0,86.0,105.25,89.08333333333333,107.0,116.0,60.0,54.5,93.0,104.0,96.66666666666667,117.0,124.0,67.5,60.5,99.0,112.0,40.666666666666664,18.0,90.0,48.0,40.0,43.0,5.0,54.0,46.0,98.0,55.0,44.0,48.0,33.0,137.5,156.0,149.0,139.0,119.0,134.0,128.0,145.16666666666666,163.0,156.0,148.0,126.0,142.0,136.0,60.38333333333333,42.8,103.0,91.0,48.0,41.0,36.5,70.85,62.9,110.0,98.0,55.45,45.0,53.75,66.7,56.7,104.0,91.0,49.0,42.0,57.5,76.11666666666666,74.7,111.0,99.0,56.0,46.0,70.0,81.375,87.25,107.0,94.0,53.0,48.0,99.0,89.54166666666667,102.5,114.0,102.0,60.0,52.75,106.0,96.41666666666667,107.5,118.5,105.5,64.0,78.0,105.0,105.16666666666667,121.5,125.5,114.0,72.0,85.0,113.0,50.5,18.0,102.0,90.0,48.0,40.0,5.0,64.16666666666667,46.0,109.0,98.0,55.0,44.0,33.0,144.33333333333334,154.0,156.0,149.0,139.0,134.0,134.0,152.16666666666666,162.0,163.0,156.0,148.0,142.0,142.0,76.23333333333333,102.7,90.7,48.0,40.0,77.0,99.0,82.95,109.7,98.0,55.0,45.0,84.0,106.0,76.39999999999999,103.0,91.0,48.0,40.0,77.4,99.0,83.33333333333333,110.0,98.0,55.0,45.0,85.0,107.0,77.16666666666667,105.0,91.0,48.0,41.0,78.0,100.0,84.0,112.0,99.0,56.0,45.0,85.0,107.0,79.0,107.0,93.0,50.0,42.0,80.0,102.0,85.66666666666667,114.0,101.0,57.0,46.0,87.0,109.0,76.0,102.0,90.0,48.0,40.0,77.0,99.0,82.66666666666667,109.0,98.0,55.0,44.0,84.0,106.0,95.0,129.0,109.0,54.0,45.0,122.0,111.0,102.16666666666667,136.0,117.0,62.0,50.0,130.0,118.0,C_p25,16.8397,4.582425260940911,E2-E3,6.235265473850484,5.403896744003752,2.850407073760221,2.4347227088368557,4.6319114948603595,5.938348070333794,0.0,4.563927697057911,7.0,1,1,6,,False,False,False,4.359737208303394,E2-E3,6.235282727554422,6.205590905042257,3.5036350564353413,2.672264026094752,4.335006086775931,3.2067168313137024,False
high/IMG_6855-_jpg,IMG_6855-_jpg,high/IMG_6855-_jpg,high,test,1.0,2699,1800,True,oof,dev,4.747833333333333,3.679,6.517,3.364,5.361,9.566,0.0,E2-E3,True,False,44.0,26.5,77.5,62.0,98.0,0.0,0.0,51.0,40.5,87.5,71.0,107.0,0.0,0.0,48.0,40.0,88.0,62.0,98.0,0.0,0.0,54.5,51.0,98.0,71.0,107.0,0.0,0.0,62.583333333333336,68.0,116.0,64.0,101.0,0.0,26.5,70.08333333333333,79.0,125.0,73.0,110.0,0.0,33.5,75.08333333333333,82.0,124.0,72.0,112.5,1.0,59.0,85.0,91.0,133.0,81.0,121.0,20.0,64.0,38.666666666666664,3.0,71.0,61.0,97.0,0.0,0.0,46.833333333333336,24.0,81.0,70.0,106.0,0.0,0.0,127.33333333333333,103.0,140.0,116.0,137.0,172.0,96.0,134.66666666666666,113.0,148.0,124.0,145.0,177.0,101.0,43.833333333333336,23.6,68.0,62.0,98.0,0.0,11.4,52.666666666666664,38.6,79.0,71.0,107.0,0.0,20.4,47.26666666666666,33.2,69.0,63.0,98.0,0.0,20.4,55.099999999999994,45.2,79.0,72.0,107.0,0.0,27.4,56.583333333333336,58.0,70.0,70.5,102.0,0.0,39.0,63.875,68.0,80.75,79.5,111.0,0.0,44.0,75.25,85.0,84.5,102.0,117.0,0.0,63.0,82.0,93.0,95.0,111.0,125.0,0.0,68.0,38.5,3.0,68.0,61.0,97.0,0.0,2.0,49.0,24.0,79.0,70.0,106.0,0.0,15.0,136.5,102.0,139.0,140.0,170.0,172.0,96.0,143.5,112.0,147.0,148.0,176.0,177.0,101.0,44.0,26.5,77.5,62.0,98.0,0.0,0.0,51.0,40.5,87.5,71.0,107.0,0.0,0.0,48.0,40.0,88.0,62.0,98.0,0.0,0.0,54.5,51.0,98.0,71.0,107.0,0.0,0.0,62.583333333333336,68.0,116.0,64.0,101.0,0.0,26.5,70.08333333333333,79.0,125.0,73.0,110.0,0.0,33.5,75.08333333333333,82.0,124.0,72.0,112.5,1.0,59.0,85.0,91.0,133.0,81.0,121.0,20.0,64.0,38.666666666666664,3.0,71.0,61.0,97.0,0.0,0.0,46.833333333333336,24.0,81.0,70.0,106.0,0.0,0.0,127.33333333333333,103.0,140.0,116.0,137.0,172.0,96.0,134.66666666666666,113.0,148.0,124.0,145.0,177.0,101.0,C_p25,16.8397,3.7164161673505665,E1-E2,4.0380766878269805,6.888483761587201,3.8005427650136285,5.997731551037132,0.0,1.5736622386384556,0.0,3.673643837610387,9.0,2,1,0,"gingiva_multi_component,region_zero,zenith_detection_failed",True,False,False,3.300731802427201,E1-E2,3.5036350564353413,6.131361348761848,3.3254841213623583,5.403911697213832,0.1781509350729834,1.2619024567669663,True
high/IMG_3105_jpg,IMG_3105_jpg,high/IMG_3105_jpg,high,valid,1.0,2699,1799,True,oof,holdout,0.8685,0.618,1.104,1.634,0.795,1.06,0.0,E1,True,False,17.0,0.0,25.0,36.0,12.0,22.0,7.0,20.166666666666668,0.0,28.0,39.0,15.0,26.0,13.0,17.166666666666668,0.0,25.0,36.0,12.0,23.0,7.0,20.333333333333332,0.0,28.0,40.0,15.0,26.0,13.0,18.958333333333332,0.0,29.0,37.0,13.0,26.0,8.75,22.0,0.0,32.0,41.0,16.0,29.0,14.0,33.583333333333336,30.0,53.0,42.5,19.0,40.0,17.0,36.833333333333336,34.0,57.0,46.0,21.0,42.0,21.0,15.0,0.0,24.0,35.0,12.0,18.0,1.0,18.666666666666668,0.0,27.0,39.0,15.0,21.0,10.0,78.5,74.0,95.0,91.0,92.0,75.0,44.0,82.0,78.0,98.0,95.0,96.0,77.0,48.0,17.0,0.0,25.0,36.0,12.0,22.0,7.0,20.216666666666665,0.0,28.0,39.3,15.0,26.0,13.0,17.166666666666668,0.0,25.0,36.0,12.0,23.0,7.0,20.333333333333332,0.0,28.0,40.0,15.0,26.0,13.0,19.166666666666668,0.0,27.0,39.0,14.0,26.0,9.0,22.208333333333332,0.0,31.0,42.0,17.0,29.0,14.25,31.083333333333332,22.0,38.5,48.0,22.0,38.0,18.0,35.25,28.5,42.0,52.0,25.0,42.0,22.0,15.666666666666666,0.0,24.0,35.0,12.0,22.0,1.0,19.5,0.0,27.0,39.0,15.0,26.0,10.0,79.66666666666667,74.0,95.0,95.0,92.0,75.0,47.0,82.66666666666667,77.0,98.0,98.0,96.0,77.0,50.0,17.0,0.0,25.0,36.0,12.0,22.0,7.0,20.166666666666668,0.0,28.0,39.0,15.0,26.0,13.0,17.166666666666668,0.0,25.0,36.0,12.0,23.0,7.0,20.333333333333332,0.0,28.0,40.0,15.0,26.0,13.0,18.958333333333332,0.0,29.0,37.0,13.0,26.0,8.75,22.0,0.0,32.0,41.0,16.0,29.0,14.0,33.583333333333336,30.0,53.0,42.5,19.0,40.0,17.0,36.833333333333336,34.0,57.0,46.0,21.0,42.0,21.0,15.0,0.0,24.0,35.0,12.0,18.0,1.0,18.666666666666668,0.0,27.0,39.0,15.0,21.0,10.0,78.5,74.0,95.0,91.0,92.0,75.0,44.0,82.0,78.0,98.0,95.0,96.0,77.0,48.0,C_p25,16.8397,1.1258118216674484,E1,0.0,1.7221209403968003,2.1971887860235038,0.7719852491433933,1.5439704982867866,0.5196054561542071,0.0,1.1128548243094047,3.0,2,1,0,"gingiva_multi_component,region_zero,zenith_detection_failed",True,False,False,1.118388886579531,E1,0.7126037402919339,2.019043930827146,2.375345800973113,0.1781509350729834,1.1282892554622286,0.2969182251216391,True
high/IMG_6591-_jpg,IMG_6591-_jpg,high/IMG_6591-_jpg,high,train,1.0,2698,1799,True,oof,holdout,4.391666666666667,4.185,6.183,3.9,4.281,4.947,2.854,E2-E3,False,False,54.1,34.1,65.7,59.0,63.0,83.7,19.1,74.0,54.1,95.4,79.0,80.7,106.7,28.1,61.96666666666667,53.2,72.4,59.0,63.0,94.4,29.8,80.76666666666667,71.8,102.4,79.0,81.0,113.0,37.4,73.04166666666667,71.5,99.5,60.25,64.5,97.0,45.5,92.5,92.0,128.0,81.0,82.0,115.0,57.0,79.41666666666667,80.0,102.0,68.5,71.0,102.0,53.0,98.5,100.0,131.0,87.0,89.0,120.0,64.0,44.333333333333336,6.0,62.0,59.0,62.0,76.0,1.0,66.16666666666667,35.0,90.0,78.0,80.0,99.0,15.0,121.16666666666667,117.0,125.0,129.0,129.0,126.0,101.0,140.83333333333334,144.0,158.0,140.0,140.0,149.0,114.0,51.31666666666667,30.8,100.0,59.0,63.0,46.0,9.100000000000001,69.6,51.2,128.0,79.0,81.0,58.0,20.4,55.349999999999994,46.400000000000006,100.0,59.0,63.0,47.900000000000006,15.8,73.44999999999999,65.4,129.0,80.0,81.0,59.900000000000006,25.4,65.375,70.0,101.0,62.0,65.0,64.25,30.0,83.45833333333333,92.0,129.0,83.0,83.0,76.25,37.5,79.0,76.0,104.0,74.0,74.5,96.5,49.0,98.41666666666667,97.0,134.5,96.0,92.0,114.0,57.0,45.333333333333336,6.0,100.0,59.0,62.0,44.0,1.0,65.33333333333333,35.0,128.0,78.0,80.0,56.0,15.0,115.66666666666667,116.0,124.0,129.0,129.0,125.0,71.0,139.66666666666666,144.0,157.0,158.0,149.0,148.0,82.0,71.83333333333333,70.0,100.0,59.0,62.0,96.0,44.0,91.16666666666667,91.0,128.0,79.0,80.0,113.0,56.0,72.16666666666667,70.0,100.0,59.0,63.0,96.0,45.0,91.56666666666666,92.0,128.0,79.0,80.0,113.4,57.0,72.75,72.0,100.0,59.0,63.0,96.0,46.5,92.41666666666667,93.0,129.0,79.0,81.0,114.0,58.5,74.66666666666667,76.0,101.0,60.0,64.0,97.0,50.0,94.5,98.0,130.0,81.0,81.0,116.0,61.0,71.66666666666667,70.0,100.0,59.0,62.0,95.0,44.0,91.0,91.0,128.0,78.0,80.0,113.0,56.0,83.66666666666667,85.0,105.0,63.0,69.0,108.0,72.0,105.0,106.0,137.0,91.0,91.0,122.0,83.0,C_p25,16.8397,4.320148221167836,E2-E3,4.2756106106403315,5.938348070333794,3.5036253614969386,3.7411592843102905,5.700814147520442,2.761331852705214,0.0,4.287548367064586,19.0,1,1,6,,False,False,False,4.735832586091201,E2-E3,4.542848844361078,7.422955628040977,3.770861459044817,3.859936926581309,5.819597212384126,2.998874073728555,False
high/IMG_6933_jpg,IMG_6933_jpg,high/IMG_6933_jpg,high,train,0.0,2698,1799,True,oof,holdout,3.493,4.304,4.584,2.994,2.62,3.649,2.807,E1-E2,False,False,54.55000000000001,51.05,86.0,55.0,45.0,54.35,35.900000000000006,67.83333333333333,88.7,95.0,63.0,53.0,62.7,44.6,62.883333333333326,80.1,86.6,55.0,45.0,62.4,48.2,73.55,100.0,96.0,64.0,54.0,70.7,56.6,68.625,87.75,90.0,58.0,47.0,73.0,56.0,79.45833333333333,103.75,103.0,66.0,56.0,82.0,66.0,87.33333333333333,134.5,105.0,74.0,62.0,80.5,68.0,98.16666666666667,151.5,118.0,81.0,70.0,90.5,78.0,40.833333333333336,6.0,85.0,54.0,44.0,49.0,7.0,59.666666666666664,67.0,94.0,63.0,52.0,58.0,24.0,125.5,151.0,139.0,132.0,110.0,116.0,105.0,135.66666666666666,165.0,150.0,141.0,117.0,126.0,115.0,58.916666666666664,37.0,86.0,86.0,55.0,45.0,44.5,74.125,80.5,100.0,95.0,63.0,53.0,53.25,62.583333333333336,48.5,87.0,86.0,55.0,45.0,54.0,77.5,87.0,101.0,95.0,64.0,54.0,64.0,72.83333333333333,86.0,93.0,89.0,58.0,47.0,64.0,86.25,115.25,109.75,98.0,66.0,55.25,73.25,90.41666666666667,122.0,121.0,99.5,68.0,56.0,76.0,101.66666666666667,142.5,132.5,109.0,76.0,64.0,86.0,47.0,6.0,86.0,85.0,54.0,44.0,7.0,66.5,67.0,99.0,94.0,63.0,52.0,24.0,133.83333333333334,151.0,151.0,139.0,131.0,116.0,115.0,145.16666666666666,165.0,165.0,150.0,140.0,126.0,125.0,65.66666666666667,86.0,85.0,54.0,44.0,71.0,54.0,75.78333333333333,100.0,94.0,63.0,53.0,81.0,63.7,65.89999999999999,86.0,85.4,55.0,44.0,71.0,54.0,76.0,100.0,95.0,63.0,53.0,81.0,64.0,66.66666666666667,87.0,86.0,55.0,45.0,72.0,55.0,76.58333333333333,100.0,95.5,63.0,54.0,82.0,65.0,68.33333333333333,88.0,88.0,56.0,46.0,73.0,59.0,79.0,103.0,98.0,65.0,55.0,84.0,69.0,65.5,86.0,85.0,54.0,44.0,71.0,53.0,75.33333333333333,99.0,94.0,63.0,52.0,81.0,63.0,86.66666666666667,142.0,99.0,60.0,50.0,89.0,80.0,95.83333333333333,154.0,107.0,68.0,59.0,99.0,88.0,C_p25,16.8397,3.9588987135558633,E1-E2,5.166362821190401,5.106979340487063,3.266091438683587,2.6722566316502077,4.2756106106403315,3.266091438683587,0.0,4.028289880522175,10.0,1,1,6,,False,False,False,3.6817758036069526,E1-E2,4.275622441751604,4.691307956921898,3.1473331862893748,2.4941130910217684,4.453773376824587,3.028565896240719,False
high/IMG_6519-_jpg,IMG_6519-_jpg,high/IMG_6519-_jpg,high,test,4.0,2699,1799,True,oof,dev,5.754166666666666,4.195,6.668,6.776,7.421,7.529,1.936,E2-E3,False,False,99.78333333333335,39.6,123.0,128.0,139.0,138.0,31.1,112.45,47.25,134.0,138.7,150.65,151.0,53.1,106.51666666666667,57.900000000000006,123.0,129.0,139.0,140.0,50.2,119.78333333333332,71.9,134.0,139.0,151.0,152.0,70.8,121.29166666666667,70.0,127.5,131.5,143.25,147.0,108.5,134.16666666666666,83.25,139.0,142.0,154.25,160.0,126.5,140.91666666666666,87.0,147.0,138.0,174.5,167.0,132.0,153.75,103.0,158.0,149.0,184.5,181.0,147.0,90.16666666666667,7.0,122.0,127.0,138.0,138.0,9.0,102.16666666666667,7.0,134.0,137.0,150.0,150.0,35.0,200.83333333333334,183.0,210.0,180.0,222.0,215.0,195.0,212.66666666666666,194.0,222.0,191.0,232.0,228.0,209.0,95.97500000000001,37.2,123.0,128.0,138.0,125.0,24.65,108.89166666666667,44.25,134.0,139.0,150.0,139.45,46.65,101.10000000000001,56.1,123.0,129.0,139.0,126.9,32.6,114.69999999999999,68.30000000000001,134.0,139.0,151.0,141.0,54.900000000000006,111.33333333333333,69.0,126.0,134.0,141.0,133.25,64.75,125.125,83.0,138.0,145.0,153.0,148.0,83.75,132.16666666666666,77.5,143.0,148.5,153.5,153.5,117.0,146.16666666666666,93.5,155.0,159.5,166.0,168.0,135.0,87.66666666666667,7.0,122.0,127.0,138.0,123.0,9.0,100.16666666666667,7.0,134.0,137.0,150.0,138.0,35.0,207.5,182.0,210.0,222.0,222.0,215.0,194.0,219.16666666666666,194.0,222.0,231.0,232.0,228.0,208.0,99.78333333333335,39.6,123.0,128.0,139.0,138.0,31.1,112.45,47.25,134.0,138.7,150.65,151.0,53.1,106.51666666666667,57.900000000000006,123.0,129.0,139.0,140.0,50.2,119.78333333333332,71.9,134.0,139.0,151.0,152.0,70.8,121.29166666666667,70.0,127.5,131.5,143.25,147.0,108.5,134.16666666666666,83.25,139.0,142.0,154.25,160.0,126.5,140.91666666666666,87.0,147.0,138.0,174.5,167.0,132.0,153.75,103.0,158.0,149.0,184.5,181.0,147.0,90.16666666666667,7.0,122.0,127.0,138.0,138.0,9.0,102.16666666666667,7.0,134.0,137.0,150.0,150.0,35.0,200.83333333333334,183.0,210.0,180.0,222.0,215.0,195.0,212.66666666666666,194.0,222.0,191.0,232.0,228.0,209.0,C_p25,16.8397,7.202721346975698,E3,4.1568436492336565,7.571393789675588,7.80892771248894,8.50668361075316,8.729371663390678,6.443107656312167,0.0,7.119825040801489,12.0,1,1,0,zenith_detection_failed,True,False,False,6.1659847463632556,E3,3.978704216629964,6.710351887749044,6.53220095267606,7.244804692967994,7.660490208138289,4.869458891994881,True
high/IMG_6745_jpg,IMG_6745_jpg,high/IMG_6745_jpg,high,train,0.0,2698,1799,True,oof,dev,2.571333333333333,3.0,2.357,2.464,1.607,2.786,3.214,E1,False,False,35.800000000000004,30.9,41.0,41.0,29.0,46.0,26.9,44.13333333333333,40.9,52.0,47.0,36.0,54.0,34.9,40.93333333333334,46.8,42.0,42.0,30.9,46.0,37.9,48.76666666666667,55.8,53.0,48.0,37.9,54.0,43.9,48.583333333333336,56.0,48.0,50.0,34.75,49.0,53.75,56.208333333333336,63.75,58.75,56.0,41.0,57.0,60.75,64.5,65.0,70.0,69.5,54.0,68.5,60.0,72.25,73.0,78.5,76.0,61.0,77.0,68.0,26.333333333333332,4.0,40.0,40.0,28.0,45.0,1.0,37.166666666666664,19.0,51.0,46.0,36.0,54.0,17.0,114.0,102.0,113.0,122.0,118.0,126.0,103.0,122.16666666666667,111.0,121.0,129.0,127.0,134.0,111.0,37.225,34.900000000000006,40.0,41.0,29.0,46.0,32.45,45.225,43.900000000000006,52.0,47.0,36.0,54.0,38.45,42.9,52.800000000000004,42.0,42.0,30.700000000000003,46.0,43.900000000000006,50.43333333333334,60.0,53.0,48.0,37.7,54.0,49.900000000000006,48.25,57.0,44.25,50.0,34.25,47.0,57.0,56.25,65.0,55.25,56.0,41.0,55.0,65.25,62.083333333333336,65.5,61.5,68.0,53.5,55.0,69.0,70.08333333333333,73.0,72.0,75.0,60.5,63.0,77.0,26.333333333333332,4.0,40.0,40.0,28.0,45.0,1.0,37.166666666666664,19.0,51.0,46.0,36.0,54.0,17.0,120.0,113.0,112.0,122.0,122.0,125.0,126.0,127.83333333333333,121.0,121.0,129.0,129.0,133.0,134.0,44.0,54.0,40.0,40.0,28.0,45.0,57.0,52.5,62.0,51.0,46.0,36.0,54.0,66.0,44.333333333333336,54.0,40.0,40.0,29.0,46.0,57.0,52.666666666666664,62.0,52.0,46.0,36.0,54.0,66.0,45.5,55.0,42.0,42.0,30.0,46.0,58.0,53.583333333333336,63.0,53.0,48.0,37.0,54.0,66.5,47.666666666666664,57.0,44.0,45.0,32.0,47.0,61.0,56.0,66.0,55.0,51.0,39.0,55.0,70.0,43.833333333333336,53.0,40.0,40.0,28.0,45.0,57.0,52.333333333333336,61.0,51.0,46.0,36.0,54.0,66.0,71.0,102.0,57.0,69.0,41.0,54.0,103.0,79.33333333333333,111.0,67.0,76.0,49.0,62.0,111.0,C_p25,16.8397,2.701948372001876,E1,3.266091438683587,2.4941061895401937,2.4941061895401937,1.7815044211001383,2.731640112353545,3.4442418807936006,0.0,2.8518433519665187,8.0,1,1,6,,False,False,False,2.4842089427563043,E1,2.998874073728555,2.256578510924457,2.4941130910217684,1.336132013047376,2.4941130910217684,3.3254841213623583,False
high/IMG_3811-_jpg,IMG_3811-_jpg,high/IMG_3811-_jpg,high,test,1.0,2699,1799,True,oof,holdout,3.4345,4.485,4.866,1.989,2.031,3.385,3.851,E1-E2,False,False,52.875,35.1,73.05,47.0,41.0,64.0,57.1,59.199999999999996,42.1,77.05,52.0,47.0,70.0,67.05,62.76666666666666,56.2,83.1,47.0,41.0,72.1,77.2,68.58333333333333,62.2,87.1,53.0,47.0,77.1,85.1,80.20833333333333,99.25,119.0,49.0,43.0,79.0,92.0,86.04166666666667,104.25,124.0,55.0,49.0,86.0,98.0,89.66666666666667,113.0,125.5,56.5,49.0,95.0,99.0,95.25,117.0,131.0,62.0,54.0,101.5,106.0,38.0,9.0,64.0,46.0,41.0,58.0,10.0,46.666666666666664,22.0,68.0,51.0,46.0,63.0,30.0,143.0,154.0,155.0,138.0,132.0,146.0,133.0,149.16666666666666,159.0,160.0,143.0,137.0,153.0,143.0,61.51666666666667,33.4,119.0,47.0,41.0,76.7,52.0,68.31666666666666,41.2,124.0,52.0,47.0,82.7,63.0,68.53333333333335,52.8,119.0,47.0,42.0,78.4,72.0,74.46666666666667,58.8,124.0,53.0,47.0,85.0,79.0,81.08333333333333,93.0,122.5,51.0,45.0,83.0,92.0,86.91666666666667,99.0,127.5,56.0,51.0,90.0,98.0,94.75,111.0,133.0,65.0,58.0,104.0,97.5,100.58333333333333,116.0,138.0,70.5,64.0,111.0,104.0,49.833333333333336,9.0,118.0,46.0,41.0,75.0,10.0,58.833333333333336,22.0,124.0,51.0,46.0,80.0,30.0,147.66666666666666,153.0,154.0,155.0,146.0,145.0,133.0,154.16666666666666,158.0,159.0,160.0,153.0,152.0,143.0,80.11666666666666,108.7,119.0,46.0,41.0,75.0,91.0,85.73333333333333,113.7,124.0,52.0,46.7,81.0,97.0,80.33333333333333,109.0,119.0,46.0,41.0,76.0,91.0,86.06666666666666,114.0,124.0,52.0,47.0,82.0,97.4,81.41666666666667,110.0,119.0,47.0,41.0,78.5,93.0,87.0,115.0,124.0,52.0,47.0,85.0,99.0,83.5,112.0,122.0,48.0,42.0,82.0,95.0,89.0,117.0,126.0,53.0,47.0,89.0,102.0,79.66666666666667,108.0,118.0,46.0,41.0,75.0,90.0,85.0,112.0,124.0,51.0,46.0,80.0,97.0,97.66666666666667,121.0,138.0,51.0,45.0,125.0,106.0,103.66666666666667,125.0,142.0,57.0,51.0,134.0,113.0,C_p25,16.8397,4.834805053930098,E2-E3,6.532182877367174,7.066634203697215,2.791023593056883,2.4347227088368557,4.661603235212029,5.522663705410428,0.0,4.708231949001328,6.0,1,1,6,,False,False,False,4.052922558002814,E2-E3,5.760213567359799,5.671138099823307,2.3159621559487853,1.7815093507298347,4.394389731800259,4.394389731800259,False
high/IMG_6918_jpg,IMG_6918_jpg,high/IMG_6918_jpg,high,valid,3.0,2698,1799,True,oof,dev,3.1235,3.44,4.617,3.984,2.988,2.444,1.268,E1-E2,False,False,52.63333333333333,21.6,76.0,76.0,71.6,51.0,19.6,57.03333333333334,28.6,79.0,79.0,75.0,55.0,25.6,57.099999999999994,32.2,78.0,76.0,74.0,52.0,30.400000000000002,61.26666666666667,38.2,81.0,80.0,78.0,56.0,34.400000000000006,70.04166666666667,55.0,89.0,78.0,86.0,62.25,50.0,73.54166666666667,59.0,93.0,81.0,89.0,66.25,53.0,78.41666666666667,78.0,92.5,82.0,95.0,67.0,56.0,82.33333333333333,82.0,96.0,86.0,99.0,71.0,60.0,45.333333333333336,3.0,74.0,75.0,69.0,50.0,1.0,51.166666666666664,12.0,78.0,79.0,73.0,55.0,10.0,108.83333333333333,103.0,120.0,120.0,121.0,104.0,85.0,112.5,107.0,124.0,124.0,124.0,108.0,88.0,53.99166666666667,26.400000000000002,89.0,76.0,65.0,51.0,16.55,58.68333333333333,32.400000000000006,93.0,80.0,69.0,55.0,22.700000000000003,57.68333333333333,39.400000000000006,89.0,76.0,66.0,51.0,24.700000000000003,62.133333333333326,44.400000000000006,93.0,80.0,70.0,55.7,29.700000000000003,67.79166666666667,68.5,91.0,78.0,68.0,53.0,48.25,71.58333333333333,71.5,94.25,82.0,72.0,57.75,52.0,77.16666666666667,83.0,98.0,87.0,80.5,60.5,54.0,80.41666666666667,86.0,101.5,90.0,84.0,64.5,56.5,47.166666666666664,3.0,89.0,75.0,65.0,50.0,1.0,52.833333333333336,12.0,92.0,79.0,69.0,55.0,10.0,111.5,120.0,120.0,120.0,121.0,104.0,84.0,115.33333333333333,124.0,124.0,124.0,124.0,108.0,88.0,52.63333333333333,21.6,76.0,76.0,71.6,51.0,19.6,57.03333333333334,28.6,79.0,79.0,75.0,55.0,25.6,57.099999999999994,32.2,78.0,76.0,74.0,52.0,30.400000000000002,61.26666666666667,38.2,81.0,80.0,78.0,56.0,34.400000000000006,70.04166666666667,55.0,89.0,78.0,86.0,62.25,50.0,73.54166666666667,59.0,93.0,81.0,89.0,66.25,53.0,78.41666666666667,78.0,92.5,82.0,95.0,67.0,56.0,82.33333333333333,82.0,96.0,86.0,99.0,71.0,60.0,45.333333333333336,3.0,74.0,75.0,69.0,50.0,1.0,51.166666666666664,12.0,78.0,79.0,73.0,55.0,10.0,108.83333333333333,103.0,120.0,120.0,121.0,104.0,85.0,112.5,107.0,124.0,124.0,124.0,108.0,88.0,C_p25,16.8397,4.159317960929629,E2-E3,3.266091438683587,5.285129782597077,4.6319114948603595,5.106979340487063,3.696621673782787,2.969174035166897,0.0,4.111448262998043,4.0,1,1,0,zenith_detection_failed,True,False,False,3.9094124796364143,E1-E2,3.919320571605637,5.1960689396286845,5.285144407165176,4.275622441751604,2.998874073728555,1.7815093507298347,False
high/IMG_8648_jpg,IMG_8648_jpg,high/IMG_8648_jpg,high,train,4.0,2699,1799,True,oof,holdout,6.260833333333334,7.429,7.857,4.286,5.429,7.85,4.714,E3,False,False,62.70000000000001,21.1,96.0,57.0,64.0,97.0,41.1,73.29166666666667,34.1,105.0,66.0,72.0,107.1,55.55,67.75,36.2,100.1,58.0,64.0,98.0,50.2,77.91666666666667,48.2,108.1,67.0,72.1,108.0,64.1,77.04166666666667,62.75,111.75,60.0,66.0,99.75,62.0,87.20833333333333,74.5,121.0,69.0,74.0,109.75,75.0,88.66666666666667,96.0,114.0,69.0,74.0,105.5,73.5,98.33333333333333,105.0,122.0,77.0,82.0,116.0,88.0,53.0,5.0,95.0,57.0,64.0,90.0,7.0,64.66666666666667,18.0,104.0,66.0,72.0,98.0,30.0,117.16666666666667,127.0,126.0,113.0,105.0,129.0,103.0,127.33333333333333,137.0,134.0,123.0,112.0,139.0,119.0,56.866666666666674,17.6,58.0,64.0,98.0,71.0,32.6,68.675,30.6,67.0,72.0,108.0,86.0,48.45,60.85,28.200000000000003,60.0,64.0,98.0,72.0,42.900000000000006,72.18333333333334,40.2,69.0,72.0,108.0,87.0,56.900000000000006,70.54166666666667,48.5,77.0,66.0,99.0,76.0,56.75,81.375,61.0,84.75,74.0,109.0,90.0,69.5,84.58333333333333,78.0,104.5,72.0,103.0,87.5,62.5,95.33333333333333,88.0,113.0,81.0,113.0,102.0,75.0,50.0,5.0,57.0,64.0,97.0,70.0,7.0,63.333333333333336,18.0,66.0,72.0,108.0,86.0,30.0,123.83333333333333,127.0,127.0,129.0,129.0,128.0,103.0,134.5,137.0,137.0,137.0,139.0,139.0,118.0,79.35,95.0,111.0,57.0,64.0,97.7,51.4,89.28333333333335,104.0,121.0,66.0,72.0,108.0,64.7,79.83333333333333,95.0,111.0,57.0,64.0,98.0,54.0,89.66666666666667,104.0,121.0,66.0,72.0,108.0,67.0,81.66666666666667,97.0,112.0,58.0,64.0,98.0,61.0,91.16666666666667,105.0,121.0,67.0,72.0,108.0,74.0,82.83333333333333,100.0,112.0,59.0,65.0,99.0,62.0,92.16666666666667,108.0,121.0,67.0,73.0,109.0,75.0,78.66666666666667,95.0,111.0,57.0,64.0,97.0,48.0,88.66666666666667,104.0,120.0,66.0,72.0,108.0,62.0,91.66666666666667,115.0,114.0,64.0,69.0,104.0,84.0,102.33333333333333,125.0,123.0,74.0,78.0,115.0,99.0,C_p25,16.8397,4.849650924105933,E2-E3,5.76019762822378,6.650949838773849,3.4442418807936006,3.8005427650136285,5.819581108927118,3.6223923229036146,0.0,4.522348505819977,9.0,1,1,6,,False,False,False,4.869445417673711,E2-E3,5.819597212384126,6.1165154375057655,3.563018701459669,3.2364086538258663,6.502509130163896,3.978704216629964,False
high/IMG_6847_jpg,IMG_6847_jpg,high/IMG_6847_jpg,high,train,3.0,2819,1879,False,oof,holdout,2.1455,1.08,3.654,1.163,1.578,4.069,1.329,E1,False,False,30.09166666666667,26.0,25.3,31.0,37.0,30.0,31.25,33.75833333333333,30.25,29.3,35.0,40.0,33.0,35.0,32.416666666666664,30.5,28.0,32.0,37.0,31.0,36.0,36.18333333333333,37.0,32.0,35.0,40.0,33.6,39.5,45.625,58.25,43.5,33.0,39.25,44.5,55.25,49.791666666666664,64.25,47.5,37.0,43.0,47.0,60.0,69.91666666666667,71.0,82.0,45.5,49.0,86.0,86.0,73.83333333333333,75.0,87.0,49.0,53.0,89.0,90.0,24.833333333333332,24.0,24.0,31.0,36.0,30.0,4.0,29.833333333333332,28.0,28.0,34.0,39.0,32.0,18.0,101.0,108.0,93.0,95.0,103.0,108.0,99.0,104.83333333333333,113.0,99.0,98.0,106.0,111.0,102.0,31.808333333333334,41.45,25.0,31.0,37.0,30.0,26.400000000000006,37.21666666666667,50.45,29.0,35.0,40.0,33.0,35.85000000000001,37.2,51.9,26.0,32.0,37.0,31.0,45.300000000000004,41.6,58.9,30.0,35.0,40.0,33.5,52.2,48.458333333333336,68.25,37.0,34.0,41.75,37.0,72.75,52.041666666666664,73.25,40.0,37.0,45.0,39.25,77.75,65.75,71.0,74.5,48.0,56.5,58.5,86.0,69.41666666666667,75.0,78.5,52.0,60.0,61.0,90.0,24.833333333333332,24.0,24.0,31.0,36.0,30.0,4.0,31.0,35.0,28.0,34.0,39.0,32.0,18.0,105.16666666666667,108.0,107.0,102.0,107.0,108.0,99.0,109.0,113.0,112.0,105.0,111.0,111.0,102.0,48.166666666666664,24.0,82.0,31.0,36.0,30.0,86.0,52.13333333333333,28.0,88.0,35.0,39.0,32.8,90.0,48.166666666666664,24.0,82.0,31.0,36.0,30.0,86.0,52.333333333333336,28.0,88.0,35.0,40.0,33.0,90.0,49.0,25.0,83.0,32.0,37.0,31.0,86.0,52.666666666666664,29.0,88.0,35.0,40.0,33.0,91.0,50.833333333333336,28.0,85.0,32.0,38.0,33.0,89.0,54.666666666666664,32.0,90.0,36.0,42.0,35.0,93.0,48.166666666666664,24.0,82.0,31.0,36.0,30.0,86.0,51.666666666666664,28.0,87.0,34.0,39.0,32.0,90.0,69.5,102.0,92.0,36.0,44.0,44.0,99.0,73.5,106.0,98.0,40.0,48.0,47.0,102.0,C_p25,16.8397,2.909790554463559,E1,1.4845870175834486,4.928828898377049,1.9002713825068143,2.1971887860235038,1.8408879018034763,5.106979340487063,0.0,2.6781890826786774,4.0,1,1,6,frame_uncertain,False,False,False,2.4941061895401937,E1,1.5439747706325233,3.3254841213623583,2.375345800973113,2.375345800973113,2.0784275758514736,3.26610047633803,True
high/IMG_2718-_jpg,IMG_2718-_jpg,high/IMG_2718-_jpg,high,train,1.0,2697,1798,True,oof,holdout,1.6761666666666664,0.561,2.152,1.778,1.216,3.134,1.216,E1,False,False,23.958333333333332,15.0,38.0,33.0,17.0,19.0,21.75,30.458333333333332,20.0,46.0,39.0,24.0,26.0,27.75,26.71666666666667,17.0,39.0,33.3,18.0,21.0,32.0,32.88333333333333,21.0,47.0,39.0,25.0,28.0,37.3,32.0,22.0,42.0,35.0,24.0,33.0,36.0,37.791666666666664,26.75,49.0,40.0,30.0,39.0,42.0,50.166666666666664,33.5,56.5,40.0,57.5,66.5,47.0,55.833333333333336,38.5,63.0,45.0,63.5,72.5,52.5,18.5,4.0,37.0,33.0,16.0,17.0,4.0,27.166666666666668,17.0,45.0,38.0,24.0,24.0,15.0,98.66666666666667,84.0,99.0,99.0,99.0,111.0,100.0,104.66666666666667,89.0,105.0,105.0,105.0,118.0,106.0,24.7,13.2,16.0,38.0,33.0,17.0,31.0,31.266666666666666,22.6,20.0,46.0,39.0,24.0,36.0,26.816666666666666,19.4,17.0,39.0,34.0,17.5,34.0,32.916666666666664,26.2,21.0,47.0,39.0,25.0,39.3,31.583333333333332,28.0,21.5,41.0,36.0,21.0,42.0,37.25,33.0,25.5,49.0,41.0,28.0,47.0,44.666666666666664,34.0,37.0,52.5,45.0,33.5,66.0,50.416666666666664,39.0,42.0,59.5,50.5,39.5,72.0,17.833333333333332,4.0,13.0,37.0,33.0,16.0,4.0,26.166666666666668,18.0,17.0,45.0,38.0,24.0,15.0,95.33333333333333,55.0,98.0,99.0,99.0,110.0,111.0,101.16666666666667,59.0,103.0,105.0,105.0,117.0,118.0,32.85,14.7,38.0,33.0,17.0,62.7,31.7,38.73333333333333,18.7,46.0,38.0,24.0,69.0,36.7,33.166666666666664,16.0,38.0,33.0,17.0,63.0,32.0,39.166666666666664,20.0,46.0,38.0,24.0,69.0,38.0,34.166666666666664,17.0,39.0,33.0,17.0,65.0,34.0,40.333333333333336,21.0,47.0,39.0,24.0,71.0,40.0,36.666666666666664,22.0,41.0,34.0,19.0,67.0,37.0,42.5,26.0,48.0,39.0,26.0,73.0,43.0,32.0,13.0,37.0,33.0,16.0,62.0,31.0,38.0,17.0,45.0,38.0,24.0,68.0,36.0,49.333333333333336,55.0,48.0,37.0,23.0,85.0,48.0,55.166666666666664,60.0,56.0,41.0,30.0,91.0,53.0,C_p25,16.8397,2.0289355906973796,E1,1.0095191719567451,2.3159557474301797,1.959654863210152,1.0095191719567451,3.8599262457169665,2.0190383439134902,0.0,1.8784011100431273,6.0,1,1,6,,False,False,False,2.4446199556207446,E1,0.9501383203892452,4.156855151702947,2.8504149611677354,2.1378112208758018,2.3159621559487853,2.256578510924457,True
high/IMG_6474-_jpg,IMG_6474-_jpg,high/IMG_6474-_jpg,high,train,3.0,2699,1799,True,oof,holdout,2.9173333333333336,2.373,4.747,3.659,2.769,2.67,1.286,E1,False,False,40.699999999999996,17.3,56.3,61.0,44.0,45.0,20.6,46.53333333333333,25.3,61.3,67.0,49.0,50.3,26.3,44.800000000000004,26.6,60.6,61.0,44.0,47.0,29.6,50.98333333333333,33.6,66.6,67.7,50.0,53.0,35.0,55.75,48.0,83.0,64.0,50.5,55.0,34.0,61.583333333333336,54.0,89.0,70.0,55.5,61.0,40.0,68.0,56.0,89.0,69.0,80.0,64.0,50.0,74.08333333333333,63.0,95.0,75.5,86.0,70.0,55.0,34.833333333333336,2.0,52.0,60.0,43.0,44.0,8.0,42.333333333333336,14.0,57.0,66.0,49.0,49.0,19.0,118.66666666666667,92.0,124.0,139.0,121.0,136.0,100.0,124.83333333333333,98.0,131.0,146.0,127.0,142.0,105.0,39.875,10.9,49.0,61.0,44.0,55.0,19.35,46.35,20.9,54.85,67.0,49.0,61.0,25.35,42.88333333333333,17.9,51.0,61.0,44.0,56.0,27.400000000000002,49.26666666666667,25.9,56.7,68.0,49.6,62.0,33.400000000000006,50.041666666666664,33.5,65.25,64.0,46.0,58.5,33.0,56.208333333333336,40.5,71.25,71.0,51.0,64.5,39.0,65.41666666666667,56.5,87.0,73.0,59.0,72.0,45.0,71.25,63.5,93.0,79.0,64.0,78.0,50.0,35.666666666666664,2.0,47.0,60.0,43.0,54.0,8.0,43.5,14.0,53.0,66.0,49.0,60.0,19.0,123.33333333333333,92.0,138.0,139.0,136.0,135.0,100.0,129.5,98.0,145.0,146.0,142.0,141.0,105.0,52.949999999999996,47.7,83.0,60.0,43.0,54.0,30.0,59.06666666666666,54.0,89.0,66.7,49.0,60.0,35.7,53.833333333333336,48.0,84.0,61.0,44.0,55.0,31.0,59.5,54.0,90.0,67.0,49.0,61.0,36.0,54.666666666666664,49.0,85.0,61.0,44.0,56.0,33.0,60.333333333333336,55.0,90.5,67.0,49.0,62.0,38.5,57.333333333333336,52.0,87.0,63.0,45.0,59.0,38.0,63.0,57.0,93.0,69.0,50.0,65.0,44.0,52.666666666666664,47.0,83.0,60.0,43.0,54.0,29.0,58.666666666666664,53.0,89.0,66.0,49.0,60.0,35.0,72.66666666666667,73.0,98.0,66.0,50.0,91.0,58.0,78.5,79.0,104.0,72.0,55.0,97.0,64.0,C_p25,16.8397,3.2462969451158075,E1-E2,2.909790554463559,5.047595859783725,3.6223923229036146,2.6128731509468697,3.3254749193869246,1.959654863210152,0.0,3.2725269339032605,6.0,1,1,6,,False,False,False,2.6425648912985387,E1,2.0784275758514736,4.275622441751604,3.028565896240719,1.9002766407784903,2.73164767111908,1.8408929957541624,True
high/IMG_6857-_jpg,IMG_6857-_jpg,high/IMG_6857-_jpg,high,train,2.0,2699,1799,True,oof,holdout,1.3786666666666667,2.275,1.909,0.364,0.361,1.727,1.636,E1,False,False,23.291666666666668,29.5,37.25,8.0,0.0,36.0,29.0,28.208333333333332,38.5,42.25,14.0,0.0,41.25,33.25,25.833333333333332,40.5,39.0,9.0,0.0,37.0,29.5,30.75,47.5,44.5,15.0,0.0,43.0,34.5,31.791666666666668,52.0,44.25,12.25,1.0,43.0,38.25,37.458333333333336,57.25,50.0,17.0,8.5,49.0,43.0,49.166666666666664,77.0,57.0,24.0,20.0,60.0,57.0,53.75,81.5,62.5,28.0,24.0,65.5,61.0,14.833333333333334,2.0,36.0,7.0,0.0,32.0,12.0,21.0,16.0,42.0,13.0,0.0,37.0,18.0,95.5,104.0,99.0,94.0,96.0,97.0,83.0,99.66666666666667,108.0,104.0,97.0,99.0,102.0,88.0,22.900000000000002,25.4,38.0,8.0,0.0,37.0,29.0,28.183333333333334,35.1,43.0,14.0,0.0,43.0,34.0,25.900000000000002,38.4,40.0,9.0,0.0,38.0,30.0,30.7,45.4,45.0,15.0,0.0,43.0,35.8,33.583333333333336,60.5,45.0,13.0,1.0,43.0,39.0,38.916666666666664,65.5,50.0,17.0,9.0,48.0,44.0,49.25,79.0,55.0,25.5,22.0,57.0,57.0,53.5,83.0,60.0,29.5,26.0,61.5,61.0,15.5,2.0,36.0,7.0,0.0,36.0,12.0,21.666666666666668,16.0,42.0,13.0,0.0,41.0,18.0,97.66666666666667,101.0,104.0,96.0,97.0,96.0,92.0,102.16666666666667,105.0,108.0,99.0,102.0,101.0,98.0,25.566666666666666,44.0,36.7,7.0,0.0,36.7,29.0,30.166666666666668,49.0,42.0,14.0,0.0,42.0,34.0,25.833333333333332,44.0,37.0,8.0,0.0,37.0,29.0,30.333333333333332,49.0,42.0,14.0,0.0,43.0,34.0,26.666666666666668,45.0,38.0,8.0,0.0,39.0,30.0,31.333333333333332,50.0,44.0,14.0,0.0,44.0,36.0,29.5,47.0,42.0,10.0,1.0,43.0,34.0,35.0,52.0,48.0,15.0,7.0,49.0,39.0,25.333333333333332,44.0,36.0,7.0,0.0,36.0,29.0,29.833333333333332,49.0,42.0,13.0,0.0,41.0,34.0,51.5,92.0,62.0,16.0,20.0,63.0,56.0,56.0,97.0,67.0,20.0,24.0,68.0,60.0,C_p25,16.8397,1.5835594854223451,E1,2.6722566316502077,2.2565722667268417,0.47506784562670357,0.0,2.3159557474301797,1.7815044211001383,0.0,1.8661719361496174,5.0,3,1,6,gingiva_multi_component,False,False,False,2.2714181369026765,E1,3.384867766386686,2.8504149611677354,0.8907546753649174,1.009521965413573,2.820723138655572,2.672264026094752,False
high/IMG_6724_jpg,IMG_6724_jpg,high/IMG_6724_jpg,high,train,1.0,2700,1800,True,oof,dev,1.598,0.599,2.197,0.599,0.899,3.296,1.998,E1,False,False,22.900000000000002,0.0,36.0,9.0,20.0,54.0,18.4,29.133333333333336,0.0,42.0,18.0,29.0,62.4,23.4,25.066666666666666,0.0,37.8,9.0,20.8,56.0,26.8,31.26666666666667,0.0,44.0,19.0,29.0,63.8,31.8,30.541666666666668,4.0,44.0,13.25,23.0,63.0,36.0,38.208333333333336,15.0,50.0,21.25,32.0,70.0,41.0,46.25,20.0,62.0,28.5,40.0,79.0,48.0,53.0,26.0,68.0,35.0,48.0,87.0,54.0,19.666666666666668,0.0,34.0,8.0,19.0,53.0,4.0,26.0,0.0,41.0,18.0,28.0,60.0,9.0,109.5,93.0,118.0,132.0,124.0,124.0,66.0,115.83333333333333,99.0,124.0,138.0,130.0,133.0,71.0,22.983333333333334,0.0,35.8,9.0,20.0,54.0,19.1,29.308333333333334,0.0,42.0,18.75,29.0,62.0,24.1,25.316666666666666,0.0,37.0,9.5,21.0,56.0,28.4,31.233333333333334,0.0,43.0,19.0,29.0,63.0,33.4,30.583333333333332,4.0,41.0,15.0,26.0,60.0,37.5,38.041666666666664,14.0,47.0,22.75,35.0,67.0,42.5,46.666666666666664,19.0,55.0,37.0,46.0,73.0,50.0,53.333333333333336,26.0,61.0,43.0,55.0,80.0,55.0,19.666666666666668,0.0,34.0,8.0,19.0,53.0,4.0,26.0,0.0,41.0,18.0,28.0,60.0,9.0,117.33333333333333,93.0,116.0,132.0,132.0,124.0,107.0,124.0,99.0,122.0,138.0,138.0,133.0,114.0,24.566666666666666,0.0,34.7,9.0,19.7,54.0,30.0,30.73333333333333,0.0,41.0,18.0,28.0,61.7,35.7,24.900000000000002,0.0,35.4,9.0,20.0,54.0,31.0,31.066666666666666,0.0,42.0,18.0,28.4,62.0,36.0,26.666666666666668,3.5,37.0,9.0,20.0,56.0,34.5,34.75,13.0,44.0,19.0,29.0,63.0,40.5,33.0,18.0,41.0,11.0,22.0,60.0,46.0,40.333333333333336,25.0,47.0,20.0,31.0,67.0,52.0,24.0,0.0,34.0,8.0,19.0,53.0,30.0,30.333333333333332,0.0,41.0,18.0,28.0,60.0,35.0,53.0,34.0,58.0,20.0,29.0,84.0,93.0,60.666666666666664,42.0,65.0,27.0,38.0,93.0,99.0,C_p25,16.8397,1.5835594854223451,E1,0.2078421824616828,2.1971887860235038,0.5344513263300414,1.1876696140667589,3.3254749193869246,2.0487300842651592,0.0,1.7927968927885578,7.0,3,1,6,gingiva_multi_component,False,False,False,1.7963502912759728,E1,1.0689056104379009,1.7815093507298347,1.306440190535212,1.6627420606811791,3.5333268789475056,1.4252074805838677,False
high/IMG_7382_jpg,IMG_7382_jpg,high/IMG_7382_jpg,high,valid,4.0,2699,1799,True,oof,holdout,1.484,1.414,2.682,0.566,0.0,2.404,1.838,E1,True,False,20.066666666666666,23.0,38.0,6.0,2.0,23.0,28.4,26.900000000000002,29.0,45.0,15.0,8.0,30.0,34.4,21.333333333333332,24.0,39.0,7.0,2.0,24.0,32.0,27.816666666666666,29.4,46.0,15.0,8.0,30.5,38.0,24.333333333333332,28.0,42.0,10.0,3.0,28.0,35.0,30.416666666666668,33.0,48.25,17.0,9.0,34.25,41.0,36.5,41.0,54.0,20.0,12.0,44.0,48.0,41.666666666666664,45.0,60.5,25.0,16.0,49.5,54.0,11.666666666666666,1.0,35.0,5.0,0.0,22.0,7.0,19.0,16.0,40.0,14.0,0.0,29.0,15.0,76.66666666666667,81.0,90.0,72.0,69.0,81.0,67.0,82.66666666666667,87.0,96.0,78.0,75.0,87.0,73.0,20.366666666666667,23.0,38.0,6.0,2.0,23.0,30.200000000000003,27.03333333333333,29.0,45.0,15.0,8.0,29.0,36.2,21.166666666666668,24.0,39.0,7.0,2.0,23.0,32.0,27.8,29.8,46.0,15.0,8.0,30.0,38.0,24.291666666666668,28.0,41.0,11.75,3.0,26.0,36.0,30.166666666666668,33.0,48.0,17.0,9.0,32.0,42.0,36.166666666666664,41.0,50.0,23.5,16.0,34.5,52.0,41.916666666666664,46.0,57.0,28.5,21.0,41.0,58.0,12.166666666666666,1.0,38.0,5.0,0.0,22.0,7.0,19.833333333333332,16.0,45.0,14.0,0.0,29.0,15.0,83.16666666666667,85.0,90.0,90.0,74.0,81.0,79.0,89.16666666666667,91.0,96.0,96.0,80.0,87.0,85.0,20.566666666666666,23.0,38.0,6.0,1.7000000000000002,22.7,32.0,27.333333333333332,29.0,45.0,15.0,8.0,29.0,38.0,20.666666666666668,23.0,38.0,6.0,2.0,23.0,32.0,27.333333333333332,29.0,45.0,15.0,8.0,29.0,38.0,21.583333333333332,25.0,39.0,7.0,2.0,23.5,33.0,28.0,30.0,46.0,15.0,8.0,30.0,39.0,23.666666666666668,28.0,41.0,8.0,3.0,26.0,36.0,29.833333333333332,33.0,48.0,16.0,9.0,32.0,41.0,19.666666666666668,22.0,38.0,5.0,0.0,22.0,31.0,25.5,28.0,45.0,14.0,0.0,29.0,37.0,36.5,43.0,50.0,17.0,8.0,41.0,60.0,42.166666666666664,49.0,57.0,21.0,13.0,47.0,66.0,C_p25,16.8397,1.2816934585137105,E1,1.4845870175834486,2.3159557474301797,0.4156843649233656,0.11876696140667589,1.3955117965284416,1.959654863210152,0.0,1.4283675107619613,6.0,2,1,6,gingiva_multi_component,False,False,False,1.2965393286895448,E1,1.2470565455108842,2.3159621559487853,0.1781509350729834,0.1781509350729834,1.9596602858028185,1.9002766407784903,False
high/IMG_6586-_jpg,IMG_6586-_jpg,high/IMG_6586-_jpg,high,train,1.0,2700,1800,True,oof,dev,0.7771666666666667,0.0,0.0,1.166,1.415,1.499,0.583,E1,True,False,17.033333333333335,0.0,0.40000000000000036,23.4,31.0,36.0,11.4,21.566666666666666,0.0,5.600000000000005,29.0,37.4,42.0,15.4,17.966666666666665,0.0,1.8000000000000007,24.0,31.0,37.0,14.0,23.8,0.0,14.8,29.0,38.0,43.0,18.0,20.5,0.0,10.0,24.0,32.0,41.0,16.0,25.5,0.0,18.0,29.0,39.0,47.0,20.0,30.0,4.0,33.0,28.0,34.0,53.0,28.0,35.666666666666664,14.0,37.0,33.0,41.0,58.0,31.0,15.166666666666666,0.0,0.0,23.0,31.0,35.0,2.0,20.0,0.0,0.0,29.0,37.0,40.0,14.0,81.66666666666667,51.0,74.0,93.0,99.0,100.0,73.0,86.83333333333333,56.0,80.0,98.0,104.0,105.0,78.0,16.916666666666668,0.0,0.0,24.0,31.0,36.0,10.5,20.5,0.0,0.0,29.0,38.0,41.0,15.0,17.833333333333332,0.0,1.0,24.0,31.0,37.0,14.0,23.5,0.0,14.0,29.0,38.0,42.0,18.0,19.416666666666668,0.0,5.0,25.0,32.0,39.0,15.5,24.666666666666668,0.0,15.0,30.0,39.0,45.0,19.0,27.333333333333332,0.0,20.0,33.0,39.0,49.0,23.0,31.75,0.0,26.0,38.0,46.0,54.5,26.0,15.166666666666666,0.0,0.0,23.0,31.0,35.0,2.0,20.0,0.0,0.0,29.0,37.0,40.0,14.0,82.33333333333333,49.0,74.0,98.0,100.0,100.0,73.0,87.33333333333333,53.0,80.0,103.0,105.0,105.0,78.0,17.166666666666668,0.0,0.0,23.0,31.0,35.0,14.0,20.833333333333332,0.0,0.0,29.0,37.0,41.0,18.0,17.333333333333332,0.0,0.0,23.0,31.0,36.0,14.0,20.833333333333332,0.0,0.0,29.0,37.0,41.0,18.0,18.0,0.0,1.0,24.0,31.0,37.0,15.0,23.833333333333332,0.0,14.0,29.0,38.0,43.0,19.0,20.333333333333332,4.0,5.0,24.0,32.0,39.0,18.0,26.833333333333332,12.0,15.0,29.0,38.0,45.0,22.0,17.166666666666668,0.0,0.0,23.0,31.0,35.0,14.0,20.666666666666668,0.0,0.0,29.0,37.0,40.0,18.0,41.833333333333336,24.0,51.0,32.0,34.0,64.0,46.0,46.833333333333336,29.0,56.0,38.0,40.0,69.0,49.0,C_p25,16.8397,1.0689026526600829,E1,0.0,0.059383480703337946,1.4252035368801106,1.8408879018034763,2.1971887860235038,0.8907522105500691,0.0,1.2033507111213784,5.0,4,1,6,"gingiva_multi_component,region_zero",False,False,False,0.8412659766306209,E1,0.326610047633803,0.3859936926581308,0.5938364502432782,1.9596602858028185,0.7126037402919339,1.0689056104379009,False
high/IMG_3853-_jpg,IMG_3853-_jpg,high/IMG_3853-_jpg,high,valid,0.0,2698,1799,True,oof,dev,0.6473333333333334,0.0,0.841,1.201,0.921,0.921,0.0,E1,True,False,17.0,0.0,32.0,29.0,11.0,20.0,10.0,20.666666666666668,0.0,34.0,32.0,17.0,24.0,17.0,18.083333333333332,0.0,32.0,29.0,12.0,23.5,12.0,21.75,0.0,35.0,32.0,17.0,27.5,19.0,24.208333333333332,4.0,39.25,30.0,16.0,38.0,18.0,28.375,11.5,41.25,33.0,20.0,41.0,23.5,37.166666666666664,13.0,64.5,35.0,31.0,52.5,27.0,40.583333333333336,19.0,66.5,37.0,34.0,55.0,32.0,14.5,0.0,31.0,28.0,10.0,17.0,1.0,19.0,0.0,33.0,31.0,16.0,21.0,13.0,77.66666666666667,63.0,94.0,75.0,70.0,89.0,75.0,80.66666666666667,65.0,96.0,78.0,73.0,92.0,80.0,17.0,0.0,32.0,29.0,11.0,20.0,10.0,20.666666666666668,0.0,34.0,32.0,17.0,24.0,17.0,18.083333333333332,0.0,32.0,29.0,12.0,23.5,12.0,21.75,0.0,35.0,32.0,17.0,27.5,19.0,24.208333333333332,4.0,39.25,30.0,16.0,38.0,18.0,28.375,11.5,41.25,33.0,20.0,41.0,23.5,37.166666666666664,13.0,64.5,35.0,31.0,52.5,27.0,40.583333333333336,19.0,66.5,37.0,34.0,55.0,32.0,14.5,0.0,31.0,28.0,10.0,17.0,1.0,19.0,0.0,33.0,31.0,16.0,21.0,13.0,77.66666666666667,63.0,94.0,75.0,70.0,89.0,75.0,80.66666666666667,65.0,96.0,78.0,73.0,92.0,80.0,17.0,0.0,32.0,29.0,11.0,20.0,10.0,20.666666666666668,0.0,34.0,32.0,17.0,24.0,17.0,18.083333333333332,0.0,32.0,29.0,12.0,23.5,12.0,21.75,0.0,35.0,32.0,17.0,27.5,19.0,24.208333333333332,4.0,39.25,30.0,16.0,38.0,18.0,28.375,11.5,41.25,33.0,20.0,41.0,23.5,37.166666666666664,13.0,64.5,35.0,31.0,52.5,27.0,40.583333333333336,19.0,66.5,37.0,34.0,55.0,32.0,14.5,0.0,31.0,28.0,10.0,17.0,1.0,19.0,0.0,33.0,31.0,16.0,21.0,13.0,77.66666666666667,63.0,94.0,75.0,70.0,89.0,75.0,80.66666666666667,65.0,96.0,78.0,73.0,92.0,80.0,C_p25,16.8397,1.4375750953599726,E1,0.23753392281335178,2.3308016176060145,1.7815044211001383,0.9501356912534071,2.2565722667268417,1.0689026526600829,0.0,1.4210300064258552,3.0,2,1,0,"gingiva_multi_component,festoon_detection_failed,zenith_detection_failed",True,False,False,1.0243650421325796,E1,0.4750691601946226,2.019043930827146,1.306440190535212,0.4156855151702948,1.2173647229987203,0.7126037402919339,True
high/IMG_7311_jpg,IMG_7311_jpg,high/IMG_7311_jpg,high,train,2.0,2699,1800,True,oof,dev,1.4686666666666666,1.539,2.444,0.574,0.0,2.535,1.72,E1,True,False,27.875,23.700000000000003,49.0,12.850000000000001,0.0,54.0,27.700000000000003,33.35,31.85,53.0,16.0,0.0,59.7,39.550000000000004,31.95,33.7,50.0,13.0,0.0,56.0,39.0,36.28333333333333,41.7,54.0,16.0,0.0,61.0,45.0,35.0,39.0,54.0,14.0,0.0,59.0,44.0,38.958333333333336,44.25,57.25,17.25,0.0,64.0,51.0,47.333333333333336,52.0,69.0,22.5,9.5,71.0,60.0,52.25,57.0,72.5,26.0,13.5,77.0,67.5,17.666666666666668,1.0,48.0,12.0,0.0,42.0,3.0,24.833333333333332,11.0,52.0,16.0,0.0,46.0,24.0,92.16666666666667,87.0,100.0,75.0,80.0,116.0,95.0,96.83333333333333,92.0,104.0,78.0,83.0,122.0,102.0,21.150000000000002,17.8,38.0,13.0,0.0,39.0,19.1,27.075000000000003,26.8,43.0,16.0,0.0,45.0,31.65,25.083333333333332,26.200000000000003,39.0,14.0,0.0,41.0,30.299999999999997,30.566666666666663,34.2,43.0,17.0,0.0,47.0,42.2,34.666666666666664,45.0,41.0,20.0,5.25,45.0,51.75,40.333333333333336,51.0,45.0,24.0,10.25,51.0,60.75,57.583333333333336,57.0,57.0,49.0,49.5,62.0,71.0,62.75,63.0,61.0,53.0,53.5,68.0,78.0,15.333333333333334,1.0,38.0,12.0,0.0,38.0,3.0,22.833333333333332,11.0,42.0,16.0,0.0,44.0,24.0,101.83333333333333,86.0,98.0,100.0,116.0,116.0,95.0,107.33333333333333,91.0,103.0,104.0,122.0,122.0,102.0,32.0,38.0,48.0,12.0,0.0,55.0,39.0,35.833333333333336,42.0,52.0,16.0,0.0,60.0,45.0,32.233333333333334,38.0,49.0,12.0,0.0,55.0,39.4,36.4,43.0,53.0,16.0,0.0,61.0,45.4,33.416666666666664,39.0,49.5,13.0,0.0,57.0,42.0,37.083333333333336,43.0,53.5,16.0,0.0,62.0,48.0,35.333333333333336,42.0,51.0,14.0,0.0,59.0,46.0,39.166666666666664,47.0,55.0,17.0,0.0,64.0,52.0,31.666666666666668,38.0,48.0,12.0,0.0,54.0,38.0,35.666666666666664,42.0,52.0,16.0,0.0,60.0,44.0,56.5,87.0,61.0,18.0,0.0,82.0,91.0,60.333333333333336,92.0,64.0,22.0,0.0,87.0,97.0,C_p25,16.8397,1.9843979801698761,E1,2.3159557474301797,2.939482294815228,0.7719852491433933,0.0,3.3848584000902626,2.4941061895401937,0.0,2.0545012141096706,5.0,2,1,6,"gingiva_multi_component,region_zero",False,False,False,1.360871432784828,E1,2.0784275758514736,2.286270333436621,0.1187672900486556,0.1187672900486556,0.2969182251216391,3.26610047633803,False
high/IMG_7347_jpg,IMG_7347_jpg,high/IMG_7347_jpg,high,train,1.0,2698,1799,True,oof,holdout,2.09,0.72,2.88,3.36,2.46,3.12,0.0,E1,True,False,37.18333333333333,15.5,28.0,55.0,56.0,42.0,26.6,45.73333333333333,26.0,35.0,62.0,66.0,50.0,35.400000000000006,41.449999999999996,20.0,32.2,55.0,56.5,42.0,43.0,49.85,27.0,38.6,65.0,67.5,50.0,51.0,45.958333333333336,23.0,45.0,56.0,62.75,43.0,46.0,54.125,30.75,51.0,65.0,73.0,51.0,54.0,55.916666666666664,44.0,49.0,64.0,77.5,45.0,56.0,63.916666666666664,50.5,56.0,72.0,88.0,53.0,64.0,30.166666666666668,1.0,24.0,53.0,55.0,42.0,6.0,40.5,17.0,31.0,59.0,65.0,50.0,21.0,103.83333333333333,50.0,100.0,126.0,123.0,109.0,115.0,111.66666666666667,56.0,107.0,134.0,133.0,117.0,123.0,32.43333333333334,6.300000000000001,21.0,44.0,55.0,42.0,26.3,41.541666666666664,21.3,27.0,51.0,65.0,50.0,34.95,36.36666666666667,11.200000000000001,22.0,45.0,55.0,42.0,43.0,44.93333333333334,24.6,28.0,51.0,65.0,50.0,51.0,40.541666666666664,22.5,27.75,47.0,56.0,44.0,46.0,48.75,33.5,33.75,54.0,66.0,52.0,53.25,51.416666666666664,37.0,46.0,57.0,63.0,50.0,55.5,59.416666666666664,45.0,52.0,64.0,74.0,58.0,63.5,28.0,1.0,20.0,44.0,55.0,42.0,6.0,38.333333333333336,17.0,26.0,51.0,65.0,50.0,21.0,106.16666666666667,49.0,100.0,124.0,126.0,123.0,115.0,114.0,55.0,107.0,132.0,134.0,133.0,123.0,37.18333333333333,15.5,28.0,55.0,56.0,42.0,26.6,45.73333333333333,26.0,35.0,62.0,66.0,50.0,35.400000000000006,41.449999999999996,20.0,32.2,55.0,56.5,42.0,43.0,49.85,27.0,38.6,65.0,67.5,50.0,51.0,45.958333333333336,23.0,45.0,56.0,62.75,43.0,46.0,54.125,30.75,51.0,65.0,73.0,51.0,54.0,55.916666666666664,44.0,49.0,64.0,77.5,45.0,56.0,63.916666666666664,50.5,56.0,72.0,88.0,53.0,64.0,30.166666666666668,1.0,24.0,53.0,55.0,42.0,6.0,40.5,17.0,31.0,59.0,65.0,50.0,21.0,103.83333333333333,50.0,100.0,126.0,123.0,109.0,115.0,111.66666666666667,56.0,107.0,134.0,133.0,117.0,123.0,C_p25,16.8397,2.729165800657573,E1,1.3658200561767726,2.6722566316502077,3.3254749193869246,3.726313414134456,2.5534896702435317,2.731640112353545,0.0,2.6977557609082936,8.0,1,1,0,zenith_detection_failed,True,False,False,1.821093408235697,E1,0.5344528052189504,2.019043930827146,3.2067168313137024,2.375345800973113,2.4347294459974407,0.3563018701459669,False
high/IMG_8645_jpg,IMG_8645_jpg,high/IMG_8645_jpg,high,valid,1.0,2698,1799,True,oof,dev,1.3983333333333334,0.99,1.1,0.9,1.6,1.4,2.4,E1,False,False,25.55,23.1,29.0,21.0,28.0,21.0,31.200000000000003,32.199999999999996,29.0,35.0,29.0,34.0,28.0,38.2,27.866666666666664,25.0,30.0,22.0,28.0,22.0,40.2,34.23333333333333,31.200000000000003,35.0,30.0,34.0,29.0,46.2,34.166666666666664,32.5,36.5,23.0,31.0,29.5,52.5,40.583333333333336,39.0,42.0,32.0,36.0,36.0,58.5,49.333333333333336,54.0,62.0,31.0,37.0,52.0,60.0,55.5,60.0,67.0,39.0,43.0,58.0,66.0,16.833333333333332,1.0,29.0,21.0,27.0,19.0,4.0,27.0,20.0,34.0,29.0,33.0,26.0,20.0,101.83333333333333,99.0,114.0,86.0,111.0,106.0,95.0,108.66666666666667,105.0,121.0,94.0,119.0,112.0,101.0,24.95,23.0,29.0,21.0,28.0,21.0,27.700000000000003,31.708333333333332,29.0,34.15,29.4,34.0,28.0,35.7,27.616666666666664,25.0,29.0,22.0,29.0,22.0,38.7,33.949999999999996,31.0,35.0,30.0,34.0,29.0,44.7,33.166666666666664,31.0,34.75,25.0,31.0,27.0,50.25,39.375,36.75,40.0,33.0,37.0,33.5,56.0,48.416666666666664,49.5,51.0,38.0,42.0,52.0,58.0,55.0,56.5,56.5,47.0,48.0,58.0,64.0,16.833333333333332,1.0,29.0,21.0,27.0,19.0,4.0,27.0,20.0,34.0,29.0,33.0,26.0,20.0,106.16666666666667,98.0,114.0,114.0,110.0,106.0,95.0,112.83333333333333,104.0,121.0,121.0,118.0,112.0,101.0,25.55,23.1,29.0,21.0,28.0,21.0,31.200000000000003,32.199999999999996,29.0,35.0,29.0,34.0,28.0,38.2,27.866666666666664,25.0,30.0,22.0,28.0,22.0,40.2,34.23333333333333,31.200000000000003,35.0,30.0,34.0,29.0,46.2,34.166666666666664,32.5,36.5,23.0,31.0,29.5,52.5,40.583333333333336,39.0,42.0,32.0,36.0,36.0,58.5,49.333333333333336,54.0,62.0,31.0,37.0,52.0,60.0,55.5,60.0,67.0,39.0,43.0,58.0,66.0,16.833333333333332,1.0,29.0,21.0,27.0,19.0,4.0,27.0,20.0,34.0,29.0,33.0,26.0,20.0,101.83333333333333,99.0,114.0,86.0,111.0,106.0,95.0,108.66666666666667,105.0,121.0,94.0,119.0,112.0,101.0,C_p25,16.8397,2.0289355906973796,E1,1.9299631228584833,2.1674970456718348,1.3658200561767726,1.8408879018034763,1.7518126807484693,3.117632736925242,0.0,2.0055845185356307,6.0,1,1,0,zenith_detection_failed,True,False,False,2.1971887860235038,E1,1.1282892554622286,1.4252074805838677,1.9002766407784903,1.7815093507298347,3.859936926581309,3.0879495412650466,False
high/IMG_2648_jpg,IMG_2648_jpg,high/IMG_2648_jpg,high,train,0.0,2699,1799,True,oof,dev,3.241166666666667,2.635,4.195,2.736,2.128,3.75,4.003,E1-E2,False,False,71.36666666666667,56.95,90.0,70.0,88.0,99.65,23.6,82.09166666666667,76.95,100.0,77.0,97.0,106.65,34.95,78.48333333333333,74.6,95.0,70.0,88.0,101.0,42.3,88.31666666666666,91.6,104.0,78.0,97.0,108.0,51.3,88.75,85.0,116.25,74.25,89.0,103.0,65.0,96.70833333333333,95.0,124.25,82.0,98.0,110.0,71.0,98.33333333333333,103.5,123.0,87.0,93.0,109.0,74.5,106.16666666666667,115.0,130.0,93.0,102.0,115.5,81.5,58.0,8.0,87.0,69.0,87.0,96.0,1.0,74.16666666666667,55.0,97.0,76.0,96.0,104.0,17.0,133.0,134.0,147.0,143.0,136.0,130.0,108.0,141.0,144.0,154.0,151.0,145.0,137.0,115.0,60.30833333333334,42.75,84.0,70.0,88.0,65.0,12.100000000000001,72.35,68.7,94.0,77.0,97.0,72.0,25.4,65.71666666666667,60.1,86.0,70.6,88.0,67.0,22.6,76.26666666666667,79.4,95.0,78.0,97.0,74.0,34.2,79.875,87.75,94.0,77.5,89.0,84.0,47.0,88.875,101.75,103.0,84.0,98.0,91.0,55.5,98.33333333333333,110.0,119.0,93.0,95.0,102.0,71.0,106.5,123.0,126.0,100.0,103.0,109.0,78.0,51.833333333333336,8.0,83.0,69.0,87.0,63.0,1.0,67.83333333333333,55.0,93.0,76.0,96.0,70.0,17.0,133.66666666666666,134.0,147.0,147.0,136.0,130.0,108.0,141.5,144.0,154.0,154.0,145.0,137.0,115.0,87.11666666666667,83.0,118.0,69.0,87.7,101.0,64.0,95.11666666666667,93.0,125.0,76.7,97.0,108.0,71.0,87.5,83.0,119.0,69.0,88.0,101.0,65.0,95.23333333333333,93.0,125.4,77.0,97.0,108.0,71.0,88.33333333333333,84.5,119.5,70.0,88.0,102.0,66.0,96.16666666666667,94.0,126.0,78.0,97.0,109.0,73.0,90.33333333333333,86.0,122.0,72.0,88.0,104.0,70.0,98.16666666666667,96.0,129.0,79.0,98.0,110.0,77.0,86.83333333333333,83.0,118.0,69.0,87.0,101.0,63.0,94.66666666666667,93.0,125.0,76.0,96.0,108.0,70.0,103.83333333333333,100.0,133.0,82.0,93.0,112.0,103.0,111.66666666666667,109.0,141.0,89.0,102.0,119.0,110.0,C_p25,16.8397,5.245540795461518,E2-E3,5.017904119432056,7.096325944048885,4.1568436492336565,5.225746301893739,6.05711503174047,3.919309726420304,0.0,5.209628078635236,7.0,1,1,6,,False,False,False,5.532560952194319,E2-E3,4.691307956921898,7.660490208138289,4.750691601946226,4.928842537019209,6.799427355285536,4.364697909288095,False
high/IMG_7337_jpg,IMG_7337_jpg,high/IMG_7337_jpg,high,train,3.0,2696,1798,True,oof,dev,1.335,0.26,1.768,0.624,2.08,1.978,1.3,E1,False,False,23.900000000000002,22.8,18.0,15.0,17.0,38.0,32.6,26.96666666666667,29.6,20.8,15.8,17.0,40.0,38.6,26.866666666666664,28.6,19.0,16.0,19.6,39.0,39.0,28.766666666666666,34.0,21.0,16.0,19.6,41.0,41.0,32.0,35.0,21.0,22.0,30.0,41.0,43.0,34.333333333333336,40.0,23.0,23.0,32.0,42.0,46.0,45.333333333333336,39.0,38.0,44.0,47.0,55.0,49.0,47.666666666666664,44.0,40.0,46.0,48.0,56.0,52.0,16.666666666666668,2.0,18.0,15.0,15.0,38.0,12.0,21.333333333333332,17.0,20.0,15.0,16.0,40.0,20.0,69.66666666666667,49.0,53.0,68.0,81.0,74.0,93.0,72.0,55.0,56.0,70.0,82.0,75.0,94.0,25.900000000000002,9.6,19.0,15.0,38.0,47.0,26.8,30.375,22.45,21.0,16.0,40.0,49.0,33.8,29.78333333333333,16.9,20.0,16.0,39.0,48.0,38.8,32.983333333333334,27.9,22.0,16.0,41.0,50.0,41.0,35.333333333333336,26.5,35.0,19.0,40.5,50.0,41.0,38.583333333333336,35.5,39.0,20.0,42.0,52.0,43.0,44.916666666666664,39.0,40.0,31.0,50.0,60.5,49.0,47.916666666666664,47.0,43.0,33.0,51.0,61.5,52.0,22.0,2.0,18.0,15.0,38.0,47.0,12.0,26.833333333333332,17.0,20.0,15.0,40.0,49.0,20.0,77.33333333333333,48.0,68.0,81.0,81.0,93.0,93.0,79.5,55.0,70.0,82.0,82.0,94.0,94.0,32.5,18.0,38.0,15.0,38.0,47.0,39.0,34.166666666666664,20.0,40.0,15.0,40.0,49.0,41.0,32.5,18.0,38.0,15.0,38.0,47.0,39.0,34.166666666666664,20.0,40.0,15.0,40.0,49.0,41.0,33.5,19.0,39.0,15.0,39.0,48.0,41.0,35.166666666666664,21.0,41.0,16.0,40.0,50.0,43.0,34.833333333333336,20.0,40.0,16.0,40.0,50.0,43.0,36.666666666666664,22.0,42.0,17.0,41.0,52.0,46.0,32.5,18.0,38.0,15.0,38.0,47.0,39.0,34.166666666666664,20.0,40.0,15.0,40.0,49.0,41.0,48.166666666666664,31.0,47.0,23.0,44.0,92.0,52.0,50.166666666666664,33.0,49.0,24.0,45.0,93.0,57.0,C_p25,16.8397,1.989346603561821,E1,1.1282861333634209,2.3159557474301797,0.8907522105500691,2.3159557474301797,2.850407073760221,2.4347227088368557,0.0,1.8784011100431273,2.0,1,1,6,,False,False,False,1.5687136152465107,E1,0.7422955628040978,2.4941130910217684,0.4156855151702948,1.8112011732419984,2.019043930827146,1.9299684632906544,False
high/IMG_2855_jpg,IMG_2855_jpg,high/IMG_2855_jpg,high,test,4.0,2699,1799,True,oof,dev,2.5565,3.432,3.729,2.034,1.398,2.67,2.076,E1,False,False,45.35833333333333,38.1,78.0,51.0,28.0,57.0,20.05,51.35833333333334,46.05,84.05,56.0,32.0,63.0,27.05,49.366666666666674,50.1,79.0,51.0,28.0,57.0,31.1,54.86666666666667,56.1,85.1,56.0,32.0,63.0,37.0,57.25,70.25,83.0,52.0,31.0,59.25,48.0,62.875,76.25,90.0,57.0,35.0,66.0,53.0,65.33333333333333,80.5,90.0,57.0,41.5,68.0,55.0,70.83333333333333,86.0,97.0,62.0,45.5,74.5,60.0,35.833333333333336,4.0,78.0,50.0,27.0,55.0,1.0,44.5,21.0,84.0,56.0,31.0,61.0,14.0,105.5,101.0,110.0,112.0,96.0,113.0,101.0,110.66666666666667,106.0,116.0,118.0,100.0,118.0,106.0,46.225,42.5,78.0,51.0,28.0,57.0,20.85,51.89166666666667,48.5,84.0,56.0,32.0,63.0,27.85,50.65,55.5,79.0,51.0,28.0,57.0,33.4,55.9,61.0,85.0,56.0,32.0,63.0,38.4,57.666666666666664,74.25,81.0,52.0,31.75,59.0,48.0,63.0,81.0,87.0,57.0,35.0,65.0,53.0,65.33333333333333,81.0,87.0,58.0,44.0,65.0,57.0,70.66666666666667,87.0,94.0,63.0,48.0,70.0,62.0,36.0,4.0,78.0,50.0,27.0,56.0,1.0,44.666666666666664,21.0,84.0,56.0,31.0,62.0,14.0,109.16666666666667,110.0,112.0,112.0,96.0,113.0,112.0,114.5,116.0,118.0,118.0,100.0,118.0,117.0,56.666666666666664,80.0,78.0,51.0,27.0,57.0,47.0,62.0,85.0,84.0,56.0,31.0,63.0,53.0,56.666666666666664,80.0,78.0,51.0,27.0,57.0,47.0,62.23333333333333,86.0,84.0,56.0,31.4,63.0,53.0,57.333333333333336,81.0,79.0,51.0,28.0,57.0,48.0,62.5,86.0,85.0,56.0,32.0,63.0,53.0,58.666666666666664,81.0,81.0,52.0,29.0,58.0,51.0,63.833333333333336,86.0,87.0,57.0,33.0,64.0,56.0,56.333333333333336,80.0,78.0,50.0,27.0,56.0,47.0,61.833333333333336,85.0,84.0,56.0,31.0,62.0,53.0,67.83333333333333,92.0,90.0,53.0,34.0,64.0,74.0,73.33333333333333,97.0,97.0,59.0,39.0,69.0,79.0,C_p25,16.8397,3.4046528936580422,E1-E2,4.810061936970373,4.6912949755636975,3.028557515870235,1.6627374596934623,3.3848584000902626,2.850407073760221,0.0,3.3605769859365324,6.0,1,1,6,,False,False,False,3.246296945115807,E1-E2,3.1473331862893748,4.572540666873242,2.909798606192063,2.1378112208758018,3.5036350564353413,3.2067168313137024,False
high/IMG_8630_jpg,IMG_8630_jpg,high/IMG_8630_jpg,high,train,1.0,2698,1799,True,oof,dev,5.624833333333334,2.605,9.427,6.336,6.326,9.055,0.0,E2-E3,True,False,68.98333333333333,42.0,110.0,87.0,102.0,67.9,5.0,77.59166666666665,53.35,119.3,96.0,110.0,71.9,15.0,74.18333333333334,42.7,115.6,87.0,102.0,91.80000000000001,6.0,83.01666666666667,54.7,124.6,96.0,110.0,96.80000000000001,16.0,88.08333333333333,46.0,138.5,89.0,103.0,137.0,15.0,97.04166666666667,60.0,147.5,97.75,111.0,144.0,22.0,98.08333333333333,59.0,150.0,94.0,109.0,144.0,32.5,107.25,75.0,159.0,102.0,117.0,151.0,39.5,58.5,2.0,104.0,87.0,102.0,51.0,5.0,72.83333333333333,49.0,113.0,96.0,110.0,55.0,14.0,152.16666666666666,109.0,177.0,177.0,174.0,186.0,90.0,161.0,119.0,186.0,185.0,182.0,193.0,101.0,69.41666666666667,42.0,145.0,87.0,102.0,6.0,34.5,81.83333333333333,54.0,154.0,96.0,110.0,15.0,62.0,71.8,43.0,145.9,87.9,102.0,8.0,44.0,83.5,55.0,155.0,97.0,110.0,17.0,67.0,79.0,49.0,148.0,90.0,104.0,23.5,59.5,89.58333333333333,63.0,157.0,99.0,112.0,28.0,78.5,95.83333333333333,66.5,153.5,98.5,114.5,64.0,78.0,106.0,81.0,163.5,107.5,122.0,71.0,91.0,60.666666666666664,2.0,144.0,87.0,102.0,5.0,24.0,80.0,49.0,154.0,96.0,110.0,14.0,57.0,165.16666666666666,176.0,177.0,177.0,185.0,186.0,90.0,173.83333333333334,186.0,186.0,185.0,192.0,193.0,101.0,86.39999999999999,42.0,144.7,87.0,102.0,137.7,5.0,95.16666666666667,53.0,154.0,96.0,110.0,144.0,14.0,86.5,42.0,145.0,87.0,102.0,138.0,5.0,95.39999999999999,53.0,155.0,96.0,110.0,144.0,14.4,87.33333333333333,43.0,147.0,87.0,102.0,139.0,6.0,96.33333333333333,54.5,156.0,96.0,110.0,146.0,15.5,89.83333333333333,46.0,151.0,88.0,102.0,142.0,10.0,98.5,57.0,160.0,97.0,111.0,148.0,18.0,86.0,41.0,144.0,87.0,102.0,137.0,5.0,95.16666666666667,53.0,154.0,96.0,110.0,144.0,14.0,101.33333333333333,67.0,171.0,92.0,106.0,151.0,21.0,110.33333333333333,79.0,181.0,102.0,114.0,158.0,28.0,C_p25,16.8397,5.18615731475818,E2-E3,2.5534896702435317,8.729371663390678,5.166362821190401,6.05711503174047,8.254303817763974,0.35630088422002765,0.0,5.170494722176004,9.0,1,1,6,,False,False,False,5.10450502879109,E2-E3,2.4347294459974407,7.556568829345715,4.750691601946226,5.46329534223816,5.285144407165176,5.136685294604357,True
high/IMG_2686_jpg,IMG_2686_jpg,high/IMG_2686_jpg,high,valid,3.0,2699,1799,True,oof,holdout,2.968166666666667,1.694,3.339,3.775,3.533,2.855,2.613,E1,False,False,48.708333333333336,13.100000000000001,62.05,72.0,66.0,53.0,26.1,57.19166666666667,20.1,69.0,82.0,76.0,60.0,36.05,52.68333333333334,24.1,63.0,73.0,66.0,54.0,36.0,60.0,29.0,70.0,82.0,76.0,61.0,42.0,59.333333333333336,33.0,68.0,75.0,68.0,59.0,53.0,66.33333333333333,37.0,75.0,84.0,78.0,66.0,58.0,71.33333333333333,44.5,89.0,81.0,74.0,80.5,59.0,78.58333333333333,49.0,96.0,89.0,84.5,88.0,65.0,42.333333333333336,1.0,62.0,71.0,65.0,53.0,2.0,52.666666666666664,14.0,69.0,81.0,76.0,59.0,17.0,117.16666666666667,109.0,128.0,129.0,117.0,118.0,102.0,125.0,115.0,135.0,138.0,127.0,127.0,108.0,43.28333333333333,8.4,33.0,72.0,66.0,53.0,27.3,51.60833333333333,17.0,38.0,82.0,76.0,60.0,36.65,46.76666666666667,14.600000000000001,37.0,73.0,66.0,54.0,36.0,54.31666666666667,21.6,42.0,82.0,77.0,61.0,42.3,57.583333333333336,29.0,62.25,75.0,68.0,58.0,53.25,64.58333333333333,32.0,69.0,84.0,79.0,64.5,59.0,68.25,41.0,74.0,82.5,78.0,73.0,61.0,75.0,44.0,80.0,91.0,89.0,80.0,66.0,37.0,1.0,30.0,71.0,65.0,53.0,2.0,47.0,14.0,35.0,81.0,76.0,59.0,17.0,116.66666666666667,83.0,126.0,129.0,129.0,118.0,115.0,124.0,87.0,133.0,138.0,138.0,127.0,121.0,56.0,30.0,62.0,72.0,66.0,53.0,53.0,63.0,35.0,69.0,81.0,76.0,59.0,58.0,56.23333333333333,31.4,62.0,72.0,66.0,53.0,53.0,63.46666666666666,36.0,69.0,81.4,76.0,60.0,58.4,57.416666666666664,33.5,63.0,73.0,66.0,54.0,55.0,64.58333333333333,38.5,70.0,82.0,76.0,61.0,60.0,60.166666666666664,41.0,65.0,73.0,67.0,56.0,59.0,67.33333333333333,46.0,71.0,83.0,77.0,63.0,64.0,55.5,30.0,62.0,71.0,65.0,53.0,52.0,63.0,35.0,69.0,81.0,76.0,59.0,58.0,78.5,84.0,75.0,78.0,70.0,67.0,97.0,85.0,88.0,81.0,85.0,81.0,73.0,102.0,C_p25,16.8397,3.4096015170499867,E1-E2,1.989346603561821,3.7411592843102905,4.3349940913436695,3.919309726420304,3.206707957980249,3.266091438683587,0.0,3.482868724871632,7.0,1,1,6,,False,False,False,3.2858859322513663,E1-E2,1.6033584156568512,4.216238796727276,4.631924311897571,3.295792298850194,2.9394904287042274,3.028565896240719,False
high/IMG_8564_jpg,IMG_8564_jpg,high/IMG_8564_jpg,high,train,1.0,2701,1800,False,oof,dev,2.7133333333333334,3.383,2.599,0.883,1.422,3.922,4.071,E1,False,False,28.891666666666666,29.75,47.0,2.0,21.0,37.0,36.6,38.775,42.5,54.0,16.0,28.0,47.25,44.900000000000006,34.96666666666667,42.0,48.0,3.6000000000000014,21.0,44.0,51.2,43.88333333333333,52.5,54.6,16.0,28.0,54.0,58.2,47.5,57.0,53.0,9.5,23.0,70.0,72.5,55.75,68.0,59.0,19.0,31.0,79.0,78.5,56.166666666666664,65.0,67.0,22.0,30.5,74.5,78.0,63.916666666666664,74.0,75.0,27.0,39.0,83.5,85.0,19.333333333333332,12.0,46.0,1.0,20.0,31.0,6.0,30.333333333333332,29.0,52.0,15.0,27.0,41.0,18.0,94.0,104.0,101.0,77.0,79.0,104.0,99.0,101.0,113.0,107.0,83.0,85.0,113.0,105.0,33.50833333333333,26.05,64.0,47.0,2.0,21.0,41.0,42.88333333333333,39.05,72.0,53.0,16.0,28.0,49.25,38.21666666666667,36.0,64.0,47.8,4.0,22.0,55.5,46.85,48.0,72.6,54.0,16.0,29.0,61.5,46.75,52.5,66.0,49.0,11.0,26.25,75.75,54.875,63.25,74.0,55.0,20.0,35.0,82.0,58.416666666666664,65.0,72.0,55.0,26.0,52.5,80.0,65.58333333333333,75.0,79.0,61.0,32.0,60.5,86.0,24.666666666666668,12.0,63.0,46.0,1.0,20.0,6.0,35.5,29.0,72.0,52.0,15.0,27.0,18.0,99.33333333333333,104.0,104.0,101.0,79.0,104.0,104.0,107.16666666666667,112.0,113.0,107.0,85.0,113.0,113.0,46.56666666666666,63.7,47.0,2.0,20.7,70.0,76.0,54.61666666666667,72.0,53.0,15.0,27.7,78.0,82.0,46.666666666666664,64.0,47.0,2.0,21.0,70.0,76.0,54.73333333333333,72.0,53.0,15.0,28.0,78.4,82.0,47.333333333333336,65.0,48.0,3.0,21.0,70.0,77.0,55.583333333333336,73.0,54.0,16.0,28.0,79.0,83.5,49.166666666666664,67.0,50.0,6.0,22.0,71.0,79.0,57.333333333333336,75.0,57.0,18.0,29.0,80.0,85.0,45.833333333333336,63.0,46.0,1.0,20.0,69.0,76.0,54.333333333333336,72.0,52.0,15.0,27.0,78.0,82.0,64.0,103.0,61.0,17.0,26.0,84.0,93.0,71.66666666666667,112.0,67.0,23.0,35.0,94.0,99.0,C_p25,16.8397,2.810818086624663,E1,3.8599262457169665,2.850407073760221,0.17815044211001382,1.2470530947700968,4.1568436492336565,4.5725280141570215,0.0,2.788251647720267,7.0,1,1,6,frame_uncertain,False,False,False,2.692051125217987,E1,3.3254841213623583,2.4347294459974407,1.009521965413573,1.4252074805838677,3.8005532815569807,4.156855151702947,False
high/IMG_8594_jpg,IMG_8594_jpg,high/IMG_8594_jpg,high,train,2.0,2688,1792,False,oof,dev,4.511833333333333,3.073,4.152,3.986,3.737,6.476,5.647,E2-E3,False,False,35.358333333333334,21.9,45.45,41.0,38.0,42.45,23.35,43.041666666666664,32.9,53.0,47.0,44.0,48.45,32.9,40.96666666666667,33.9,46.0,42.0,38.0,48.0,37.9,47.46666666666667,41.9,53.0,48.0,44.0,53.0,44.9,49.166666666666664,40.0,51.25,44.0,40.0,72.5,47.25,55.958333333333336,49.0,58.25,50.0,46.0,78.5,54.0,64.41666666666667,51.0,76.5,51.0,61.0,80.0,67.0,71.41666666666667,59.0,83.5,57.0,68.0,87.0,74.0,28.0,2.0,45.0,41.0,37.0,40.0,3.0,37.166666666666664,17.0,52.0,47.0,43.0,46.0,18.0,107.33333333333333,103.0,106.0,97.0,120.0,113.0,105.0,114.5,112.0,113.0,103.0,127.0,119.0,113.0,35.00833333333333,14.75,38.0,45.0,42.0,38.0,32.300000000000004,43.00833333333333,27.75,46.0,52.0,48.0,44.0,40.300000000000004,39.166666666666664,24.0,38.0,46.0,42.0,39.0,46.0,46.416666666666664,34.5,47.0,53.0,48.0,44.0,52.0,46.333333333333336,42.0,41.0,48.5,46.0,41.0,59.5,53.375,49.25,50.0,55.5,52.0,47.0,66.5,60.083333333333336,59.5,51.0,59.0,57.0,57.0,77.0,67.5,68.0,60.0,66.0,64.0,63.0,84.0,27.5,2.0,37.0,45.0,41.0,37.0,3.0,37.166666666666664,17.0,46.0,52.0,47.0,43.0,18.0,110.16666666666667,100.0,103.0,106.0,120.0,120.0,112.0,117.66666666666667,109.0,112.0,113.0,127.0,127.0,118.0,35.358333333333334,21.9,45.45,41.0,38.0,42.45,23.35,43.041666666666664,32.9,53.0,47.0,44.0,48.45,32.9,40.96666666666667,33.9,46.0,42.0,38.0,48.0,37.9,47.46666666666667,41.9,53.0,48.0,44.0,53.0,44.9,49.166666666666664,40.0,51.25,44.0,40.0,72.5,47.25,55.958333333333336,49.0,58.25,50.0,46.0,78.5,54.0,64.41666666666667,51.0,76.5,51.0,61.0,80.0,67.0,71.41666666666667,59.0,83.5,57.0,68.0,87.0,74.0,28.0,2.0,45.0,41.0,37.0,40.0,3.0,37.166666666666664,17.0,52.0,47.0,43.0,46.0,18.0,107.33333333333333,103.0,106.0,97.0,120.0,113.0,105.0,114.5,112.0,113.0,103.0,127.0,119.0,113.0,C_p25,16.8397,2.9196878012474485,E1,2.3753392281335177,3.0434033860460694,2.6128731509468697,2.3753392281335177,4.305302350992001,2.805869463232718,0.0,2.8860850388683463,7.0,1,1,0,"zenith_detection_failed,frame_uncertain",True,False,False,3.038454762654124,E1-E2,2.4347294459974407,2.909798606192063,2.256578510924457,2.1378112208758018,4.335006086775931,4.156855151702947,False
high/gg_jpg,gg_jpg,high/gg_jpg,high,train,4.0,2495,1663,False,oof,holdout,3.247666666666667,2.564,3.692,2.974,2.667,3.692,3.897,E1-E2,False,False,49.958333333333336,33.0,63.35,49.0,43.0,68.35,43.050000000000004,59.9,44.0,71.35,58.0,51.0,76.35,58.7,53.800000000000004,34.7,65.7,50.0,43.7,70.0,58.7,63.416666666666664,46.7,73.7,58.7,52.0,77.7,71.7,59.916666666666664,45.75,75.75,53.0,46.0,73.0,66.0,68.83333333333333,57.0,84.0,61.0,54.0,81.0,76.0,70.41666666666667,53.0,92.5,60.0,53.0,89.0,75.0,79.33333333333333,63.0,100.5,69.0,61.5,97.0,85.0,38.0,9.0,61.0,49.0,43.0,65.0,1.0,53.666666666666664,37.0,69.0,58.0,51.0,73.0,34.0,115.83333333333333,88.0,114.0,134.0,135.0,131.0,93.0,124.5,98.0,122.0,143.0,144.0,139.0,101.0,46.89166666666667,28.0,49.0,62.8,49.6,43.0,48.95,57.55833333333334,43.0,58.0,70.8,58.0,51.65,63.900000000000006,50.833333333333336,33.0,50.0,64.0,50.0,44.0,64.0,59.833333333333336,44.0,59.0,72.0,59.0,52.0,73.0,55.166666666666664,38.0,53.0,70.0,53.0,49.0,68.0,64.58333333333333,50.5,62.0,78.0,62.0,57.0,78.0,69.58333333333333,50.0,67.0,87.0,65.0,71.5,77.0,78.83333333333333,62.0,76.0,95.0,75.0,79.0,86.0,35.166666666666664,9.0,48.0,61.0,49.0,43.0,1.0,51.0,37.0,57.0,69.0,58.0,51.0,34.0,118.66666666666667,88.0,111.0,114.0,135.0,135.0,129.0,127.5,98.0,120.0,122.0,144.0,143.0,138.0,53.416666666666664,33.5,62.0,49.0,43.0,69.0,64.0,62.0,43.0,70.0,58.0,51.0,77.0,73.0,54.0,34.0,63.0,49.0,43.0,70.0,65.0,62.333333333333336,44.0,71.0,58.0,51.0,77.0,73.0,55.333333333333336,37.0,65.0,50.0,43.0,71.0,66.0,63.833333333333336,47.0,73.0,58.0,52.0,79.0,74.0,59.166666666666664,46.0,71.0,51.0,44.0,75.0,68.0,67.5,56.0,79.0,59.0,52.0,83.0,76.0,53.166666666666664,33.0,61.0,49.0,43.0,69.0,64.0,61.833333333333336,43.0,69.0,58.0,51.0,77.0,73.0,73.66666666666667,70.0,91.0,55.0,48.0,98.0,80.0,82.5,80.0,99.0,65.0,57.0,106.0,88.0,C_p25,16.8397,3.2858859322513663,E1-E2,2.1971887860235038,3.8599262457169665,2.969174035166897,2.5534896702435317,4.216227129936994,3.919309726420304,0.0,3.5171104117734595,9.0,1,1,6,frame_uncertain,False,False,False,3.003814398910511,E1-E2,2.701955848606916,3.41455958889885,2.256578510924457,2.4941130910217684,3.978704216629964,3.1770250088015386,False
high/IMG_3129_jpg,IMG_3129_jpg,high/IMG_3129_jpg,high,test,2.0,2698,1799,True,oof,dev,4.470833333333333,4.599,5.811,3.922,2.953,5.374,4.166,E2-E3,False,False,53.6,31.75,89.0,61.0,34.0,50.6,55.25,63.975,42.75,101.0,71.0,45.0,60.6,63.5,59.96666666666667,43.5,89.0,62.0,35.0,61.800000000000004,68.5,69.86666666666666,54.5,102.0,71.0,45.0,71.2,75.5,76.66666666666667,70.0,98.0,65.0,39.0,98.0,90.0,85.29166666666667,78.0,108.5,74.0,48.0,106.0,97.25,92.83333333333333,90.5,119.0,77.0,64.5,105.0,101.0,101.5,98.5,130.0,86.0,72.5,113.0,109.0,40.333333333333336,2.0,88.0,60.0,33.0,42.0,17.0,54.166666666666664,23.0,99.0,70.0,44.0,52.0,37.0,150.0,127.0,165.0,164.0,142.0,152.0,150.0,158.33333333333334,136.0,174.0,173.0,150.0,160.0,157.0,62.43333333333334,37.2,89.0,61.0,34.0,99.0,54.400000000000006,72.36666666666667,48.2,100.4,71.0,45.0,107.0,62.6,67.5,53.2,89.0,62.0,35.0,99.0,66.80000000000001,76.93333333333332,62.400000000000006,101.0,72.0,45.0,107.0,74.2,78.54166666666667,78.5,94.0,68.0,40.0,101.75,89.0,87.25,86.5,105.0,77.0,49.0,109.0,97.0,93.91666666666667,94.0,116.0,86.5,56.0,112.0,99.0,103.25,104.0,128.0,95.5,65.0,120.0,107.0,49.666666666666664,2.0,88.0,60.0,33.0,98.0,17.0,63.166666666666664,23.0,99.0,70.0,44.0,106.0,37.0,157.0,159.0,165.0,164.0,152.0,152.0,150.0,165.83333333333334,171.0,174.0,173.0,160.0,160.0,157.0,77.06666666666666,91.0,88.7,61.0,34.0,98.7,89.0,86.51666666666665,101.0,99.7,70.0,44.7,106.7,97.0,77.33333333333333,91.0,89.0,61.0,34.0,99.0,90.0,87.23333333333333,102.0,101.0,71.0,45.0,107.0,97.4,78.33333333333333,93.0,89.0,62.0,35.0,99.0,92.0,87.91666666666667,103.0,101.5,71.0,45.0,107.0,100.0,82.83333333333333,98.0,99.0,63.0,37.0,102.0,98.0,92.16666666666667,107.0,111.0,73.0,47.0,110.0,105.0,76.5,91.0,88.0,60.0,33.0,98.0,89.0,86.0,101.0,99.0,70.0,44.0,106.0,96.0,103.0,127.0,133.0,71.0,48.0,116.0,123.0,111.83333333333333,136.0,142.0,80.0,58.0,124.0,131.0,C_p25,16.8397,4.651705988428138,E2-E3,5.522663705410428,5.285129782597077,3.6817758036069526,2.0784218246168282,5.878964589630456,5.46328022470709,0.0,4.500335992811659,9.0,1,1,6,,False,False,False,4.965943573816635,E2-E3,6.146207260017929,6.1165154375057655,3.859936926581309,2.672264026094752,6.175899082530093,4.824921158226636,False
high/IMG_8601_jpg,IMG_8601_jpg,high/IMG_8601_jpg,high,train,1.0,2699,1799,True,oof,dev,1.285,1.168,2.337,2.395,0.876,0.759,0.175,E1,False,False,21.233333333333334,15.4,35.0,34.0,18.0,13.0,12.0,27.599999999999998,28.4,43.0,40.0,23.0,17.0,14.2,23.166666666666668,25.0,36.0,34.0,18.0,14.0,12.0,28.5,32.0,43.0,40.0,23.0,18.0,15.0,25.833333333333332,28.0,39.0,35.0,21.0,18.0,14.0,31.5,36.0,46.0,41.0,26.0,22.0,18.0,36.333333333333336,42.0,50.0,39.0,30.0,33.0,24.0,42.333333333333336,50.0,58.0,45.0,36.0,37.0,28.0,16.833333333333332,1.0,35.0,33.0,18.0,12.0,2.0,24.333333333333332,17.0,42.0,39.0,23.0,16.0,9.0,73.33333333333333,74.0,90.0,71.0,82.0,69.0,54.0,80.0,83.0,99.0,79.0,88.0,73.0,58.0,21.150000000000002,14.9,35.0,34.0,18.0,13.0,12.0,27.46666666666667,27.95,42.7,40.0,23.0,17.0,14.15,23.150000000000002,25.0,36.0,34.0,18.0,13.9,12.0,28.483333333333334,32.0,43.0,40.0,23.0,17.9,15.0,25.375,27.0,38.0,35.25,21.0,17.0,14.0,31.166666666666668,35.0,46.0,41.0,26.0,21.0,18.0,35.666666666666664,40.5,47.0,42.5,32.0,28.0,24.0,42.083333333333336,49.5,56.0,49.0,38.0,32.0,28.0,16.833333333333332,1.0,35.0,33.0,18.0,12.0,2.0,24.333333333333332,17.0,42.0,39.0,23.0,16.0,9.0,76.16666666666667,74.0,89.0,90.0,82.0,68.0,54.0,83.0,83.0,98.0,99.0,88.0,72.0,58.0,22.5,25.0,35.0,33.0,18.0,12.0,12.0,27.95,32.0,42.0,40.0,23.0,16.0,14.7,22.833333333333332,25.0,35.0,34.0,18.0,13.0,12.0,28.166666666666668,32.0,42.0,40.0,23.0,17.0,15.0,23.666666666666668,27.0,36.0,34.0,18.0,14.0,13.0,29.0,33.5,43.0,40.0,23.0,18.0,16.5,25.166666666666668,31.0,37.0,34.0,19.0,16.0,14.0,30.666666666666668,37.0,45.0,40.0,24.0,20.0,18.0,22.5,25.0,35.0,33.0,18.0,12.0,12.0,27.666666666666668,32.0,42.0,39.0,23.0,16.0,14.0,38.666666666666664,64.0,43.0,37.0,25.0,29.0,34.0,44.333333333333336,71.0,50.0,43.0,31.0,33.0,38.0,C_p25,16.8397,1.4054090433123314,E1,1.6033539789901246,2.1378053053201658,2.0190383439134902,1.0689026526600829,0.8313687298467312,0.7719852491433933,0.0,1.5164175627952328,6.0,1,1,6,,False,False,False,1.4351007836640004,E1,1.633050238169015,2.375345800973113,2.3159621559487853,1.2470565455108842,0.5344528052189504,0.5047609827067865,False
high/IMG_3059_jpg,IMG_3059_jpg,high/IMG_3059_jpg,high,test,1.0,2698,1799,True,oof,holdout,2.906166666666667,2.926,3.128,2.234,2.766,3.564,2.819,E1,False,False,38.391666666666666,18.45,56.0,36.0,42.0,42.0,35.9,46.39166666666666,27.45,63.0,44.0,50.0,50.0,43.9,43.083333333333336,30.8,57.0,36.0,42.0,43.0,49.7,50.6,38.8,64.0,44.0,50.0,51.0,55.8,48.833333333333336,47.0,60.0,38.0,43.0,51.0,54.0,56.708333333333336,56.0,67.0,46.0,51.0,60.0,60.25,57.833333333333336,55.0,80.0,43.0,52.5,58.0,58.5,65.58333333333333,63.0,88.0,50.0,60.5,66.0,66.0,29.833333333333332,3.0,55.0,36.0,41.0,42.0,2.0,41.666666666666664,21.0,63.0,43.0,49.0,50.0,24.0,90.0,69.0,119.0,69.0,108.0,86.0,89.0,98.16666666666667,77.0,127.0,77.0,116.0,95.0,97.0,36.49166666666667,8.0,47.4,36.0,42.0,55.0,30.55,45.925000000000004,23.0,56.0,44.0,50.0,63.0,39.550000000000004,40.11666666666667,13.0,50.0,37.0,42.0,55.0,43.7,48.583333333333336,25.0,58.8,44.0,50.0,63.0,50.7,45.375,25.0,56.0,39.25,43.0,57.0,52.0,53.333333333333336,34.0,64.0,47.0,51.0,65.0,59.0,52.75,41.0,61.0,49.5,47.0,61.0,57.0,60.416666666666664,49.0,68.0,57.0,55.0,69.5,64.0,30.166666666666668,3.0,45.0,36.0,41.0,54.0,2.0,42.166666666666664,21.0,54.0,43.0,49.0,62.0,24.0,97.0,60.0,118.0,119.0,108.0,88.0,89.0,104.83333333333333,68.0,126.0,127.0,116.0,95.0,97.0,38.391666666666666,18.45,56.0,36.0,42.0,42.0,35.9,46.39166666666666,27.45,63.0,44.0,50.0,50.0,43.9,43.083333333333336,30.8,57.0,36.0,42.0,43.0,49.7,50.6,38.8,64.0,44.0,50.0,51.0,55.8,48.833333333333336,47.0,60.0,38.0,43.0,51.0,54.0,56.708333333333336,56.0,67.0,46.0,51.0,60.0,60.25,57.833333333333336,55.0,80.0,43.0,52.5,58.0,58.5,65.58333333333333,63.0,88.0,50.0,60.5,66.0,66.0,29.833333333333332,3.0,55.0,36.0,41.0,42.0,2.0,41.666666666666664,21.0,63.0,43.0,49.0,50.0,24.0,90.0,69.0,119.0,69.0,108.0,86.0,89.0,98.16666666666667,77.0,127.0,77.0,116.0,95.0,97.0,C_p25,16.8397,2.89989330767967,E1,2.791023593056883,3.5630088422002766,2.2565722667268417,2.5534896702435317,3.028557515870235,3.206707957980249,0.0,2.8665183606387306,8.0,1,1,0,zenith_detection_failed,True,False,False,2.729165800657573,E1,2.063581664595392,3.028565896240719,2.3159621559487853,2.4941130910217684,3.384867766386686,3.0879495412650466,True
high/IMG_2632-_jpg,IMG_2632-_jpg,high/IMG_2632-_jpg,high,valid,0.0,2691,1794,False,oof,holdout,1.0358333333333334,0.0,1.328,0.712,1.471,1.803,0.901,E1,True,False,52.55833333333334,32.7,57.9,47.0,69.0,78.9,29.85,61.375,45.7,66.8,56.0,78.0,85.9,35.85,58.73333333333333,48.7,61.0,48.0,70.0,82.0,42.7,67.23333333333333,58.0,70.0,57.0,78.7,91.0,48.7,65.79166666666667,52.0,83.0,49.25,71.0,84.5,55.0,74.45833333333333,60.0,93.0,58.25,80.0,92.5,63.0,72.83333333333333,64.0,86.0,56.0,76.0,93.0,62.0,81.16666666666667,73.0,95.0,66.0,84.0,100.0,69.0,41.166666666666664,3.0,53.0,47.0,69.0,72.0,3.0,53.0,26.0,62.0,55.0,78.0,79.0,18.0,110.16666666666667,100.0,104.0,110.0,127.0,121.0,99.0,118.5,109.0,113.0,118.0,135.0,129.0,107.0,53.416666666666664,42.95,47.0,69.05,83.0,55.0,23.5,62.03333333333333,54.95,56.0,78.0,91.0,62.0,30.25,56.583333333333336,50.0,48.0,70.0,83.0,55.0,33.5,64.58333333333333,58.0,57.0,79.0,91.0,63.0,39.5,62.333333333333336,59.0,50.0,71.0,85.0,58.0,51.0,70.5,68.0,59.0,80.0,93.0,66.0,57.0,74.58333333333333,83.0,57.0,78.0,94.0,70.5,65.0,82.83333333333333,91.5,67.0,86.5,101.0,78.5,72.5,43.0,3.0,47.0,69.0,82.0,54.0,3.0,54.833333333333336,26.0,55.0,78.0,90.0,62.0,18.0,114.0,103.0,109.0,127.0,127.0,120.0,98.0,122.16666666666667,113.0,117.0,135.0,135.0,127.0,106.0,64.33333333333333,50.0,83.0,47.0,69.0,82.0,55.0,73.0,58.0,93.0,56.0,78.0,91.0,62.0,64.39999999999999,50.0,83.0,47.0,69.0,82.4,55.0,73.0,58.0,93.0,56.0,78.0,91.0,62.0,65.16666666666667,51.0,83.5,48.0,70.0,83.0,55.5,73.33333333333333,58.5,93.0,56.5,78.0,91.0,63.0,66.16666666666667,53.0,84.0,48.0,70.0,84.0,58.0,74.83333333333333,60.0,94.0,57.0,79.0,93.0,66.0,64.0,49.0,83.0,47.0,69.0,82.0,54.0,72.5,57.0,93.0,55.0,78.0,90.0,62.0,79.83333333333333,77.0,93.0,51.0,73.0,91.0,94.0,88.83333333333333,87.0,103.0,61.0,81.0,99.0,102.0,C_p25,16.8397,3.8698234925008563,E1-E2,3.028557515870235,4.958520638728718,2.850407073760221,4.1568436492336565,4.928828898377049,3.295783179035256,0.0,3.86197311557044,8.0,1,1,6,frame_uncertain,False,False,False,4.1024087919222625,E2-E3,2.909798606192063,5.760213567359799,3.26610047633803,4.156855151702947,5.285144407165176,3.2364086538258663,False
high/IMG_8649_jpg,IMG_8649_jpg,high/IMG_8649_jpg,high,train,3.0,2699,1799,True,oof,dev,2.252,0.0,2.556,1.557,3.788,3.389,2.222,E1,True,False,33.81666666666667,0.0,31.0,31.0,57.0,66.0,17.9,38.40833333333333,0.0,36.0,35.0,63.0,71.0,25.45,35.5,0.0,33.0,31.0,58.0,67.0,24.0,39.833333333333336,0.0,38.0,35.0,63.0,72.0,31.0,42.916666666666664,0.0,46.25,38.0,59.0,71.25,43.0,46.958333333333336,0.0,51.25,42.0,64.0,76.25,48.25,60.666666666666664,46.5,61.0,59.5,64.0,85.0,48.0,65.75,53.0,66.0,63.5,69.0,90.0,53.0,31.0,0.0,31.0,30.0,57.0,66.0,2.0,37.0,0.0,35.0,35.0,62.0,71.0,19.0,104.66666666666667,82.0,108.0,115.0,106.0,125.0,92.0,109.66666666666667,88.0,113.0,120.0,111.0,130.0,96.0,36.81666666666667,0.0,49.0,31.0,57.0,66.0,17.9,41.574999999999996,0.0,55.0,35.0,63.0,71.0,25.45,38.300000000000004,0.0,50.0,31.0,58.0,66.8,24.0,42.96666666666667,0.0,56.0,36.0,63.0,71.8,31.0,43.333333333333336,0.0,53.0,35.0,60.0,69.0,43.0,47.541666666666664,0.0,59.0,40.0,65.0,73.0,48.25,53.333333333333336,11.0,63.0,49.0,71.0,78.0,48.0,59.0,19.0,69.0,54.0,76.0,83.0,53.0,34.0,0.0,49.0,30.0,57.0,66.0,2.0,40.333333333333336,0.0,55.0,35.0,62.0,71.0,19.0,107.0,82.0,106.0,114.0,123.0,125.0,92.0,112.33333333333333,88.0,111.0,120.0,129.0,130.0,96.0,41.0,0.0,49.0,31.0,57.0,66.0,43.0,45.166666666666664,0.0,55.0,35.0,62.0,71.0,48.0,41.0,0.0,49.0,31.0,57.0,66.0,43.0,45.5,0.0,55.0,35.0,63.0,71.0,49.0,41.75,0.0,50.5,31.0,58.0,67.0,44.0,45.833333333333336,0.0,56.0,35.0,63.0,72.0,49.0,43.333333333333336,0.0,53.0,32.0,58.0,70.0,47.0,47.833333333333336,0.0,59.0,37.0,64.0,75.0,52.0,40.833333333333336,0.0,49.0,30.0,57.0,66.0,43.0,45.166666666666664,0.0,55.0,35.0,62.0,71.0,48.0,57.833333333333336,40.0,65.0,38.0,65.0,85.0,54.0,63.333333333333336,47.0,71.0,43.0,70.0,90.0,59.0,C_p25,16.8397,2.479260319364359,E1,0.0,2.998865775518566,1.8408879018034763,3.4442418807936006,3.978693207123642,2.6128731509468697,0.0,2.5192098220630483,5.0,2,1,6,"gingiva_multi_component,region_zero",False,False,False,2.4347227088368557,E1,1.0689056104379009,2.5534967360460965,1.4845911256081956,2.909798606192063,4.038087861654292,2.5534967360460965,False
high/IMG_6551-_jpg,IMG_6551-_jpg,high/IMG_6551-_jpg,high,valid,4.0,2697,1798,True,oof,holdout,5.973333333333334,4.87,6.535,6.696,5.739,6.696,5.304,E2-E3,False,False,98.69166666666666,32.1,140.0,129.0,118.0,136.0,37.05,109.54166666666667,46.1,150.0,138.05,128.0,146.0,49.1,103.46666666666665,45.4,141.0,129.0,118.0,137.2,50.2,114.11666666666666,58.4,151.0,139.0,128.0,147.0,61.300000000000004,119.70833333333333,89.0,144.0,130.0,120.0,142.0,93.25,129.45833333333334,101.0,153.25,140.0,129.0,152.0,101.5,134.08333333333334,111.0,156.0,136.0,127.0,162.0,112.5,143.25,120.0,165.5,146.0,136.0,171.0,121.0,87.33333333333333,2.0,140.0,129.0,118.0,133.0,2.0,100.33333333333333,21.0,150.0,138.0,127.0,142.0,24.0,188.16666666666666,140.0,197.0,199.0,218.0,208.0,167.0,197.5,149.0,207.0,208.0,227.0,218.0,176.0,99.08333333333333,34.2,140.0,129.0,118.0,136.0,37.3,110.13333333333334,48.2,150.0,139.0,128.0,146.0,49.6,104.60000000000001,51.400000000000006,141.0,129.0,118.0,137.0,51.2,115.36666666666666,64.4,151.0,139.0,128.0,147.0,62.800000000000004,121.375,99.0,142.0,131.0,120.0,141.75,94.5,131.375,110.0,152.0,141.0,130.0,151.75,103.5,135.25,115.0,152.0,141.0,132.0,158.5,113.0,144.5,124.0,162.0,150.5,141.0,167.5,122.0,87.66666666666667,2.0,140.0,129.0,118.0,135.0,2.0,100.83333333333333,21.0,150.0,138.0,127.0,145.0,24.0,194.66666666666666,161.0,197.0,218.0,216.0,207.0,169.0,204.16666666666666,170.0,207.0,227.0,225.0,217.0,179.0,123.11666666666667,109.0,140.0,129.0,118.0,136.0,106.7,132.6833333333333,118.7,150.0,138.0,127.7,145.7,116.0,123.56666666666666,110.0,140.0,129.0,118.0,136.0,108.4,133.06666666666666,119.0,150.0,138.0,128.0,146.0,117.4,124.58333333333333,111.0,141.0,129.0,118.0,138.0,110.5,134.08333333333334,119.0,151.0,139.0,128.0,148.0,119.5,126.5,115.0,142.0,130.0,119.0,141.0,112.0,135.83333333333334,124.0,152.0,139.0,128.0,151.0,121.0,122.5,109.0,140.0,129.0,118.0,135.0,104.0,131.83333333333334,118.0,150.0,138.0,127.0,145.0,113.0,134.83333333333334,125.0,151.0,132.0,123.0,155.0,123.0,144.0,133.0,161.0,141.0,133.0,164.0,132.0,C_p25,16.8397,7.398191970957519,E3,6.591566358070512,8.37307077917065,7.660469010730595,7.007250722993877,8.194920337060637,6.561874617718843,0.0,7.026883319210813,9.0,1,1,6,,False,False,False,7.383346100781683,E3,6.354050017603077,8.016792078284256,8.076175723308584,6.8291191777977,7.898024788235601,7.126037402919339,False
high/IMG_2892_jpg,IMG_2892_jpg,high/IMG_2892_jpg,high,train,2.0,2699,1799,True,oof,dev,1.994,1.4,2.962,1.597,1.427,2.954,1.624,E1,False,False,29.05,24.200000000000003,43.1,21.0,33.0,34.0,19.0,35.725,33.1,49.1,25.05,40.0,40.1,27.0,31.73333333333333,30.0,47.0,21.0,34.0,35.2,23.200000000000003,38.199999999999996,35.0,54.0,26.0,41.0,43.2,30.0,36.583333333333336,32.0,48.0,23.0,38.0,47.0,31.5,42.666666666666664,37.0,55.0,28.0,43.5,55.0,37.5,48.166666666666664,37.0,52.0,32.0,49.0,66.0,53.0,54.25,43.0,59.0,37.5,54.0,73.0,59.0,22.666666666666668,4.0,40.0,21.0,33.0,33.0,5.0,32.0,21.0,46.0,25.0,40.0,40.0,20.0,76.16666666666667,56.0,70.0,78.0,90.0,92.0,71.0,82.33333333333333,63.0,76.0,84.0,95.0,99.0,77.0,27.65833333333333,13.6,30.0,47.0,21.0,33.0,21.35,34.94166666666667,26.3,35.0,54.0,26.0,40.0,28.35,29.71666666666667,20.3,30.0,47.0,21.0,34.0,26.0,36.31666666666667,30.3,35.6,54.0,26.0,40.0,32.0,35.25,28.5,34.0,49.0,25.0,35.25,39.75,41.541666666666664,36.5,39.0,56.0,30.0,42.0,45.75,46.5,40.5,41.0,53.5,37.0,46.0,61.0,52.833333333333336,47.5,47.0,60.5,42.0,52.5,67.5,23.166666666666668,4.0,30.0,46.0,21.0,33.0,5.0,32.5,21.0,35.0,54.0,25.0,40.0,20.0,77.5,56.0,59.0,77.0,89.0,92.0,92.0,84.0,63.0,65.0,84.0,94.0,99.0,99.0,29.05,24.200000000000003,43.1,21.0,33.0,34.0,19.0,35.725,33.1,49.1,25.05,40.0,40.1,27.0,31.73333333333333,30.0,47.0,21.0,34.0,35.2,23.200000000000003,38.199999999999996,35.0,54.0,26.0,41.0,43.2,30.0,36.583333333333336,32.0,48.0,23.0,38.0,47.0,31.5,42.666666666666664,37.0,55.0,28.0,43.5,55.0,37.5,48.166666666666664,37.0,52.0,32.0,49.0,66.0,53.0,54.25,43.0,59.0,37.5,54.0,73.0,59.0,22.666666666666668,4.0,40.0,21.0,33.0,33.0,5.0,32.0,21.0,46.0,25.0,40.0,40.0,20.0,76.16666666666667,56.0,70.0,78.0,90.0,92.0,71.0,82.33333333333333,63.0,76.0,84.0,95.0,99.0,77.0,C_p25,16.8397,2.17244566906378,E1,1.9002713825068143,2.850407073760221,1.3658200561767726,2.2565722667268417,2.791023593056883,1.8705796421551453,0.0,2.147442935700346,6.0,1,1,0,zenith_detection_failed,True,False,False,2.5782327872032553,E1,2.019043930827146,3.26610047633803,2.4347294459974407,2.672264026094752,3.251254565081948,1.8260470844980805,True
high/gummy19_JPG,gummy19_JPG,high/gummy19_JPG,high,train,3.0,2698,1799,True,oof,holdout,0.8141666666666666,0.0,2.141,0.0,1.138,1.606,0.0,E1,True,False,15.916666666666664,0.0,13.8,0.0,25.0,34.9,21.8,17.916666666666664,0.0,15.9,0.0,27.9,37.9,25.8,18.433333333333334,0.0,22.6,0.0,26.0,36.0,26.0,20.433333333333334,0.0,23.8,0.0,28.0,39.0,31.8,26.666666666666668,10.0,44.0,0.0,27.0,43.5,35.5,29.833333333333332,14.5,46.0,0.0,29.0,46.5,43.0,37.666666666666664,25.0,48.0,7.0,33.0,63.0,50.0,41.916666666666664,29.0,50.0,13.5,36.0,66.0,57.0,12.5,0.0,5.0,0.0,25.0,33.0,12.0,14.833333333333334,0.0,10.0,0.0,27.0,36.0,16.0,81.0,80.0,65.0,91.0,82.0,101.0,67.0,83.16666666666667,82.0,67.0,94.0,84.0,104.0,68.0,16.891666666666666,0.0,0.0,25.75,34.05,25.95,15.6,19.924999999999997,0.0,0.0,28.0,37.05,33.9,20.6,18.233333333333334,0.0,0.0,26.0,35.1,27.9,20.4,21.400000000000002,0.0,0.0,28.0,38.1,37.9,24.4,25.166666666666668,9.0,4.0,28.0,41.25,35.75,33.0,30.333333333333332,14.0,10.0,31.0,44.25,45.75,37.0,44.083333333333336,25.0,44.0,41.5,57.5,46.5,50.0,48.666666666666664,28.0,46.0,45.0,60.5,57.5,55.0,15.666666666666666,0.0,0.0,25.0,33.0,24.0,12.0,17.666666666666668,0.0,0.0,27.0,36.0,27.0,16.0,83.5,79.0,91.0,101.0,101.0,67.0,62.0,86.0,81.0,94.0,104.0,103.0,68.0,66.0,21.400000000000002,0.0,43.7,0.0,25.0,34.0,25.7,23.849999999999998,0.0,45.7,0.0,27.0,37.0,33.4,21.8,0.0,44.0,0.0,25.0,34.4,27.4,24.700000000000003,0.0,46.0,0.0,27.4,37.4,37.4,23.583333333333332,0.0,44.5,0.0,26.0,36.5,34.5,26.5,0.0,47.0,0.0,28.0,39.5,44.5,28.333333333333332,10.0,47.0,0.0,27.0,42.0,44.0,32.166666666666664,14.0,49.0,0.0,29.0,45.0,56.0,20.833333333333332,0.0,43.0,0.0,25.0,33.0,24.0,22.5,0.0,45.0,0.0,27.0,36.0,27.0,46.166666666666664,30.0,80.0,4.0,39.0,62.0,62.0,50.333333333333336,33.0,82.0,13.0,42.0,65.0,67.0,C_p25,16.8397,1.4004604199203865,E1,0.0,2.6425648912985387,0.0,1.5439704982867866,2.1674970456718348,2.0487300842651592,0.0,1.5653342583692729,3.0,3,1,6,"gingiva_multi_component,region_zero",False,False,False,1.6107769140780417,E1,1.009521965413573,1.6033584156568512,0.2375345800973113,1.1876729004865565,2.360499889717031,3.26610047633803,True
high/IMG_6803_jpg,IMG_6803_jpg,high/IMG_6803_jpg,high,train,4.0,2697,1798,True,oof,holdout,1.55,2.0,1.4,0.0,0.5,2.2,3.2,E1,True,False,22.066666666666666,20.2,28.0,2.0,8.0,33.1,41.1,27.549999999999997,29.1,32.0,4.0,14.0,38.1,48.1,28.066666666666666,34.2,30.0,2.0,9.0,39.0,54.2,33.26666666666667,41.2,33.2,5.0,14.0,46.0,60.2,37.416666666666664,60.0,41.0,4.0,14.0,43.5,62.0,42.166666666666664,65.5,45.0,6.0,19.0,50.0,67.5,51.166666666666664,69.0,50.0,24.0,26.0,65.0,73.0,55.666666666666664,74.0,54.0,27.0,30.0,70.0,79.0,10.666666666666666,1.0,27.0,2.0,7.0,22.0,5.0,18.166666666666668,12.0,31.0,4.0,13.0,28.0,21.0,99.16666666666667,108.0,107.0,91.0,75.0,126.0,88.0,103.5,112.0,111.0,95.0,78.0,132.0,93.0,23.84166666666667,19.5,41.0,28.0,2.0,8.0,44.550000000000004,28.866666666666664,28.5,45.0,31.0,4.0,14.0,50.7,28.666666666666668,32.0,41.0,29.0,2.0,10.0,58.0,33.5,39.0,45.0,33.0,5.0,16.0,63.0,37.5,59.0,44.0,33.0,4.0,21.0,64.0,41.875,65.0,48.0,37.0,6.75,25.5,69.0,52.333333333333336,67.0,57.0,50.0,20.0,43.0,77.0,56.833333333333336,73.0,61.0,54.0,22.0,49.0,82.0,13.666666666666666,1.0,40.0,27.0,2.0,7.0,5.0,21.0,12.0,45.0,31.0,4.0,13.0,21.0,110.83333333333333,108.0,108.0,107.0,91.0,126.0,125.0,115.5,112.0,112.0,111.0,95.0,132.0,131.0,29.28333333333333,41.0,27.0,2.0,8.0,39.0,58.7,33.833333333333336,45.0,31.0,4.0,13.0,46.0,64.0,29.400000000000002,41.0,27.4,2.0,8.0,39.0,59.0,33.833333333333336,45.0,31.0,4.0,13.0,46.0,64.0,30.083333333333332,41.5,29.0,2.0,8.0,40.0,60.0,34.833333333333336,46.0,33.0,4.0,14.0,47.0,65.0,32.5,44.0,31.0,3.0,10.0,43.0,64.0,37.0,48.0,35.0,5.0,16.0,49.0,69.0,28.833333333333332,40.0,27.0,2.0,7.0,39.0,58.0,33.666666666666664,45.0,31.0,4.0,13.0,46.0,63.0,49.666666666666664,92.0,46.0,5.0,16.0,57.0,82.0,54.333333333333336,96.0,51.0,8.0,22.0,62.0,87.0,C_p25,16.8397,1.786453044492083,E1,2.4644144491885247,1.7221209403968003,0.11876696140667589,0.47506784562670357,2.3753392281335177,3.5630088422002766,0.0,2.196359631274386,5.0,1,1,6,,False,False,False,1.4647925240156694,E1,1.9596602858028185,1.2470565455108842,0.0593836450243278,0.7126037402919339,1.8112011732419984,2.998874073728555,False
high/IMG_6436-_jpg,IMG_6436-_jpg,high/IMG_6436-_jpg,high,valid,0.0,2698,1798,True,oof,dev,1.5523333333333331,2.722,1.152,0.0,0.0,2.09,3.35,E1,True,False,12.958333333333334,30.55,28.0,0.0,0.0,0.0,19.200000000000003,15.891666666666667,39.55,29.6,0.0,0.0,0.0,26.200000000000003,17.416666666666668,43.1,28.0,0.0,0.0,0.0,33.400000000000006,19.55,49.1,30.0,0.0,0.0,0.0,38.2,26.25,48.0,30.0,0.0,0.0,26.5,53.0,28.25,51.0,32.0,0.0,0.0,29.5,57.0,32.333333333333336,49.0,38.0,0.0,0.0,39.0,68.0,34.0,53.0,39.0,0.0,0.0,39.0,73.0,5.333333333333333,3.0,28.0,0.0,0.0,0.0,1.0,10.166666666666666,17.0,29.0,0.0,0.0,0.0,15.0,59.0,58.0,60.0,38.0,52.0,72.0,74.0,61.0,60.0,63.0,39.0,54.0,73.0,77.0,19.516666666666666,34.3,28.0,0.0,0.0,37.0,17.8,22.133333333333336,42.0,29.0,0.0,0.0,37.0,24.8,23.599999999999998,45.0,28.0,0.0,0.0,37.0,31.6,25.599999999999998,50.0,30.0,0.0,0.0,37.0,36.6,27.666666666666668,48.0,29.0,0.0,0.0,38.0,51.0,29.0,51.0,30.0,0.0,0.0,38.0,55.0,32.0,49.0,33.0,0.0,0.0,44.0,66.0,33.5,53.0,34.0,0.0,0.0,44.0,70.0,11.5,3.0,28.0,0.0,0.0,37.0,1.0,16.333333333333332,17.0,29.0,0.0,0.0,37.0,15.0,61.833333333333336,60.0,60.0,51.0,52.0,74.0,74.0,64.33333333333333,62.0,63.0,53.0,54.0,77.0,77.0,30.166666666666668,47.0,28.0,0.0,0.0,37.0,69.0,31.666666666666668,50.0,29.0,0.0,0.0,37.0,74.0,30.166666666666668,47.0,28.0,0.0,0.0,37.0,69.0,31.666666666666668,50.0,29.0,0.0,0.0,37.0,74.0,30.5,48.0,28.0,0.0,0.0,37.0,70.0,31.833333333333332,50.0,30.0,0.0,0.0,37.0,74.0,30.833333333333332,48.0,29.0,0.0,0.0,38.0,70.0,32.5,51.0,31.0,0.0,0.0,38.0,75.0,30.166666666666668,47.0,28.0,0.0,0.0,37.0,69.0,31.666666666666668,50.0,29.0,0.0,0.0,37.0,74.0,34.0,51.0,33.0,0.0,0.0,46.0,74.0,35.5,54.0,35.0,0.0,0.0,47.0,77.0,C_p25,16.8397,1.8111961614518073,E1,2.850407073760221,1.6627374596934623,0.0,0.0,2.1971887860235038,4.1568436492336565,0.0,1.540875910582253,2.0,3,1,6,"gingiva_multi_component,region_zero",False,False,False,1.4845870175834486,E1,2.672264026094752,1.1876729004865565,0.2375345800973113,0.2969182251216391,1.7815093507298347,2.73164767111908,True
high/IMG_7375_jpg,IMG_7375_jpg,high/IMG_7375_jpg,high,train,3.0,2696,1797,True,oof,holdout,2.2419999999999995,3.501,1.29,1.597,1.413,2.457,3.194,E1,False,False,25.058333333333334,15.9,22.0,22.0,24.0,45.0,21.45,31.066666666666663,28.45,27.5,26.0,28.0,51.0,25.45,28.633333333333336,24.9,23.0,23.0,24.0,46.0,30.9,33.800000000000004,33.9,29.0,26.0,28.0,52.0,33.9,35.583333333333336,45.0,28.5,25.0,26.0,48.0,41.0,40.208333333333336,52.25,33.0,28.0,30.0,54.0,44.0,46.75,49.0,52.0,31.5,37.5,61.0,49.5,51.0,55.0,56.0,35.0,41.5,66.0,52.5,19.166666666666668,2.0,22.0,22.0,23.0,44.0,2.0,27.666666666666668,21.0,27.0,26.0,27.0,50.0,15.0,79.66666666666667,65.0,87.0,90.0,87.0,87.0,62.0,84.33333333333333,69.0,91.0,93.0,94.0,94.0,65.0,25.608333333333334,17.400000000000002,22.0,22.0,24.0,45.0,23.25,31.40833333333333,29.200000000000003,27.0,26.0,28.0,51.0,27.25,28.983333333333334,25.400000000000002,23.0,23.0,24.0,45.0,33.5,34.21666666666667,34.800000000000004,28.0,27.0,28.0,51.0,36.5,35.541666666666664,47.0,25.0,25.0,26.0,47.0,43.25,40.208333333333336,53.0,30.0,29.0,31.0,53.0,45.25,44.666666666666664,49.0,34.0,35.0,39.0,56.0,55.0,49.583333333333336,56.0,38.0,39.0,43.0,62.5,59.0,19.166666666666668,2.0,22.0,22.0,23.0,44.0,2.0,27.666666666666668,21.0,27.0,26.0,27.0,50.0,15.0,85.0,74.0,87.0,90.0,90.0,87.0,82.0,89.66666666666667,78.0,91.0,93.0,94.0,94.0,88.0,35.449999999999996,47.0,22.0,22.0,23.0,44.7,54.0,40.61666666666667,53.0,27.0,26.0,28.0,50.7,59.0,35.666666666666664,47.0,22.0,22.0,23.0,45.0,55.0,40.666666666666664,53.0,27.0,26.0,28.0,51.0,59.0,36.166666666666664,47.0,23.0,23.0,24.0,45.0,55.0,41.0,53.0,28.0,26.0,28.0,51.0,60.0,37.666666666666664,48.0,25.0,24.0,25.0,47.0,57.0,42.5,55.0,30.0,27.0,29.0,53.0,61.0,35.166666666666664,46.0,22.0,22.0,23.0,44.0,54.0,40.166666666666664,52.0,27.0,26.0,27.0,50.0,59.0,45.833333333333336,56.0,36.0,28.0,30.0,56.0,69.0,50.666666666666664,61.0,40.0,31.0,35.0,63.0,74.0,C_p25,16.8397,2.1477025521040556,E1,2.791023593056883,1.3658200561767726,1.3658200561767726,1.4252035368801106,2.6722566316502077,3.266091438683587,0.0,2.0887429010114986,4.0,1,1,6,,False,False,False,1.4969585760633104,E1,0.9501383203892452,0.9056005866209992,1.4845911256081956,0.7719873853162617,2.375345800973113,2.4941130910217684,True
high/IMG_2796_jpg,IMG_2796_jpg,high/IMG_2796_jpg,high,test,2.0,2698,1799,True,oof,dev,5.686333333333334,5.826,6.106,4.848,4.195,6.385,6.758,E2-E3,False,False,81.25833333333333,41.3,116.0,92.0,80.0,126.1,32.15,92.075,51.3,127.0,102.0,93.0,138.0,41.15,87.91666666666667,58.4,117.3,92.0,81.0,127.2,51.6,98.05000000000001,66.4,128.3,102.0,93.0,139.0,59.6,100.625,77.0,122.0,95.0,84.0,133.0,92.75,110.375,84.0,133.0,105.0,96.0,144.5,99.75,120.83333333333333,105.0,144.0,101.5,96.0,155.0,123.5,130.66666666666666,113.0,154.5,112.0,108.0,166.0,130.5,70.33333333333333,7.0,115.0,91.0,80.0,125.0,4.0,84.66666666666667,26.0,126.0,101.0,93.0,137.0,25.0,166.83333333333334,146.0,173.0,150.0,170.0,196.0,166.0,177.33333333333334,155.0,184.0,160.0,184.0,206.0,175.0,82.39999999999999,44.75,116.0,92.0,80.0,126.0,35.65,93.02499999999999,54.5,127.0,102.0,93.0,138.0,43.65,90.16666666666667,63.0,117.0,92.4,81.0,127.0,60.6,100.16666666666667,71.0,128.0,102.0,93.4,139.0,67.6,101.125,78.25,119.25,96.0,84.0,130.0,99.25,110.875,85.25,130.25,105.0,97.0,141.5,106.25,123.41666666666667,117.5,131.0,104.0,100.0,143.0,145.0,133.16666666666666,126.0,141.0,114.0,111.0,154.0,153.0,70.33333333333333,7.0,115.0,91.0,80.0,125.0,4.0,84.66666666666667,26.0,126.0,101.0,93.0,137.0,25.0,178.66666666666666,164.0,173.0,173.0,170.0,196.0,196.0,189.66666666666666,174.0,184.0,184.0,184.0,206.0,206.0,81.25833333333333,41.3,116.0,92.0,80.0,126.1,32.15,92.075,51.3,127.0,102.0,93.0,138.0,41.15,87.91666666666667,58.4,117.3,92.0,81.0,127.2,51.6,98.05000000000001,66.4,128.3,102.0,93.0,139.0,59.6,100.625,77.0,122.0,95.0,84.0,133.0,92.75,110.375,84.0,133.0,105.0,96.0,144.5,99.75,120.83333333333333,105.0,144.0,101.5,96.0,155.0,123.5,130.66666666666666,113.0,154.5,112.0,108.0,166.0,130.5,70.33333333333333,7.0,115.0,91.0,80.0,125.0,4.0,84.66666666666667,26.0,126.0,101.0,93.0,137.0,25.0,166.83333333333334,146.0,173.0,150.0,170.0,196.0,166.0,177.33333333333334,155.0,184.0,160.0,184.0,206.0,175.0,C_p25,16.8397,5.97546274577338,E2-E3,4.5725280141570215,7.244784645807229,5.641430666817104,4.988212379080387,7.898002933543946,5.507817835234595,0.0,5.906690990565303,10.0,1,1,0,zenith_detection_failed,True,False,False,5.992782927645188,E2-E3,4.453773376824587,7.541722918089634,5.46329534223816,4.750691601946226,8.19494301335724,5.552370809774652,False
high/IMG_8581_jpg,IMG_8581_jpg,high/IMG_8581_jpg,high,train,2.0,2699,1799,True,oof,dev,2.1855,3.436,2.405,1.661,0.916,2.233,2.462,E1,False,False,30.566666666666663,31.700000000000003,41.0,27.0,22.0,41.0,20.700000000000003,38.28333333333333,40.85,48.0,34.0,29.0,48.0,29.85,33.78333333333333,41.7,43.0,27.0,22.0,43.0,26.0,40.699999999999996,48.7,49.0,34.0,30.0,49.8,32.7,39.583333333333336,51.0,50.5,30.0,26.0,50.0,30.0,46.208333333333336,58.25,57.0,37.0,32.0,57.0,36.0,50.666666666666664,57.5,60.0,44.0,41.5,60.0,41.0,57.333333333333336,64.0,67.0,51.0,48.0,66.0,48.0,22.5,4.0,41.0,26.0,21.0,41.0,2.0,32.0,21.0,47.0,33.0,29.0,47.0,15.0,86.33333333333333,82.0,94.0,95.0,100.0,81.0,66.0,92.66666666666667,89.0,100.0,102.0,106.0,88.0,71.0,31.7,37.2,41.0,27.0,22.0,41.0,22.0,38.94166666666667,44.2,47.1,34.0,29.0,47.5,31.85,34.18333333333334,45.400000000000006,42.0,27.0,22.0,42.0,26.700000000000003,40.96666666666667,51.800000000000004,49.0,34.0,30.0,48.0,33.0,38.833333333333336,54.0,44.5,30.0,25.5,47.0,32.0,45.5,61.0,51.0,37.0,32.0,53.0,39.0,50.333333333333336,60.0,58.0,44.0,41.0,56.0,43.0,56.5,66.0,64.0,51.0,47.0,62.0,49.0,22.5,4.0,41.0,26.0,21.0,41.0,2.0,32.0,21.0,47.0,33.0,29.0,47.0,15.0,91.0,93.0,94.0,100.0,100.0,81.0,78.0,97.16666666666667,99.0,100.0,106.0,106.0,88.0,84.0,34.449999999999996,51.0,41.0,26.0,21.7,41.0,26.0,41.0,58.0,47.0,33.0,29.0,47.0,32.0,34.833333333333336,51.0,41.0,27.0,22.0,41.0,27.0,41.63333333333333,59.0,47.4,34.0,29.0,47.4,33.0,35.75,53.0,42.5,27.0,22.0,42.5,27.5,42.666666666666664,60.0,49.0,34.0,30.0,49.0,34.0,38.5,57.0,45.0,28.0,23.0,47.0,31.0,45.166666666666664,64.0,51.0,35.0,30.0,53.0,38.0,34.166666666666664,50.0,41.0,26.0,21.0,41.0,26.0,41.0,58.0,47.0,33.0,29.0,47.0,32.0,56.166666666666664,69.0,87.0,37.0,33.0,61.0,50.0,62.666666666666664,76.0,93.0,44.0,40.0,67.0,56.0,C_p25,16.8397,2.1229594351443315,E1,3.147324477276911,2.5237979298918627,1.6033539789901246,1.3064365754734348,2.5237979298918627,1.6330457193417935,0.0,2.3235430397668893,6.0,1,1,6,,False,False,False,1.8804768889390349,E1,2.820723138655572,1.633050238169015,1.1876729004865565,1.0689056104379009,2.909798606192063,1.6627420606811791,False
high/IMG_6876-_jpg,IMG_6876-_jpg,high/IMG_6876-_jpg,high,train,2.0,2542,1695,False,oof,dev,3.842,5.026,5.79,3.496,2.185,2.731,3.824,E1-E2,False,False,49.88333333333333,32.3,93.7,47.0,36.0,49.0,41.3,59.88333333333333,43.3,101.7,59.0,44.0,57.0,54.3,55.6,50.3,98.0,48.0,36.0,49.0,52.3,65.55,59.3,109.0,60.0,44.0,58.0,63.0,63.25,76.25,99.0,50.0,38.25,53.0,63.0,72.91666666666667,85.0,109.0,63.0,47.0,61.5,72.0,70.58333333333333,80.0,103.0,56.5,47.0,66.0,71.0,80.16666666666667,88.0,113.0,69.0,56.0,75.0,80.0,37.666666666666664,6.0,88.0,47.0,35.0,48.0,2.0,50.333333333333336,22.0,96.0,59.0,43.0,57.0,25.0,106.16666666666667,111.0,131.0,107.0,95.0,105.0,88.0,115.33333333333333,118.0,139.0,119.0,106.0,114.0,96.0,45.90833333333333,27.4,79.75,48.0,36.0,49.0,35.300000000000004,55.916666666666664,39.2,87.0,60.0,44.0,57.0,48.300000000000004,49.93333333333334,39.2,80.0,49.0,36.0,49.0,46.400000000000006,59.6,49.2,87.0,61.0,44.0,58.0,58.400000000000006,58.916666666666664,64.0,81.0,55.0,39.0,54.0,60.5,68.08333333333333,72.0,88.0,68.0,47.0,63.0,70.5,72.41666666666667,79.0,91.5,78.5,48.5,64.0,73.0,81.5,87.0,99.5,91.5,57.0,73.0,81.0,36.166666666666664,6.0,79.0,47.0,35.0,48.0,2.0,48.666666666666664,22.0,86.0,59.0,43.0,57.0,25.0,111.16666666666667,110.0,130.0,131.0,104.0,105.0,87.0,119.33333333333333,117.0,138.0,139.0,113.0,114.0,95.0,63.333333333333336,79.0,98.0,47.0,36.0,48.0,72.0,72.41666666666667,86.0,109.0,59.0,43.5,57.0,80.0,63.666666666666664,80.0,98.0,47.0,36.0,49.0,72.0,72.66666666666667,87.0,109.0,59.0,44.0,57.0,80.0,64.16666666666667,80.0,99.0,48.0,36.0,49.0,73.0,73.16666666666667,87.0,109.0,60.0,44.0,58.0,81.0,65.0,82.0,99.0,49.0,37.0,50.0,73.0,74.16666666666667,89.0,110.0,61.0,45.0,59.0,81.0,63.166666666666664,79.0,98.0,47.0,35.0,48.0,72.0,72.33333333333333,86.0,109.0,59.0,43.0,57.0,80.0,74.83333333333333,111.0,103.0,52.0,40.0,61.0,82.0,84.33333333333333,118.0,115.0,65.0,48.0,70.0,90.0,C_p25,16.8397,3.8104400117975183,E1-E2,4.750678456267035,5.878964589630456,2.850407073760221,2.1378053053201658,2.909790554463559,4.3349940913436695,0.0,3.7127771940696186,9.0,1,1,6,frame_uncertain,False,False,False,3.6322895696875035,E1-E2,4.156855151702947,5.760213567359799,2.8504149611677354,2.019043930827146,2.8504149611677354,4.156855151702947,False
high/IMG_6896_jpg,IMG_6896_jpg,high/IMG_6896_jpg,high,train,0.0,2698,1799,True,oof,dev,4.164666666666666,4.274,5.042,2.192,3.178,6.247,4.055,E2-E3,False,False,54.93333333333333,43.2,73.1,42.0,50.1,61.0,60.2,66.23333333333333,64.1,80.1,49.0,60.0,72.0,72.2,61.70000000000001,58.400000000000006,81.2,42.0,51.0,65.2,72.4,72.2,75.2,88.4,50.0,60.0,77.2,82.4,75.0,88.5,86.0,44.0,53.0,90.0,88.5,83.83333333333333,98.0,95.0,52.0,62.0,100.5,95.5,89.66666666666667,95.0,95.0,51.0,61.0,124.0,112.0,98.0,105.0,104.0,59.0,69.0,132.0,119.0,40.833333333333336,15.0,64.0,41.0,50.0,57.0,18.0,56.833333333333336,48.0,72.0,49.0,59.0,67.0,46.0,150.83333333333334,138.0,147.0,151.0,151.0,170.0,148.0,159.16666666666666,146.0,156.0,159.0,160.0,179.0,155.0,63.40833333333333,39.25,85.0,42.0,51.0,112.0,51.2,74.98333333333333,61.5,94.0,49.0,60.0,119.0,66.4,68.39999999999999,53.0,86.0,43.0,51.0,113.0,64.4,78.43333333333334,70.0,94.0,50.0,61.0,120.0,75.6,79.0,88.0,89.0,46.0,54.0,117.0,80.0,87.29166666666667,97.75,97.0,54.0,64.0,123.0,88.0,92.16666666666667,91.5,103.5,62.5,73.5,129.0,93.0,101.0,102.0,112.0,70.0,84.0,137.0,101.0,53.5,15.0,85.0,41.0,50.0,112.0,18.0,69.16666666666667,48.0,94.0,49.0,59.0,119.0,46.0,153.66666666666666,138.0,147.0,151.0,168.0,170.0,148.0,162.0,146.0,156.0,160.0,176.0,179.0,155.0,54.93333333333333,43.2,73.1,42.0,50.1,61.0,60.2,66.23333333333333,64.1,80.1,49.0,60.0,72.0,72.2,61.70000000000001,58.400000000000006,81.2,42.0,51.0,65.2,72.4,72.2,75.2,88.4,50.0,60.0,77.2,82.4,75.0,88.5,86.0,44.0,53.0,90.0,88.5,83.83333333333333,98.0,95.0,52.0,62.0,100.5,95.5,89.66666666666667,95.0,95.0,51.0,61.0,124.0,112.0,98.0,105.0,104.0,59.0,69.0,132.0,119.0,40.833333333333336,15.0,64.0,41.0,50.0,57.0,18.0,56.833333333333336,48.0,72.0,49.0,59.0,67.0,46.0,150.83333333333334,138.0,147.0,151.0,151.0,170.0,148.0,159.16666666666666,146.0,156.0,159.0,160.0,179.0,155.0,C_p25,16.8397,4.4537610527503455,E2-E3,5.255438042245408,5.106979340487063,2.6128731509468697,3.147324477276911,5.344513263300415,5.255438042245408,0.0,4.4025026016635795,8.0,1,1,0,zenith_detection_failed,True,False,False,4.364685831695339,E2-E3,4.78038342445839,4.899150714507045,2.672264026094752,2.791031316143408,6.235282727554422,4.810075246970554,True
high/IMG_3117_jpg,IMG_3117_jpg,high/IMG_3117_jpg,high,test,0.0,2699,1799,True,oof,dev,1.4275,2.652,1.696,0.0,0.0,1.217,3.0,E1,True,False,23.46666666666667,27.200000000000003,36.0,0.0,9.0,42.0,26.6,27.433333333333334,36.2,39.0,0.0,13.0,44.0,32.400000000000006,29.000000000000004,42.800000000000004,36.0,0.0,9.400000000000002,42.0,43.800000000000004,33.00000000000001,50.800000000000004,40.0,0.0,13.400000000000002,45.0,48.800000000000004,41.0,62.0,42.0,0.0,13.0,48.0,81.0,44.541666666666664,68.0,45.25,0.0,17.0,51.0,86.0,52.083333333333336,73.0,47.0,6.0,23.0,68.5,95.0,56.333333333333336,77.0,50.5,12.0,27.0,71.5,100.0,14.333333333333334,1.0,35.0,0.0,8.0,40.0,2.0,20.166666666666668,13.0,39.0,0.0,12.0,43.0,14.0,97.66666666666667,94.0,82.0,88.0,82.0,119.0,121.0,101.0,98.0,85.0,91.0,84.0,122.0,126.0,22.275000000000002,24.6,36.0,0.0,9.0,42.0,22.05,26.383333333333336,33.6,39.0,0.0,13.0,44.0,28.700000000000003,27.8,40.400000000000006,37.0,0.0,10.0,42.0,37.400000000000006,31.483333333333334,48.400000000000006,40.1,0.0,14.0,45.0,41.400000000000006,40.041666666666664,61.0,43.0,0.0,13.75,48.75,73.75,43.083333333333336,66.0,46.0,0.0,17.0,51.75,77.75,55.583333333333336,72.0,50.0,9.0,25.5,84.0,93.0,59.583333333333336,77.0,53.0,14.0,28.5,87.5,97.5,14.333333333333334,1.0,35.0,0.0,8.0,40.0,2.0,20.166666666666668,13.0,39.0,0.0,12.0,43.0,14.0,106.0,94.0,94.0,88.0,119.0,121.0,120.0,110.0,98.0,98.0,91.0,122.0,126.0,125.0,36.666666666666664,36.0,42.0,0.0,8.0,41.0,93.0,39.5,39.0,45.0,0.0,12.0,44.0,97.0,36.833333333333336,36.0,42.0,0.0,9.0,41.0,93.0,39.56666666666667,39.0,45.0,0.0,12.4,44.0,97.0,37.25,36.0,42.5,0.0,9.0,42.0,94.0,40.166666666666664,39.0,46.0,0.0,13.0,45.0,98.0,38.833333333333336,39.0,44.0,0.0,10.0,44.0,96.0,41.5,42.0,47.0,0.0,14.0,46.0,100.0,36.0,35.0,41.0,0.0,8.0,40.0,92.0,39.333333333333336,39.0,45.0,0.0,12.0,43.0,97.0,51.833333333333336,76.0,54.0,0.0,15.0,60.0,106.0,55.0,80.0,57.0,0.0,18.0,64.0,111.0,C_p25,16.8397,2.2120346561993385,E1,2.1378053053201658,2.5237979298918627,0.0,0.5344513263300414,2.4941061895401937,5.582047186113766,0.0,2.4067014222427567,4.0,2,1,6,"gingiva_multi_component,region_zero",False,False,False,2.207086032807393,E1,2.256578510924457,2.5534967360460965,0.1187672900486556,0.3563018701459669,2.1378112208758018,5.819597212384126,False
high/IMG_2550_jpeg,IMG_2550_jpeg,high/IMG_2550_jpeg,high,test,2.0,2698,1799,True,oof,dev,6.941833333333332,6.725,8.731,6.508,5.966,7.376,6.345,E3,False,False,43.791666666666664,18.95,64.95,55.95,48.0,63.95,10.95,51.46666666666667,26.95,74.9,63.0,54.0,70.0,19.95,48.56666666666666,32.7,70.8,56.0,48.0,64.9,19.0,56.1,40.7,79.9,64.0,55.0,71.0,26.0,54.791666666666664,39.0,78.0,58.0,49.0,67.0,37.75,61.791666666666664,45.75,86.0,66.0,55.0,74.0,44.0,62.916666666666664,47.0,87.0,67.5,54.0,77.0,45.0,69.75,53.0,95.0,75.5,60.0,85.0,50.0,35.833333333333336,1.0,61.0,55.0,48.0,48.0,2.0,46.333333333333336,18.0,70.0,63.0,54.0,58.0,15.0,115.33333333333333,105.0,131.0,129.0,129.0,108.0,90.0,122.66666666666667,111.0,140.0,137.0,136.0,116.0,96.0,45.708333333333336,18.3,77.0,56.0,48.0,64.0,10.95,53.25833333333333,26.3,85.0,63.35,54.75,70.2,19.95,49.199999999999996,29.200000000000003,78.0,56.0,48.0,65.0,19.0,56.53333333333333,37.2,86.0,64.0,55.0,71.0,26.0,55.291666666666664,38.0,80.0,60.0,49.0,67.0,37.75,62.333333333333336,45.0,88.0,68.0,56.0,73.0,44.0,64.83333333333333,46.0,90.5,72.0,60.5,75.0,45.0,72.0,53.0,98.5,80.5,68.0,82.0,50.0,41.0,1.0,76.0,55.0,48.0,64.0,2.0,50.666666666666664,18.0,84.0,63.0,54.0,70.0,15.0,115.5,104.0,131.0,131.0,129.0,108.0,90.0,123.0,110.0,140.0,140.0,136.0,116.0,96.0,52.949999999999996,36.0,76.7,55.0,48.0,64.0,38.0,59.833333333333336,43.0,84.0,63.0,54.0,70.0,45.0,53.23333333333333,36.4,77.0,55.0,48.0,64.0,39.0,60.06666666666666,43.0,85.0,63.0,54.0,70.4,45.0,54.166666666666664,38.0,78.0,56.0,48.0,65.0,40.0,61.333333333333336,45.0,86.0,64.0,55.0,72.0,46.0,57.0,45.0,81.0,57.0,49.0,67.0,43.0,63.666666666666664,51.0,88.0,65.0,55.0,74.0,49.0,52.5,35.0,76.0,55.0,48.0,64.0,37.0,59.5,42.0,84.0,63.0,54.0,70.0,44.0,69.16666666666667,60.0,96.0,63.0,53.0,90.0,53.0,75.83333333333333,66.0,103.0,72.0,59.0,96.0,59.0,C_p25,16.8397,3.2166052047641385,E1-E2,2.2565722667268417,4.6319114948603595,3.3254749193869246,2.850407073760221,3.8599262457169665,2.3753392281335177,0.0,3.2162727339931148,7.0,1,1,6,,False,False,False,3.271040062075532,E1-E2,2.197194865900129,4.453773376824587,4.038087861654292,2.73164767111908,3.652094168996161,2.5534967360460965,False
high/IMG_6806_jpg,IMG_6806_jpg,high/IMG_6806_jpg,high,train,3.0,2698,1799,True,oof,dev,3.1515000000000004,2.636,3.545,3.091,3.455,3.364,2.818,E1-E2,False,False,50.775,29.5,65.0,60.0,58.75,66.0,25.400000000000002,56.725,38.75,71.0,65.0,63.0,71.0,31.6,54.51666666666667,39.5,65.0,60.0,59.0,66.0,37.6,60.51666666666667,47.5,72.0,65.0,64.0,72.0,42.6,63.0,58.0,67.0,61.0,60.0,72.0,60.0,68.16666666666667,64.0,73.0,66.0,65.0,77.0,64.0,71.41666666666667,64.0,79.0,66.0,65.0,86.5,68.0,76.91666666666667,70.0,85.0,71.0,70.0,92.5,73.0,41.666666666666664,1.0,64.0,60.0,58.0,64.0,3.0,50.333333333333336,20.0,71.0,65.0,63.0,70.0,13.0,97.5,83.0,106.0,98.0,98.0,106.0,94.0,103.16666666666667,88.0,112.0,105.0,103.0,112.0,99.0,51.300000000000004,31.7,64.0,60.0,59.0,66.0,27.1,57.300000000000004,40.7,71.0,65.0,63.0,71.0,33.1,55.63333333333333,43.7,65.0,60.0,59.0,66.0,40.1,61.46666666666667,51.7,72.0,65.0,64.0,71.0,45.1,63.125,59.0,66.0,61.0,60.75,68.0,64.0,68.54166666666667,65.0,72.0,66.0,66.0,74.0,68.25,70.66666666666667,67.0,73.0,67.0,67.0,78.0,72.0,76.0,73.0,80.0,72.0,72.0,83.0,76.0,41.666666666666664,1.0,64.0,60.0,58.0,64.0,3.0,50.333333333333336,20.0,71.0,65.0,63.0,70.0,13.0,104.33333333333333,105.0,106.0,102.0,102.0,105.0,106.0,110.5,111.0,112.0,109.0,108.0,111.0,112.0,61.5,58.0,64.0,60.0,58.0,65.0,64.0,67.0,64.0,71.0,65.0,63.0,70.0,69.0,61.833333333333336,58.0,64.0,60.0,58.0,66.0,65.0,67.33333333333333,64.0,71.0,65.0,63.0,71.0,70.0,62.5,59.0,65.0,60.0,59.0,66.0,66.0,68.16666666666667,65.0,72.0,65.0,64.0,72.0,71.0,63.666666666666664,61.0,66.0,60.0,59.0,68.0,68.0,69.33333333333333,67.0,72.0,65.0,64.0,74.0,74.0,61.166666666666664,57.0,64.0,60.0,58.0,64.0,64.0,66.83333333333333,63.0,71.0,65.0,63.0,70.0,69.0,75.16666666666667,83.0,72.0,63.0,63.0,79.0,91.0,80.66666666666667,88.0,79.0,68.0,68.0,85.0,96.0,C_p25,16.8397,3.7114675439586216,E1-E2,3.5036253614969386,3.8599262457169665,3.5630088422002766,3.5036253614969386,3.919309726420304,3.919309726420304,0.0,3.6981021853974068,6.0,1,1,6,,False,False,False,3.8797207392847453,E1-E2,3.622402346483997,4.038087861654292,3.622402346483997,3.919320571605637,4.038087861654292,4.038087861654292,False
high/IMG_6946_jpg,IMG_6946_jpg,high/IMG_6946_jpg,high,test,0.0,2699,1799,True,oof,dev,1.6333333333333335,0.8,1.4,0.7,1.9,2.7,2.3,E1,False,False,27.34166666666667,19.0,22.0,16.0,33.0,44.8,29.25,34.675000000000004,26.0,28.0,22.0,40.0,51.8,40.25,31.349999999999998,22.5,26.0,16.5,33.5,50.6,39.0,38.03333333333333,29.0,31.6,22.5,41.0,57.6,46.5,37.125,38.0,30.0,19.0,37.0,56.0,42.75,44.333333333333336,44.5,36.0,26.0,44.75,64.0,50.75,49.333333333333336,56.5,40.0,32.0,48.0,64.0,55.5,56.083333333333336,61.5,47.0,37.5,55.5,72.0,63.0,19.0,5.0,19.0,16.0,32.0,41.0,1.0,28.333333333333332,20.0,25.0,22.0,39.0,48.0,16.0,95.66666666666667,91.0,93.0,97.0,106.0,106.0,81.0,102.33333333333333,95.0,98.0,104.0,113.0,115.0,89.0,26.2,21.200000000000003,20.0,28.0,16.0,33.0,39.0,33.35,32.1,26.0,34.0,22.0,40.0,46.0,28.48333333333333,31.400000000000002,20.0,28.0,17.0,33.8,40.7,35.4,39.400000000000006,26.0,35.0,23.0,41.0,48.0,35.666666666666664,51.5,24.0,31.0,20.0,37.5,50.0,42.166666666666664,57.0,30.0,37.0,26.0,45.0,58.0,46.75,58.0,39.0,40.5,35.0,49.0,59.0,53.0,63.0,44.0,47.0,41.0,56.0,67.0,16.666666666666668,5.0,19.0,27.0,16.0,32.0,1.0,25.833333333333332,20.0,25.0,33.0,22.0,39.0,16.0,98.66666666666667,91.0,92.0,93.0,105.0,106.0,105.0,105.16666666666667,95.0,97.0,98.0,112.0,115.0,114.0,31.166666666666668,19.0,27.0,16.0,32.0,54.0,39.0,38.0,25.0,34.0,22.0,39.0,62.0,46.0,31.666666666666668,20.0,28.0,16.0,33.0,54.0,39.0,38.5,26.0,34.0,22.0,40.0,62.0,47.0,32.333333333333336,21.0,29.0,16.0,33.0,55.0,40.0,39.333333333333336,27.0,35.0,22.0,41.0,63.0,48.0,34.0,24.0,31.0,17.0,34.0,56.0,42.0,41.333333333333336,30.0,37.0,24.0,42.0,65.0,50.0,30.833333333333332,19.0,27.0,16.0,32.0,53.0,38.0,37.833333333333336,25.0,33.0,22.0,39.0,62.0,46.0,46.666666666666664,48.0,43.0,25.0,42.0,70.0,52.0,53.833333333333336,54.0,50.0,31.0,50.0,78.0,60.0,C_p25,16.8397,1.9200658760745937,E1,1.2470530947700968,1.7221209403968003,0.9501356912534071,1.959654863210152,3.266091438683587,2.3753392281335177,0.0,2.179238787823472,7.0,1,1,6,,False,False,False,1.727069563788745,E1,1.306440190535212,1.8408929957541624,1.1876729004865565,1.6627420606811791,2.286270333436621,2.0784275758514736,False
high/IMG_2749-_jpg,IMG_2749-_jpg,high/IMG_2749-_jpg,high,train,2.0,2693,1795,False,oof,dev,1.860833333333333,1.939,2.031,1.801,2.078,1.1,2.216,E1,False,False,29.933333333333334,15.0,38.0,42.0,39.0,20.0,25.6,36.05833333333333,22.0,46.0,47.0,45.0,25.75,30.6,33.516666666666666,19.5,39.0,42.0,39.0,21.0,40.6,40.35,30.5,48.0,48.0,45.0,27.0,43.6,38.458333333333336,34.0,44.0,44.0,39.0,25.75,44.0,46.125,44.0,52.0,50.0,46.0,31.75,53.0,47.75,40.0,56.0,50.0,44.0,45.5,51.0,55.416666666666664,49.0,64.0,58.0,50.5,52.0,59.0,23.5,2.0,37.0,41.0,38.0,19.0,4.0,31.333333333333332,14.0,45.0,47.0,44.0,25.0,13.0,79.66666666666667,72.0,93.0,89.0,80.0,82.0,62.0,87.0,80.0,101.0,95.0,86.0,89.0,71.0,30.066666666666666,14.95,37.85,42.0,39.0,20.0,26.6,36.1,22.0,46.0,47.0,45.0,25.0,31.6,33.0,17.8,38.0,42.0,39.0,20.0,41.2,40.15,29.700000000000003,47.0,48.0,45.0,26.0,45.2,37.666666666666664,32.75,41.25,44.0,40.0,24.0,44.0,45.5,42.75,50.25,51.0,46.0,30.0,53.0,46.75,39.0,54.5,51.0,46.0,39.0,51.0,54.666666666666664,49.0,63.0,58.0,53.0,46.0,59.0,23.5,2.0,37.0,41.0,38.0,19.0,4.0,31.333333333333332,14.0,45.0,47.0,44.0,25.0,13.0,84.5,70.0,92.0,93.0,89.0,81.0,82.0,92.0,79.0,100.0,101.0,95.0,88.0,89.0,35.666666666666664,37.0,37.0,41.0,38.0,19.0,42.0,43.5,46.0,46.0,47.0,44.0,25.0,53.0,36.233333333333334,38.0,37.0,42.0,38.0,19.4,43.0,43.666666666666664,46.0,46.0,47.0,45.0,25.0,53.0,36.833333333333336,39.0,38.0,42.0,39.0,20.0,43.0,44.5,48.0,47.0,48.0,45.0,26.0,53.0,38.333333333333336,41.0,41.0,42.0,39.0,22.0,45.0,46.0,50.0,49.0,48.0,46.0,28.0,55.0,35.666666666666664,37.0,37.0,41.0,38.0,19.0,42.0,43.0,45.0,45.0,47.0,44.0,25.0,52.0,47.666666666666664,50.0,56.0,45.0,44.0,32.0,59.0,55.166666666666664,58.0,64.0,52.0,50.0,38.0,69.0,C_p25,16.8397,2.1872915392396144,E1,2.3159557474301797,2.2565722667268417,2.4941061895401937,2.3159557474301797,1.1876696140667589,2.5534896702435317,0.0,2.2575055007419356,7.0,1,2,6,frame_uncertain,False,False,False,2.4941061895401937,E1,2.8504149611677354,2.9691822512163912,2.9691822512163912,2.1378112208758018,1.5439747706325233,2.4941130910217684,False
high/IMG_2616_jpg,IMG_2616_jpg,high/IMG_2616_jpg,high,train,2.0,2699,1799,True,oof,dev,4.4515,5.458,6.042,3.125,2.834,4.25,5.0,E2-E3,False,False,68.83333333333333,40.0,122.0,62.0,60.0,90.0,39.0,81.16666666666667,52.0,137.0,76.0,72.0,102.0,48.0,75.16666666666667,57.0,123.0,62.0,61.0,92.0,56.0,87.0,67.0,138.0,77.0,73.0,104.0,63.0,89.0,92.0,127.0,66.0,64.0,100.0,85.0,100.66666666666667,101.0,142.0,80.0,76.0,113.0,92.0,112.0,121.0,144.0,76.0,77.0,134.0,120.0,122.91666666666667,131.0,158.0,89.0,88.5,144.0,127.0,54.333333333333336,1.0,104.0,61.0,59.0,89.0,12.0,68.66666666666667,25.0,117.0,75.0,71.0,100.0,24.0,163.66666666666666,158.0,177.0,155.0,157.0,175.0,160.0,174.33333333333334,168.0,192.0,166.0,171.0,183.0,166.0,70.375,43.35,122.0,62.0,60.0,90.0,44.9,82.35833333333333,54.35,137.9,76.0,72.0,101.0,52.9,77.21666666666667,63.10000000000001,123.0,62.400000000000006,61.0,91.0,62.8,88.98333333333333,73.10000000000001,138.0,77.0,73.0,103.0,69.8,91.20833333333333,96.75,126.0,66.0,65.0,94.0,99.5,102.54166666666667,105.75,141.0,81.0,77.0,105.0,105.5,110.16666666666667,123.0,138.0,81.0,81.0,115.0,123.0,121.58333333333333,132.5,152.0,94.0,93.0,127.0,131.0,57.166666666666664,1.0,121.0,61.0,59.0,89.0,12.0,72.0,25.0,137.0,75.0,71.0,100.0,24.0,173.5,174.0,177.0,177.0,163.0,175.0,175.0,185.33333333333334,186.0,191.0,192.0,177.0,183.0,183.0,95.5,121.0,122.0,61.0,59.0,90.0,120.0,107.16666666666667,131.0,137.0,76.0,71.0,101.0,127.0,95.73333333333333,121.4,122.0,61.0,60.0,90.0,120.0,107.46666666666665,131.0,137.4,76.0,72.0,101.0,127.4,96.58333333333333,122.0,123.5,62.0,60.0,91.0,121.0,108.25,132.0,138.0,76.0,72.0,103.0,128.5,98.5,125.0,125.0,63.0,62.0,93.0,123.0,110.33333333333333,135.0,140.0,78.0,74.0,105.0,130.0,95.0,121.0,121.0,61.0,59.0,89.0,119.0,106.83333333333333,131.0,137.0,75.0,71.0,100.0,127.0,117.16666666666667,158.0,139.0,68.0,66.0,123.0,149.0,128.5,168.0,152.0,83.0,80.0,133.0,155.0,C_p25,16.8397,5.735454511264056,E2-E3,7.244784645807229,7.333859866862236,3.6817758036069526,3.5630088422002766,5.403896744003752,7.185401165103891,0.0,5.224303087307447,11.0,1,1,6,,False,False,False,5.898759083198234,E2-E3,7.36357198301665,8.49186123847888,3.8005532815569807,3.26610047633803,5.700829922335471,6.769735532773372,False
high/gummy21_JPG,gummy21_JPG,high/gummy21_JPG,high,train,0.0,2698,1799,True,oof,dev,1.3525,0.0,2.328,1.463,1.929,2.395,0.0,E1,True,False,23.866666666666664,0.0,41.0,24.0,31.0,31.0,16.200000000000003,26.53333333333333,0.0,43.0,27.0,34.0,34.0,21.200000000000003,25.566666666666666,0.0,41.0,24.0,32.0,31.0,25.400000000000002,28.400000000000002,0.0,44.0,28.0,35.0,35.0,28.400000000000002,27.833333333333332,0.0,42.0,25.0,35.0,35.0,30.0,30.333333333333332,0.0,45.0,29.0,38.0,38.0,32.0,36.333333333333336,15.0,47.0,29.0,45.0,49.0,33.0,39.583333333333336,20.0,50.0,32.0,48.5,52.0,35.0,21.0,0.0,41.0,24.0,30.0,30.0,1.0,24.833333333333332,0.0,43.0,27.0,34.0,34.0,11.0,67.66666666666667,59.0,78.0,69.0,79.0,73.0,48.0,71.16666666666667,62.0,82.0,73.0,82.0,77.0,51.0,22.05,0.0,41.0,24.0,31.0,30.0,6.300000000000001,25.108333333333334,0.0,43.0,28.0,34.0,32.0,13.65,22.933333333333334,0.0,41.0,25.0,31.0,30.0,10.600000000000001,25.666666666666668,0.0,43.4,28.0,34.0,32.0,16.6,25.625,0.0,42.0,26.5,33.0,31.0,21.25,28.375,0.0,45.0,30.0,36.0,34.0,25.25,33.916666666666664,13.0,46.0,34.0,39.0,39.0,32.5,36.916666666666664,18.0,49.0,37.0,42.0,41.0,34.5,20.833333333333332,0.0,41.0,24.0,30.0,29.0,1.0,24.5,0.0,43.0,27.0,34.0,32.0,11.0,68.66666666666667,58.0,78.0,79.0,78.0,73.0,46.0,72.0,61.0,81.0,82.0,82.0,77.0,49.0,23.866666666666664,0.0,41.0,24.0,31.0,31.0,16.200000000000003,26.53333333333333,0.0,43.0,27.0,34.0,34.0,21.200000000000003,25.566666666666666,0.0,41.0,24.0,32.0,31.0,25.400000000000002,28.400000000000002,0.0,44.0,28.0,35.0,35.0,28.400000000000002,27.833333333333332,0.0,42.0,25.0,35.0,35.0,30.0,30.333333333333332,0.0,45.0,29.0,38.0,38.0,32.0,36.333333333333336,15.0,47.0,29.0,45.0,49.0,33.0,39.583333333333336,20.0,50.0,32.0,48.5,52.0,35.0,21.0,0.0,41.0,24.0,30.0,30.0,1.0,24.833333333333332,0.0,43.0,27.0,34.0,34.0,11.0,67.66666666666667,59.0,78.0,69.0,79.0,73.0,48.0,71.16666666666667,62.0,82.0,73.0,82.0,77.0,51.0,C_p25,16.8397,1.6528402129095727,E1,0.0,2.4941061895401937,1.4845870175834486,2.0784218246168282,2.0784218246168282,1.7815044211001383,0.0,1.6338176321729283,3.0,2,1,0,"gingiva_multi_component,region_zero,zenith_detection_failed",True,False,False,1.9126429409866763,E1,2.197194865900129,1.7815093507298347,1.36582383555954,1.8408929957541624,2.612880381070424,1.677587971937261,True
high/IMG_3172_jpg,IMG_3172_jpg,high/IMG_3172_jpg,high,train,1.0,2698,1799,True,oof,holdout,2.1811666666666665,1.304,3.261,2.174,1.696,2.391,2.261,E1,False,False,35.983333333333334,24.0,28.0,46.0,28.0,46.0,43.900000000000006,46.333333333333336,33.0,36.0,57.0,39.0,58.0,55.0,37.550000000000004,25.7,30.6,46.0,29.0,47.0,47.0,47.76666666666667,34.0,39.6,57.0,40.0,59.0,57.0,47.458333333333336,36.75,60.5,47.0,34.0,56.0,50.5,57.916666666666664,46.75,69.5,58.5,44.0,67.75,61.0,63.333333333333336,64.0,65.0,55.0,49.0,75.0,72.0,73.83333333333333,74.0,77.0,66.0,58.5,85.5,82.0,26.666666666666668,4.0,25.0,45.0,27.0,45.0,14.0,40.166666666666664,25.0,33.0,56.0,38.0,57.0,32.0,129.0,111.0,143.0,149.0,134.0,129.0,108.0,139.33333333333334,118.0,155.0,162.0,143.0,140.0,118.0,35.63333333333333,21.8,26.0,46.0,28.0,46.0,46.0,46.14166666666667,33.8,34.0,57.0,39.0,57.05,56.0,37.93333333333333,32.6,27.0,46.0,29.0,46.0,47.0,48.300000000000004,42.8,35.0,57.0,40.0,58.0,57.0,46.541666666666664,56.0,39.0,48.0,34.0,50.0,52.25,56.458333333333336,65.0,47.25,59.0,44.0,61.25,62.25,62.583333333333336,66.0,64.0,58.0,50.5,64.0,73.0,73.16666666666667,75.0,76.0,69.0,60.0,76.0,83.0,26.5,4.0,24.0,45.0,27.0,45.0,14.0,40.166666666666664,25.0,33.0,56.0,38.0,57.0,32.0,131.0,108.0,149.0,149.0,134.0,129.0,117.0,141.83333333333334,116.0,162.0,162.0,143.0,140.0,128.0,41.61666666666667,25.0,61.0,45.0,27.0,45.0,46.7,52.166666666666664,33.0,73.0,56.0,38.0,57.0,56.0,41.96666666666667,25.0,61.0,45.4,27.4,46.0,47.0,52.53333333333333,33.0,73.0,57.0,38.4,57.4,56.4,42.833333333333336,26.0,62.0,46.0,28.5,47.0,47.5,53.333333333333336,34.0,74.0,57.0,39.5,58.0,57.5,44.833333333333336,29.0,63.0,46.0,31.0,50.0,50.0,55.0,36.0,75.0,57.0,41.0,62.0,59.0,41.333333333333336,24.0,61.0,45.0,27.0,45.0,46.0,52.0,33.0,73.0,56.0,38.0,57.0,55.0,72.83333333333333,87.0,74.0,49.0,42.0,77.0,108.0,83.0,94.0,85.0,61.0,52.0,88.0,118.0,C_p25,16.8397,2.543592423459642,E1,1.5439704982867866,3.6817758036069526,2.731640112353545,1.6924292000451313,2.791023593056883,2.820715333408552,0.0,2.785805812941565,10.0,1,1,6,,False,False,False,2.3505961111737936,E1,1.4252074805838677,3.3254841213623583,2.0784275758514736,2.1378112208758018,2.345653978460949,2.791031316143408,False
high/IMG_6942_jpg,IMG_6942_jpg,high/IMG_6942_jpg,high,train,4.0,2698,1799,True,oof,dev,4.1033333333333335,3.905,4.524,2.81,3.619,5.952,3.81,E2-E3,False,False,55.474999999999994,31.6,82.0,46.0,60.0,83.6,29.650000000000002,67.55000000000001,45.6,93.0,59.0,72.0,93.6,42.1,60.75,43.2,83.0,46.0,60.0,90.2,42.1,72.08333333333333,55.2,94.0,59.0,72.0,100.2,52.1,72.625,64.0,87.0,48.0,62.0,114.0,60.75,83.58333333333333,75.0,97.75,61.0,74.0,123.0,70.75,86.0,76.0,107.5,58.0,72.0,122.0,80.5,96.5,85.0,118.0,71.0,83.0,131.0,91.0,46.5,13.0,82.0,46.0,59.0,76.0,3.0,60.166666666666664,31.0,92.0,59.0,71.0,86.0,22.0,133.83333333333334,112.0,142.0,123.0,130.0,164.0,132.0,144.0,122.0,151.0,135.0,141.0,173.0,142.0,54.333333333333336,25.0,74.0,82.0,46.0,60.0,39.0,66.08333333333333,40.0,83.0,93.0,59.0,72.0,49.5,57.666666666666664,32.0,74.0,83.0,46.0,60.0,51.0,69.0,46.0,83.0,93.0,59.0,72.0,61.0,65.83333333333333,50.0,76.0,84.5,49.0,63.0,72.5,77.08333333333333,61.0,86.0,95.0,62.0,76.0,82.5,81.5,66.0,90.0,93.0,66.0,78.0,96.0,92.41666666666667,77.0,100.0,104.0,78.0,89.5,106.0,46.0,13.0,73.0,82.0,46.0,59.0,3.0,59.5,31.0,82.0,92.0,59.0,71.0,22.0,141.5,112.0,140.0,142.0,129.0,162.0,164.0,151.33333333333334,122.0,149.0,151.0,141.0,172.0,173.0,75.83333333333333,74.0,82.0,46.0,59.0,114.0,80.0,86.61666666666667,83.0,93.0,59.0,71.0,123.0,90.7,76.06666666666666,74.0,82.0,46.0,59.4,114.0,81.0,86.83333333333333,83.0,93.0,59.0,72.0,123.0,91.0,76.66666666666667,74.0,83.0,46.0,60.0,115.0,82.0,87.58333333333333,84.0,94.0,59.0,72.0,124.0,92.5,78.66666666666667,77.0,85.0,47.0,61.0,117.0,85.0,89.66666666666667,87.0,95.0,60.0,73.0,127.0,96.0,75.66666666666667,73.0,82.0,46.0,59.0,114.0,80.0,86.16666666666667,82.0,92.0,59.0,71.0,123.0,90.0,96.33333333333333,112.0,104.0,51.0,66.0,143.0,102.0,107.5,122.0,115.0,64.0,79.0,152.0,113.0,C_p25,16.8397,4.552733520589243,E2-E3,4.3943775720470075,4.928828898377049,2.731640112353545,3.5630088422002766,6.829100280883863,4.869445417673711,0.0,4.263090019277566,11.0,1,1,6,,False,False,False,4.305302350992001,E2-E3,3.859936926581309,5.166377117116521,2.73164767111908,3.563018701459669,7.304188337992322,3.2067168313137024,False
high/IMG_2522-_jpg,IMG_2522-_jpg,high/IMG_2522-_jpg,high,train,1.0,2698,1799,True,oof,dev,6.7106666666666674,6.625,7.596,5.711,5.654,7.311,7.367,E3,False,False,94.13333333333333,49.300000000000004,128.6,94.0,93.0,112.1,87.8,103.41666666666667,68.75,133.0,100.0,100.0,119.55,99.2,103.23333333333335,76.2,132.0,95.0,93.0,121.0,102.2,111.56666666666668,92.2,137.0,101.0,100.0,128.0,111.2,115.625,124.75,134.0,98.0,96.0,122.0,119.0,122.83333333333333,131.0,141.0,104.0,103.0,130.0,128.0,124.5,134.0,142.0,108.0,106.5,130.5,126.0,131.91666666666666,141.5,148.0,115.0,113.5,138.5,135.0,75.33333333333333,12.0,125.0,94.0,92.0,104.0,25.0,91.0,36.0,130.0,100.0,99.0,112.0,69.0,162.16666666666666,160.0,174.0,161.0,158.0,155.0,165.0,169.0,163.0,180.0,169.0,165.0,164.0,173.0,91.85000000000001,38.80000000000001,126.0,95.0,93.0,119.0,79.3,101.64166666666667,59.00000000000001,131.0,100.45,100.0,128.0,91.4,99.14999999999999,67.2,127.4,96.9,93.0,120.0,90.4,108.18333333333334,84.80000000000001,132.0,102.9,100.0,128.0,101.4,114.08333333333333,116.0,131.0,106.0,96.0,122.0,113.5,121.33333333333333,126.0,136.0,112.0,103.0,130.0,121.0,129.0,134.0,142.0,133.0,106.0,128.0,131.0,135.66666666666666,141.0,147.0,140.0,113.0,136.0,137.0,77.66666666666667,12.0,125.0,94.0,92.0,118.0,25.0,93.5,36.0,130.0,100.0,99.0,127.0,69.0,165.66666666666666,159.0,174.0,174.0,158.0,164.0,165.0,172.0,163.0,180.0,180.0,165.0,171.0,173.0,113.78333333333335,125.7,132.0,94.0,92.0,121.0,118.0,120.78333333333335,130.7,139.0,100.0,99.0,128.0,128.0,114.33333333333333,126.0,133.0,94.0,93.0,121.0,119.0,121.06666666666666,131.0,139.4,100.0,100.0,128.0,128.0,115.0,128.0,134.0,94.0,93.0,122.0,119.0,121.66666666666667,133.0,140.0,100.0,100.0,129.0,128.0,116.5,131.0,135.0,96.0,94.0,122.0,121.0,123.5,136.0,142.0,102.0,101.0,130.0,130.0,113.66666666666667,125.0,132.0,94.0,92.0,121.0,118.0,120.33333333333333,130.0,138.0,100.0,99.0,128.0,127.0,131.33333333333334,155.0,143.0,100.0,98.0,128.0,164.0,138.16666666666666,160.0,150.0,107.0,105.0,136.0,171.0,C_p25,16.8397,6.829100280883863,E3,7.601085530027257,7.957386414247284,5.582047186113766,5.522663705410428,7.244784645807229,7.066634203697215,0.0,6.787191510898018,7.0,1,1,6,,False,False,False,6.9379699955066485,E3,7.185421047943667,7.601106563113961,5.819597212384126,5.552370809774652,7.927716610747765,7.541722918089634,False
high/IMG_3827-_jpg,IMG_3827-_jpg,high/IMG_3827-_jpg,high,train,2.0,2698,1799,True,oof,dev,2.177,1.827,2.101,1.964,2.192,2.923,2.055,E1,False,False,35.675000000000004,23.4,37.25,33.0,35.0,48.0,37.4,43.94166666666666,32.4,45.25,41.0,43.0,55.0,47.0,38.06666666666667,31.4,40.0,33.0,36.0,48.0,40.0,46.166666666666664,40.0,48.0,42.0,44.0,55.0,48.0,42.166666666666664,39.0,45.0,35.0,37.0,52.0,45.0,50.041666666666664,46.0,52.0,44.0,45.0,59.25,54.0,53.583333333333336,42.0,61.5,50.0,42.0,70.0,56.0,61.166666666666664,49.0,69.5,57.0,50.0,77.5,64.0,26.0,3.0,35.0,32.0,34.0,48.0,4.0,36.666666666666664,15.0,44.0,41.0,42.0,55.0,23.0,103.66666666666667,84.0,122.0,120.0,85.0,117.0,94.0,111.5,91.0,130.0,128.0,93.0,125.0,102.0,34.49166666666667,19.400000000000002,38.0,33.0,36.0,48.0,32.550000000000004,43.225,28.8,45.0,42.0,43.0,55.0,45.550000000000004,37.1,27.6,39.0,33.0,36.0,48.0,39.0,45.1,36.6,46.0,42.0,44.0,55.0,47.0,42.0,39.0,42.0,37.0,39.0,51.0,44.0,49.583333333333336,46.0,49.0,45.0,47.0,58.5,52.0,51.75,42.0,54.0,47.0,49.0,65.0,53.5,59.416666666666664,49.0,61.0,54.5,57.0,73.0,62.0,26.333333333333332,3.0,37.0,32.0,34.0,48.0,4.0,36.666666666666664,15.0,44.0,41.0,42.0,55.0,23.0,109.66666666666667,84.0,122.0,121.0,120.0,117.0,94.0,117.33333333333333,90.0,130.0,129.0,128.0,125.0,102.0,37.733333333333334,35.7,37.0,32.7,34.0,48.0,39.0,45.449999999999996,43.7,44.0,41.0,42.0,55.0,47.0,38.63333333333333,38.4,38.0,33.0,35.0,48.0,39.4,46.13333333333333,45.4,45.0,41.0,43.0,55.0,47.4,39.583333333333336,40.0,39.5,33.0,36.0,48.0,41.0,47.166666666666664,47.0,46.0,42.0,44.0,55.0,49.0,41.5,42.0,41.0,34.0,36.0,50.0,46.0,49.0,48.0,48.0,43.0,44.0,57.0,54.0,37.166666666666664,33.0,37.0,32.0,34.0,48.0,39.0,45.0,41.0,44.0,41.0,42.0,55.0,47.0,55.5,53.0,73.0,38.0,40.0,61.0,68.0,63.166666666666664,60.0,80.0,46.0,48.0,69.0,76.0,C_p25,16.8397,2.3505961111737936,E1,2.3753392281335177,2.3456474877818487,1.959654863210152,2.1378053053201658,2.850407073760221,2.4347227088368557,0.0,2.4751847960464124,8.0,1,1,6,,False,False,False,2.7712290994891036,E1,2.4941130910217684,2.761339493631244,2.4941130910217684,2.4941130910217684,3.741169636532653,2.642572203582588,False
high/IMG_2918_jpg,IMG_2918_jpg,high/IMG_2918_jpg,high,train,3.0,2699,1799,True,oof,dev,1.2068333333333332,0.0,1.574,1.22,1.771,2.676,0.0,E1,True,False,31.3,30.8,29.0,31.0,33.0,64.0,0.0,35.333333333333336,39.0,32.0,34.0,38.0,69.0,0.0,32.03333333333333,34.0,29.0,32.2,33.0,64.0,0.0,36.0,40.0,32.0,36.0,38.0,70.0,0.0,34.166666666666664,36.0,30.0,38.0,34.0,67.0,0.0,38.0,42.0,33.0,42.0,39.0,72.0,0.0,46.333333333333336,43.0,37.0,66.0,38.0,75.0,19.0,51.5,49.0,41.0,71.0,43.0,80.0,25.0,26.5,5.0,28.0,30.0,33.0,63.0,0.0,32.166666666666664,24.0,31.0,33.0,37.0,68.0,0.0,105.83333333333333,82.0,102.0,140.0,69.0,127.0,115.0,111.5,88.0,108.0,145.0,74.0,132.0,122.0,26.766666666666666,32.0,29.0,33.0,64.0,0.0,2.6,30.933333333333334,39.0,32.0,38.0,69.0,0.0,7.6,27.3,34.0,29.0,33.0,64.0,0.0,3.8000000000000007,31.350000000000005,40.0,32.0,38.0,69.3,0.0,8.8,30.041666666666668,36.0,30.25,36.25,66.75,0.0,11.0,34.166666666666664,42.0,34.0,41.0,72.0,0.0,16.0,37.75,45.0,38.5,48.5,74.5,2.0,18.0,42.916666666666664,51.5,42.5,52.5,80.0,9.0,22.0,21.833333333333332,5.0,28.0,33.0,63.0,0.0,2.0,27.833333333333332,24.0,31.0,37.0,68.0,0.0,7.0,108.0,102.0,137.0,140.0,127.0,115.0,27.0,113.16666666666667,108.0,142.0,145.0,132.0,121.0,31.0,31.3,30.8,29.0,31.0,33.0,64.0,0.0,35.333333333333336,39.0,32.0,34.0,38.0,69.0,0.0,32.03333333333333,34.0,29.0,32.2,33.0,64.0,0.0,36.0,40.0,32.0,36.0,38.0,70.0,0.0,34.166666666666664,36.0,30.0,38.0,34.0,67.0,0.0,38.0,42.0,33.0,42.0,39.0,72.0,0.0,46.333333333333336,43.0,37.0,66.0,38.0,75.0,19.0,51.5,49.0,41.0,71.0,43.0,80.0,25.0,26.5,5.0,28.0,30.0,33.0,63.0,0.0,32.166666666666664,24.0,31.0,33.0,37.0,68.0,0.0,105.83333333333333,82.0,102.0,140.0,69.0,127.0,115.0,111.5,88.0,108.0,145.0,74.0,132.0,122.0,C_p25,16.8397,2.0289355906973796,E1,2.1378053053201658,1.7815044211001383,2.2565722667268417,2.0190383439134902,3.978693207123642,0.0,0.0,2.0055845185356307,5.0,2,1,0,"gingiva_multi_component,region_zero,zenith_detection_failed",True,False,False,1.7716071743162483,E1,0.3563018701459669,2.375345800973113,1.5439747706325233,1.9596602858028185,3.859936926581309,0.5344528052189504,True
high/IMG_8607_jpg,IMG_8607_jpg,high/IMG_8607_jpg,high,train,0.0,2588,1726,False,oof,dev,5.020833333333333,3.75,6.875,4.875,5.25,6.125,3.25,E2-E3,False,False,61.458333333333336,17.55,86.1,70.0,78.0,96.0,21.1,70.625,28.55,94.1,79.0,89.0,104.0,29.1,67.71666666666667,30.1,96.1,71.0,79.0,98.0,32.1,75.88333333333334,39.1,103.1,80.0,89.0,105.0,39.1,77.08333333333333,57.75,100.0,73.75,81.0,105.0,45.0,85.41666666666667,65.75,108.0,83.0,91.0,112.75,52.0,89.16666666666667,69.0,105.5,83.0,90.5,124.0,63.0,97.08333333333333,76.0,113.0,92.0,100.0,131.5,70.0,53.833333333333336,2.0,78.0,70.0,77.0,95.0,1.0,64.66666666666667,18.0,86.0,79.0,88.0,103.0,14.0,136.16666666666666,99.0,149.0,155.0,142.0,166.0,106.0,144.33333333333334,106.0,158.0,164.0,151.0,174.0,113.0,57.78333333333333,13.5,66.0,70.0,78.0,96.0,23.2,66.85833333333333,25.5,73.05,79.0,89.0,104.0,30.6,61.88333333333333,22.0,68.1,71.0,79.0,97.0,34.2,70.55,32.0,76.0,80.3,89.0,105.0,41.0,72.875,44.5,89.5,74.0,81.0,100.25,48.0,81.20833333333333,52.5,97.5,84.0,91.0,107.25,55.0,88.25,69.5,101.0,85.5,92.0,116.5,65.0,96.41666666666667,77.5,109.0,94.5,101.0,124.5,72.0,51.666666666666664,2.0,65.0,70.0,77.0,95.0,1.0,62.333333333333336,18.0,72.0,79.0,88.0,103.0,14.0,144.66666666666666,97.0,155.0,154.0,166.0,166.0,130.0,152.66666666666666,104.0,164.0,163.0,174.0,174.0,137.0,78.26666666666667,65.0,99.0,70.0,78.0,95.0,62.6,86.43333333333334,72.0,107.0,79.0,88.0,103.0,69.6,78.53333333333333,65.2,99.0,70.0,78.0,96.0,63.0,86.73333333333333,72.2,107.0,79.0,88.2,104.0,70.0,79.66666666666667,67.0,99.0,71.0,79.0,97.0,65.0,87.83333333333333,74.0,107.0,80.0,89.0,105.0,72.0,81.66666666666667,70.0,100.0,72.0,80.0,100.0,68.0,89.5,77.0,108.0,81.0,90.0,107.0,74.0,77.83333333333333,65.0,98.0,70.0,77.0,95.0,62.0,86.16666666666667,72.0,106.0,79.0,88.0,103.0,69.0,94.33333333333333,99.0,105.0,77.0,86.0,118.0,81.0,102.66666666666667,106.0,114.0,86.0,96.0,126.0,88.0,C_p25,16.8397,4.730883962699257,E2-E3,3.978693207123642,5.878964589630456,4.216227129936994,4.6912949755636975,5.76019762822378,3.8599262457169665,0.0,4.524794340598679,8.0,1,1,6,frame_uncertain,False,False,False,4.354788584911449,E2-E3,3.8005532815569807,5.344528052189504,4.216238796727276,4.691307956921898,5.700829922335471,2.375345800973113,False
high/IMG_6773_jpg,IMG_6773_jpg,high/IMG_6773_jpg,high,test,3.0,2698,1799,True,oof,dev,0.6106666666666666,0.733,2.094,0.837,0.0,0.0,0.0,E1,True,False,16.716666666666665,19.3,39.0,24.0,18.0,0.0,0.0,18.333333333333332,25.0,43.0,24.0,18.0,0.0,0.0,18.0,24.0,40.0,25.0,19.0,0.0,0.0,18.883333333333333,26.3,43.0,25.0,19.0,0.0,0.0,22.5,28.0,41.0,25.0,24.0,17.0,0.0,23.666666666666668,31.0,45.0,25.0,24.0,17.0,0.0,29.25,39.5,48.0,28.0,35.0,19.0,6.0,31.0,42.0,51.0,29.0,35.0,19.0,10.0,13.666666666666666,3.0,38.0,24.0,17.0,0.0,0.0,16.5,16.0,42.0,24.0,17.0,0.0,0.0,52.166666666666664,50.0,66.0,68.0,64.0,36.0,29.0,54.0,53.0,68.0,69.0,64.0,37.0,33.0,16.566666666666666,8.6,24.0,39.0,24.0,0.0,3.8000000000000003,20.133333333333333,18.8,26.0,43.0,24.0,0.0,9.0,18.0,13.2,26.0,39.8,25.0,0.0,4.0,21.099999999999998,21.6,28.0,43.0,25.0,0.0,9.0,21.458333333333332,24.0,30.0,41.0,26.0,1.75,6.0,25.333333333333332,30.0,32.0,45.0,26.0,9.0,10.0,32.0,41.0,43.0,47.0,32.0,19.0,10.0,34.5,46.0,46.0,50.0,32.0,20.0,13.0,14.833333333333334,3.0,23.0,38.0,24.0,0.0,1.0,19.166666666666668,16.0,25.0,42.0,24.0,0.0,8.0,56.333333333333336,50.0,60.0,67.0,68.0,64.0,29.0,58.333333333333336,53.0,62.0,69.0,69.0,64.0,33.0,17.833333333333332,24.0,39.0,24.0,17.0,0.0,3.0,19.591666666666665,26.0,42.0,24.0,17.0,0.0,8.55,18.0,24.0,39.0,24.0,17.0,0.0,4.0,19.833333333333332,26.0,43.0,24.0,17.0,0.0,9.0,19.0,26.0,40.0,25.0,17.0,0.0,6.0,20.333333333333332,28.0,43.0,25.0,17.0,0.0,9.0,20.333333333333332,30.0,41.0,25.0,18.0,0.0,8.0,21.75,32.0,45.0,25.0,18.0,0.0,10.5,17.166666666666668,23.0,38.0,24.0,17.0,0.0,1.0,19.333333333333332,25.0,42.0,24.0,17.0,0.0,8.0,26.333333333333332,46.0,48.0,28.0,21.0,0.0,15.0,27.666666666666668,48.0,51.0,28.0,21.0,0.0,18.0,C_p25,16.8397,1.1282861333634209,E1,1.5439704982867866,2.3753392281335177,1.4845870175834486,1.0095191719567451,0.0,0.35630088422002765,0.0,1.320750780499074,2.0,2,1,6,"gingiva_multi_component,region_zero",False,False,False,1.2990136403855175,E1,1.0837515216939828,2.5534967360460965,1.5439747706325233,1.0689056104379009,1.0689056104379009,0.4750691601946226,True
high/IMG_8552_jpg,IMG_8552_jpg,high/IMG_8552_jpg,high,test,2.0,2699,1799,True,oof,dev,1.649166666666667,0.0,0.579,0.947,2.474,3.316,2.579,E1,True,False,29.36666666666667,0.0,15.05,21.0,44.0,60.0,36.150000000000006,35.86666666666667,0.0,22.05,29.0,53.0,67.05,44.1,32.18333333333333,0.0,18.1,21.0,45.0,61.0,48.0,38.333333333333336,0.0,25.0,29.0,53.0,68.0,55.0,37.875,8.0,31.25,23.0,47.0,65.0,53.0,46.041666666666664,19.25,38.0,30.0,56.0,73.0,60.0,58.666666666666664,43.0,66.5,35.5,52.0,86.0,69.0,65.41666666666667,49.0,72.5,42.0,60.0,94.0,75.0,23.166666666666668,0.0,14.0,20.0,44.0,58.0,3.0,30.166666666666668,0.0,21.0,28.0,52.0,66.0,14.0,105.0,73.0,107.0,117.0,110.0,121.0,102.0,112.16666666666667,79.0,114.0,125.0,118.0,129.0,108.0,22.2,12.7,0.0,15.0,21.0,45.0,39.5,29.099999999999998,23.85,0.0,22.0,29.0,53.0,46.75,25.566666666666666,21.4,0.0,17.0,21.0,46.0,48.0,32.233333333333334,30.4,0.0,24.0,29.0,55.0,55.0,32.708333333333336,43.0,0.0,25.0,24.0,50.0,54.25,38.333333333333336,49.0,0.0,31.0,31.0,58.0,61.0,50.25,45.0,26.0,50.0,39.0,64.0,77.5,56.833333333333336,51.5,33.0,56.0,45.5,72.0,83.0,13.833333333333334,2.0,0.0,14.0,20.0,44.0,3.0,22.166666666666668,18.0,0.0,21.0,28.0,52.0,14.0,105.0,73.0,94.0,105.0,117.0,120.0,121.0,112.0,79.0,99.0,112.0,125.0,128.0,129.0,30.833333333333332,0.0,14.0,20.0,44.0,59.0,48.0,37.166666666666664,0.0,21.0,28.0,52.0,67.0,55.0,31.3,0.0,15.0,21.0,44.0,59.4,48.4,37.56666666666667,0.0,22.0,28.4,53.0,67.0,55.0,32.166666666666664,0.0,17.0,21.0,45.0,60.0,50.0,38.416666666666664,0.0,24.0,29.0,53.0,68.0,56.5,34.5,1.0,23.0,21.0,46.0,62.0,54.0,43.0,14.0,30.0,29.0,54.0,70.0,61.0,30.666666666666668,0.0,14.0,20.0,44.0,58.0,48.0,36.833333333333336,0.0,21.0,28.0,52.0,66.0,54.0,55.333333333333336,50.0,45.0,34.0,52.0,72.0,79.0,62.166666666666664,57.0,51.0,41.0,59.0,80.0,85.0,C_p25,16.8397,1.9101686292907036,E1,0.0,1.0095191719567451,1.2470530947700968,2.6722566316502077,3.5630088422002766,2.969174035166897,0.0,2.2232638138401075,7.0,2,1,6,gingiva_multi_component,False,False,False,1.9349117462504282,E1,0.5344528052189504,1.1876729004865565,1.6033584156568512,1.9002766407784903,3.384867766386686,2.998874073728555,False
high/IMG_8587_jpg,IMG_8587_jpg,high/IMG_8587_jpg,high,valid,1.0,2698,1799,True,oof,dev,2.5841666666666665,3.101,3.659,1.985,1.054,2.729,2.977,E1,False,False,32.46666666666666,16.95,58.0,34.0,16.0,43.0,26.85,40.975,29.95,65.0,43.0,22.0,51.0,34.9,37.13333333333333,28.9,58.0,34.0,17.0,43.0,41.9,44.98333333333333,39.9,65.0,43.0,23.0,51.0,48.0,44.125,50.0,63.0,36.0,19.75,50.0,46.0,51.291666666666664,56.0,70.0,45.0,26.0,57.75,53.0,56.833333333333336,56.5,75.5,50.5,32.5,71.5,54.5,63.833333333333336,63.0,82.5,59.0,38.0,78.5,62.0,25.166666666666668,1.0,57.0,33.0,16.0,42.0,2.0,36.0,18.0,64.0,42.0,22.0,50.0,20.0,108.83333333333333,104.0,122.0,98.0,114.0,118.0,97.0,116.0,110.0,129.0,106.0,121.0,126.0,104.0,31.0,12.8,50.0,34.0,16.0,43.0,30.200000000000003,39.43333333333334,26.4,56.0,43.0,22.0,51.0,38.2,34.96666666666667,22.6,50.0,35.0,17.0,43.0,42.2,42.93333333333334,34.6,56.0,44.0,23.0,51.0,49.0,42.333333333333336,42.0,53.0,45.0,21.0,45.0,48.0,49.666666666666664,51.0,59.0,54.0,26.0,53.0,55.0,56.333333333333336,61.0,65.0,64.0,35.0,56.0,57.0,63.166666666666664,68.0,71.0,71.0,41.0,64.0,64.0,24.0,1.0,50.0,33.0,16.0,42.0,2.0,34.666666666666664,18.0,56.0,42.0,22.0,50.0,20.0,116.0,103.0,121.0,122.0,114.0,118.0,118.0,123.33333333333333,110.0,128.0,129.0,121.0,126.0,126.0,40.166666666666664,50.0,57.0,33.0,16.0,43.0,42.0,47.333333333333336,56.0,64.0,43.0,22.0,51.0,48.0,40.5,50.0,57.0,34.0,16.0,43.0,43.0,47.73333333333333,56.0,65.0,43.0,22.0,51.0,49.4,41.0,50.0,58.0,34.0,17.0,43.0,44.0,48.166666666666664,56.0,65.0,43.0,23.0,51.0,51.0,43.0,53.0,60.0,35.0,18.0,45.0,47.0,50.166666666666664,59.0,67.0,44.0,24.0,53.0,54.0,40.0,50.0,57.0,33.0,16.0,42.0,42.0,47.0,56.0,64.0,42.0,22.0,50.0,48.0,66.5,104.0,76.0,41.0,24.0,57.0,97.0,73.33333333333333,110.0,83.0,49.0,29.0,65.0,104.0,C_p25,16.8397,2.4347227088368557,E1,2.969174035166897,3.4442418807936006,2.0190383439134902,1.0095191719567451,2.5534896702435317,2.6128731509468697,0.0,2.590139030645406,7.0,1,1,6,,False,False,False,2.692051125217987,E1,3.26610047633803,2.672264026094752,2.3159621559487853,1.7221257057055068,2.9691822512163912,3.2067168313137024,False
high/IMG_6905_jpg,IMG_6905_jpg,high/IMG_6905_jpg,high,train,2.0,2698,1799,True,oof,dev,0.6805,0.0,0.0,0.419,0.837,1.361,1.466,E1,True,False,12.441666666666668,2.0,0.0,8.0,17.0,26.0,21.650000000000002,16.183333333333334,9.0,0.0,11.0,20.0,30.0,27.1,14.683333333333332,4.0,0.0,8.0,17.0,27.0,32.1,18.03333333333333,9.100000000000001,0.0,11.0,20.0,31.0,37.1,19.0,10.75,0.0,10.0,20.0,33.5,39.75,21.75,14.0,0.0,12.0,23.75,37.0,43.75,34.333333333333336,26.0,22.0,23.0,33.0,54.0,48.0,37.25,29.0,25.0,25.0,35.5,57.0,52.0,8.666666666666666,0.0,0.0,8.0,16.0,25.0,3.0,12.166666666666666,0.0,0.0,11.0,19.0,29.0,14.0,80.66666666666667,53.0,68.0,93.0,99.0,82.0,89.0,83.33333333333333,56.0,69.0,96.0,102.0,85.0,92.0,13.966666666666669,11.600000000000001,0.0,8.0,17.0,26.0,21.200000000000003,17.416666666666668,16.700000000000003,0.0,11.0,20.0,30.0,26.8,17.2,19.6,0.0,8.0,17.0,27.0,31.6,20.366666666666664,24.6,0.0,11.0,20.0,30.0,36.6,21.708333333333332,26.0,2.0,11.0,21.0,31.25,39.0,25.125,29.0,6.5,13.0,24.0,35.25,43.0,34.416666666666664,35.0,14.0,27.0,36.5,46.0,48.0,37.5,38.0,18.0,29.0,39.5,49.5,51.0,8.833333333333334,1.0,0.0,8.0,16.0,25.0,3.0,13.5,8.0,0.0,11.0,19.0,29.0,14.0,82.16666666666667,53.0,67.0,98.0,99.0,87.0,89.0,85.0,56.0,69.0,101.0,102.0,90.0,92.0,15.333333333333334,2.0,0.0,8.0,17.0,26.0,39.0,18.616666666666667,9.0,0.0,11.0,20.0,29.0,42.7,15.333333333333334,2.0,0.0,8.0,17.0,26.0,39.0,18.833333333333332,9.0,0.0,11.0,20.0,30.0,43.0,15.916666666666666,4.0,0.0,8.0,17.0,27.0,39.5,19.0,9.5,0.0,11.0,20.0,30.5,43.0,17.833333333333332,7.0,0.0,9.0,19.0,29.0,43.0,21.0,12.0,0.0,12.0,22.0,33.0,47.0,14.666666666666666,0.0,0.0,8.0,16.0,25.0,39.0,16.833333333333332,0.0,0.0,11.0,19.0,29.0,42.0,36.333333333333336,53.0,10.0,15.0,24.0,48.0,68.0,39.5,56.0,15.0,18.0,26.0,51.0,71.0,C_p25,16.8397,0.9451870678614622,E1,0.23753392281335178,0.0,0.47506784562670357,1.0095191719567451,1.6033539789901246,2.3456474877818487,0.0,1.1153006590881067,3.0,3,1,6,"gingiva_multi_component,region_zero",False,False,False,0.6829100280883863,E1,0.3563018701459669,0.2969182251216391,0.1781509350729834,0.4750691601946226,1.2470565455108842,1.5439747706325233,False
high/IMG_2641_jpg,IMG_2641_jpg,high/IMG_2641_jpg,high,test,2.0,2699,1799,True,oof,dev,3.7716666666666665,3.89,5.741,2.562,2.704,2.609,5.124,E1-E2,False,False,54.48333333333334,54.6,91.7,49.0,59.0,49.0,23.6,65.51666666666667,70.6,103.7,61.0,68.0,58.0,31.8,60.53333333333334,71.6,98.0,50.0,59.0,50.0,34.6,70.55,83.0,109.7,61.0,69.0,58.0,42.6,67.375,75.0,108.25,52.0,61.0,54.0,54.0,77.5,87.0,120.0,63.0,71.0,62.0,62.0,85.66666666666667,95.0,120.0,59.0,72.0,85.0,83.0,96.16666666666667,107.0,131.0,71.0,82.0,94.0,92.0,40.666666666666664,6.0,78.0,49.0,58.0,49.0,4.0,55.166666666666664,35.0,90.0,60.0,68.0,57.0,21.0,151.5,168.0,167.0,139.0,151.0,151.0,133.0,161.16666666666666,180.0,178.0,148.0,160.0,160.0,141.0,55.583333333333336,54.1,100.8,50.0,59.0,49.0,20.6,66.58333333333333,70.1,111.8,61.0,69.0,58.0,29.6,60.38333333333333,71.1,104.0,50.0,59.0,50.0,28.200000000000003,70.64999999999999,83.0,115.0,61.7,69.0,58.0,37.2,68.16666666666667,75.0,111.0,54.0,63.0,52.0,54.0,77.79166666666667,86.0,122.0,65.0,72.0,60.75,61.0,86.41666666666667,93.5,121.0,69.5,79.0,65.5,90.0,96.33333333333333,105.5,132.0,81.0,89.0,73.5,97.0,43.666666666666664,6.0,96.0,49.0,58.0,49.0,4.0,58.0,35.0,107.0,60.0,68.0,57.0,21.0,153.16666666666666,168.0,167.0,149.0,151.0,151.0,133.0,163.16666666666666,180.0,179.0,159.0,160.0,160.0,141.0,54.48333333333334,54.6,91.7,49.0,59.0,49.0,23.6,65.51666666666667,70.6,103.7,61.0,68.0,58.0,31.8,60.53333333333334,71.6,98.0,50.0,59.0,50.0,34.6,70.55,83.0,109.7,61.0,69.0,58.0,42.6,67.375,75.0,108.25,52.0,61.0,54.0,54.0,77.5,87.0,120.0,63.0,71.0,62.0,62.0,85.66666666666667,95.0,120.0,59.0,72.0,85.0,83.0,96.16666666666667,107.0,131.0,71.0,82.0,94.0,92.0,40.666666666666664,6.0,78.0,49.0,58.0,49.0,4.0,55.166666666666664,35.0,90.0,60.0,68.0,57.0,21.0,151.5,168.0,167.0,139.0,151.0,151.0,133.0,161.16666666666666,180.0,178.0,148.0,160.0,160.0,141.0,C_p25,16.8397,4.000962012387394,E2-E3,4.4537610527503455,6.428261786136332,3.087940996573573,3.6223923229036146,3.206707957980249,3.206707957980249,0.0,3.9549148371611156,10.0,1,1,0,zenith_detection_failed,True,False,False,4.295405104208111,E2-E3,4.394389731800259,5.938364502432783,3.028565896240719,3.028565896240719,2.672264026094752,6.710351887749044,False
high/IMG_8611_jpg,IMG_8611_jpg,high/IMG_8611_jpg,high,test,4.0,2699,1799,True,oof,holdout,2.492833333333333,1.6,1.612,2.543,2.295,4.302,2.605,E1,False,False,29.441666666666666,21.8,32.0,41.0,30.0,40.95,10.9,36.29166666666667,30.9,38.0,46.0,36.0,48.95,17.9,34.35,31.8,33.0,41.0,30.8,47.9,21.6,40.25000000000001,37.8,38.0,46.0,37.0,55.9,26.8,42.25,45.5,35.0,42.0,33.0,57.0,41.0,48.083333333333336,51.0,40.0,47.0,40.0,64.0,46.5,51.5,58.0,41.0,50.0,48.0,63.0,49.0,57.083333333333336,64.0,46.0,55.0,53.0,70.5,54.0,23.333333333333332,2.0,31.0,40.0,30.0,36.0,1.0,32.0,18.0,37.0,45.0,36.0,44.0,12.0,89.83333333333333,62.0,65.0,102.0,97.0,102.0,111.0,95.33333333333333,68.0,69.0,108.0,102.0,108.0,117.0,32.59166666666667,26.3,32.0,41.0,30.0,56.0,10.25,39.233333333333334,34.15,38.0,46.0,36.0,64.0,17.25,35.833333333333336,34.0,32.7,41.0,30.8,57.0,19.5,41.46666666666667,38.3,38.0,46.0,37.0,64.0,25.5,41.583333333333336,39.75,36.25,42.0,33.0,58.25,40.25,47.416666666666664,45.0,41.25,47.0,40.0,66.0,45.25,52.083333333333336,55.0,52.5,49.0,42.0,66.0,48.0,57.916666666666664,60.0,57.5,54.0,49.0,74.0,53.0,26.666666666666668,2.0,31.0,40.0,30.0,56.0,1.0,35.166666666666664,18.0,37.0,45.0,36.0,63.0,12.0,97.83333333333333,65.0,101.0,102.0,99.0,109.0,111.0,104.0,69.0,107.0,108.0,107.0,116.0,117.0,42.666666666666664,56.0,32.0,41.0,30.0,56.0,41.0,48.56666666666666,62.0,37.0,45.7,36.0,64.0,46.7,42.833333333333336,56.0,32.0,41.0,30.0,56.0,42.0,48.96666666666667,63.0,37.4,46.0,36.0,64.0,47.4,43.75,58.0,32.5,41.0,30.0,57.0,44.0,49.666666666666664,64.0,38.0,46.0,37.0,64.0,49.0,45.166666666666664,59.0,34.0,42.0,31.0,58.0,47.0,51.166666666666664,65.0,39.0,47.0,38.0,66.0,52.0,42.333333333333336,56.0,31.0,40.0,30.0,56.0,41.0,48.166666666666664,62.0,37.0,45.0,36.0,63.0,46.0,52.666666666666664,61.0,49.0,46.0,36.0,67.0,57.0,58.5,67.0,54.0,50.0,43.0,75.0,62.0,C_p25,16.8397,2.598027280771035,E1,3.4442418807936006,1.9299631228584833,2.4347227088368557,1.7815044211001383,3.3848584000902626,2.6128731509468697,0.0,2.4800764656038163,6.0,1,1,6,,False,False,False,2.3060585006462904,E1,2.5534967360460965,1.8408929957541624,1.9596602858028185,2.197194865900129,3.384867766386686,1.9002766407784903,True
high/IMG_6791_jpg,IMG_6791_jpg,high/IMG_6791_jpg,high,test,2.0,2696,1798,True,oof,dev,2.2581666666666664,2.176,1.879,0.989,1.78,2.868,3.857,E1,False,False,36.21666666666667,33.0,35.0,21.0,38.0,51.0,39.3,42.94166666666666,42.0,41.0,26.0,43.0,57.0,48.65,38.88333333333333,35.0,36.0,21.0,38.0,52.0,51.3,44.98333333333334,42.0,42.0,26.0,43.0,57.3,59.6,44.041666666666664,37.0,38.25,24.0,39.0,55.0,71.0,49.875,44.0,44.0,29.0,44.0,60.25,78.0,52.333333333333336,42.5,50.0,32.0,43.0,70.5,76.0,58.333333333333336,50.0,55.0,37.0,48.0,77.0,83.0,24.166666666666668,3.0,35.0,19.0,37.0,50.0,1.0,35.833333333333336,31.0,41.0,24.0,43.0,56.0,20.0,86.83333333333333,78.0,71.0,93.0,83.0,94.0,102.0,92.5,84.0,76.0,98.0,89.0,100.0,108.0,35.56666666666667,32.0,35.0,21.0,38.0,52.0,35.400000000000006,42.56666666666667,42.0,42.0,26.0,43.0,57.0,45.400000000000006,37.86666666666667,33.0,36.0,22.0,38.0,52.0,46.2,44.85,43.0,42.0,27.0,43.900000000000006,58.0,55.2,44.5,38.0,37.0,30.0,39.0,57.0,66.0,50.75,47.0,43.0,35.0,44.0,62.5,73.0,53.5,45.0,43.0,39.0,45.0,75.0,74.0,60.083333333333336,55.0,49.0,44.0,50.5,82.0,80.0,24.166666666666668,3.0,35.0,19.0,37.0,50.0,1.0,35.833333333333336,31.0,41.0,24.0,43.0,56.0,20.0,90.5,77.0,78.0,93.0,92.0,101.0,102.0,96.0,82.0,84.0,98.0,97.0,107.0,108.0,41.666666666666664,35.0,35.0,20.0,38.0,51.0,71.0,47.4,41.7,41.0,24.7,43.0,56.0,78.0,41.800000000000004,35.4,35.0,20.4,38.0,51.0,71.0,47.5,42.0,41.0,25.0,43.0,56.0,78.0,42.5,36.0,36.0,21.0,38.0,52.0,72.0,48.166666666666664,42.0,42.0,26.0,43.0,57.0,79.0,43.833333333333336,38.0,37.0,22.0,38.0,53.0,75.0,50.0,44.0,43.0,27.0,44.0,59.0,83.0,41.166666666666664,35.0,35.0,19.0,37.0,50.0,71.0,47.166666666666664,41.0,41.0,24.0,43.0,56.0,78.0,56.0,60.0,44.0,37.0,42.0,66.0,87.0,62.0,66.0,50.0,42.0,48.0,72.0,94.0,C_p25,16.8397,2.5237979298918627,E1,2.1378053053201658,2.1378053053201658,1.2470530947700968,2.2565722667268417,3.087940996573573,4.2756106106403315,0.0,2.585247361088002,6.0,1,1,6,,False,False,False,2.6772052550421526,E1,2.256578510924457,1.989352108314982,1.9596602858028185,2.019043930827146,3.2067168313137024,4.631924311897571,False
high/IMG_7322_jpg,IMG_7322_jpg,high/IMG_7322_jpg,high,valid,4.0,2696,1798,True,oof,holdout,1.3955000000000002,2.982,1.988,0.0,0.0,1.104,2.299,E1,True,False,7.383333333333334,25.200000000000003,0.0,0.0,0.0,0.0,19.1,9.200000000000001,31.1,0.0,0.0,0.0,0.0,24.1,14.766666666666667,35.400000000000006,18.200000000000003,0.0,0.0,4.600000000000001,30.400000000000002,18.05,40.400000000000006,22.200000000000003,0.0,0.0,11.3,34.400000000000006,24.5,51.0,33.0,0.0,0.0,20.0,43.0,27.166666666666668,56.0,37.0,0.0,0.0,23.0,47.0,28.5,56.0,41.0,0.0,0.0,25.0,49.0,30.916666666666668,60.0,44.5,0.0,0.0,28.0,53.0,1.0,5.0,0.0,0.0,0.0,0.0,1.0,3.1666666666666665,12.0,0.0,0.0,0.0,0.0,7.0,66.83333333333333,78.0,78.0,49.0,46.0,70.0,80.0,70.66666666666667,82.0,82.0,53.0,50.0,73.0,84.0,21.291666666666668,19.85,51.0,0.0,0.0,42.2,14.7,24.766666666666666,25.9,56.0,0.0,0.0,47.0,19.7,23.53333333333333,26.8,52.0,0.0,0.0,43.0,19.4,26.55,31.9,56.0,0.0,0.0,47.0,24.4,29.541666666666668,42.75,53.0,0.0,0.0,43.0,38.5,32.708333333333336,47.75,58.0,0.0,0.0,48.0,42.5,38.333333333333336,57.5,57.0,1.0,9.5,48.0,57.0,43.166666666666664,62.5,62.0,7.0,14.5,52.0,61.0,16.5,5.0,51.0,0.0,0.0,42.0,1.0,20.0,12.0,55.0,0.0,0.0,46.0,7.0,76.66666666666667,78.0,77.0,78.0,68.0,79.0,80.0,80.5,82.0,81.0,82.0,71.0,83.0,84.0,24.0,51.0,32.0,0.0,0.0,19.0,42.0,26.5,56.0,36.0,0.0,0.0,21.0,46.0,24.400000000000002,51.4,33.0,0.0,0.0,19.0,43.0,26.666666666666668,56.0,36.0,0.0,0.0,21.0,47.0,24.666666666666668,52.0,33.0,0.0,0.0,20.0,43.0,27.0,57.0,36.0,0.0,0.0,22.0,47.0,25.833333333333332,55.0,35.0,0.0,0.0,21.0,44.0,28.333333333333332,59.0,38.0,0.0,0.0,24.0,49.0,24.0,51.0,32.0,0.0,0.0,19.0,42.0,26.333333333333332,55.0,36.0,0.0,0.0,21.0,46.0,33.166666666666664,68.0,43.0,0.0,0.0,33.0,55.0,35.666666666666664,72.0,47.0,0.0,0.0,35.0,60.0,C_p25,16.8397,1.4647925240156694,E1,3.087940996573573,1.959654863210152,0.0,0.0,1.1876696140667589,2.5534896702435317,0.0,1.4381508498767692,4.0,3,1,6,"gingiva_multi_component,region_zero",False,False,False,0.8264201064547864,E1,1.751817528217671,0.4156855151702948,0.1187672900486556,0.2375345800973113,0.2375345800973113,2.197194865900129,False
high/IMG_6900_jpg,IMG_6900_jpg,high/IMG_6900_jpg,high,train,2.0,2698,1799,True,oof,dev,1.204,0.0,2.159,0.498,1.412,2.408,0.747,E1,True,True,17.0,0.0,0.0,13.0,28.0,37.0,24.0,21.166666666666668,0.0,0.0,18.0,34.0,45.0,30.0,18.46666666666667,0.0,0.0,14.0,28.0,42.900000000000006,25.900000000000002,22.483333333333334,0.0,0.0,18.0,34.0,50.900000000000006,32.0,34.458333333333336,36.5,31.25,16.0,31.0,57.0,35.0,40.541666666666664,43.5,35.25,20.0,36.25,64.25,44.0,46.833333333333336,54.0,48.5,23.0,42.5,65.0,48.0,52.416666666666664,58.5,53.0,28.0,47.0,73.0,55.0,13.5,0.0,0.0,13.0,27.0,33.0,8.0,19.166666666666668,0.0,0.0,18.0,33.0,40.0,24.0,91.16666666666667,75.0,72.0,97.0,97.0,114.0,92.0,97.16666666666667,80.0,77.0,103.0,102.0,123.0,98.0,18.76666666666667,21.4,0.0,13.0,28.0,25.0,25.2,25.533333333333335,31.4,0.0,18.0,34.0,30.65,39.15,23.483333333333334,36.8,0.0,14.0,28.0,28.0,34.1,29.150000000000002,43.8,0.0,19.0,34.0,33.0,45.1,34.25,52.0,16.0,16.0,31.0,47.25,43.25,40.625,57.0,22.5,21.0,37.0,53.25,53.0,48.0,55.0,48.0,26.5,44.0,62.0,52.5,53.916666666666664,59.0,53.0,31.0,51.0,69.0,60.5,12.166666666666666,2.0,0.0,13.0,27.0,23.0,8.0,20.166666666666668,17.0,0.0,18.0,33.0,29.0,24.0,97.0,71.0,96.0,97.0,114.0,114.0,90.0,103.66666666666667,76.0,102.0,103.0,123.0,123.0,95.0,27.666666666666668,0.0,45.0,13.0,28.0,56.0,24.0,32.61666666666667,0.0,51.0,18.0,34.0,63.0,29.7,27.900000000000002,0.0,46.0,13.0,28.0,56.0,24.4,32.733333333333334,0.0,51.0,18.0,34.0,63.4,30.0,28.583333333333332,0.0,46.0,13.5,28.0,58.0,26.0,33.416666666666664,0.0,52.0,18.0,34.0,65.0,31.5,30.333333333333332,0.0,48.0,14.0,29.0,60.0,31.0,35.5,0.0,54.0,19.0,35.0,68.0,37.0,27.333333333333332,0.0,45.0,13.0,27.0,56.0,23.0,32.333333333333336,0.0,51.0,18.0,33.0,63.0,29.0,50.833333333333336,31.0,58.0,17.0,33.0,74.0,92.0,56.666666666666664,36.0,64.0,21.0,40.0,81.0,98.0,C_p25,16.8397,1.6973778234370762,E1,0.0,2.731640112353545,0.8016769894950623,1.6627374596934623,3.4442418807936006,1.5439704982867866,0.0,2.0227053619865445,6.0,2,1,6,gingiva_multi_component,False,False,False,1.7320181871806901,E1,0.3859936926581308,2.3159621559487853,0.5938364502432782,1.6033584156568512,3.9490123941178,1.5439747706325233,False
high/IMG_7323_jpg,IMG_7323_jpg,high/IMG_7323_jpg,high,valid,3.0,2698,1799,True,oof,holdout,4.291666666666667,6.75,4.625,1.625,2.125,4.75,5.875,E2-E3,False,False,55.699999999999996,68.75,68.0,34.0,33.0,74.0,56.45,77.5,118.0,81.0,45.0,41.0,84.0,96.0,64.58333333333333,94.9,68.0,34.0,33.0,74.0,83.6,78.33333333333333,119.0,82.0,46.0,41.0,85.0,97.0,69.0,105.0,71.0,36.0,35.0,79.0,88.0,81.25,121.75,85.0,47.0,43.0,89.0,101.75,83.41666666666667,126.5,89.5,44.0,44.0,95.5,101.0,97.58333333333333,147.0,103.0,54.5,54.0,106.5,120.5,39.333333333333336,13.0,67.0,34.0,32.0,72.0,18.0,69.5,85.0,80.0,45.0,40.0,82.0,85.0,131.0,154.0,146.0,121.0,111.0,129.0,125.0,143.5,170.0,161.0,131.0,120.0,139.0,140.0,54.26666666666666,55.900000000000006,68.0,34.0,33.0,73.0,61.7,76.91666666666667,113.6,81.0,45.0,41.0,84.0,96.9,62.4,78.4,69.0,34.0,33.0,74.0,86.0,79.3,123.80000000000001,82.0,46.0,41.0,85.0,98.0,71.25,115.0,76.0,36.0,35.0,76.0,89.5,85.91666666666667,145.5,89.0,47.0,44.0,86.0,104.0,86.08333333333333,129.0,104.0,45.0,46.0,85.5,107.0,100.08333333333333,149.0,119.0,56.0,56.0,95.5,125.0,39.333333333333336,13.0,67.0,34.0,32.0,72.0,18.0,69.66666666666667,85.0,80.0,45.0,40.0,83.0,85.0,134.0,154.0,153.0,121.0,119.0,129.0,128.0,146.33333333333334,170.0,169.0,131.0,129.0,139.0,140.0,66.11666666666666,104.0,67.0,34.0,32.7,73.0,86.0,77.5,118.0,81.0,45.0,41.0,84.0,96.0,66.33333333333333,104.0,68.0,34.0,33.0,73.0,86.0,77.83333333333333,119.0,81.0,45.0,41.0,84.0,97.0,66.75,104.5,68.0,34.0,33.0,74.0,87.0,78.08333333333333,119.0,81.0,45.0,41.0,85.0,97.5,68.16666666666667,106.0,69.0,35.0,34.0,76.0,89.0,79.5,121.0,82.0,46.0,42.0,86.0,100.0,65.66666666666667,103.0,67.0,34.0,32.0,72.0,86.0,77.0,118.0,80.0,45.0,40.0,83.0,96.0,83.0,142.0,76.0,38.0,37.0,90.0,115.0,95.16666666666667,157.0,88.0,51.0,46.0,101.0,128.0,C_p25,16.8397,3.9638473369478078,E1-E2,6.205573733498815,4.0380766878269805,2.0190383439134902,1.959654863210152,4.3943775720470075,5.166362821190401,0.0,4.050302393530493,11.0,1,1,6,,False,False,False,3.5927005825519456,E1-E2,5.46329534223816,3.8005532815569807,1.36582383555954,1.395515658071704,4.542848844361078,4.988226182043537,False
high/IMG_7024_jpg,IMG_7024_jpg,high/IMG_7024_jpg,high,train,4.0,2697,1798,True,oof,dev,1.4993333333333334,0.871,1.064,2.128,1.838,2.515,0.58,E1,False,False,24.016666666666666,15.0,24.0,31.0,25.0,41.0,8.100000000000001,30.0,20.0,29.0,37.0,31.0,48.0,15.0,25.166666666666668,16.0,26.0,31.0,25.0,42.0,11.0,31.2,21.0,31.0,38.0,32.0,49.0,16.200000000000003,28.666666666666668,18.0,31.0,32.5,29.0,45.0,16.5,34.333333333333336,22.5,36.0,39.0,35.0,51.0,22.5,42.416666666666664,34.0,52.0,37.0,38.5,54.0,39.0,48.416666666666664,39.0,58.0,43.0,44.5,61.0,45.0,19.833333333333332,2.0,23.0,31.0,24.0,36.0,3.0,26.166666666666668,8.0,28.0,37.0,30.0,42.0,12.0,93.0,85.0,89.0,82.0,95.0,98.0,109.0,98.5,90.0,94.0,88.0,100.0,104.0,115.0,15.266666666666667,7.4,16.0,26.0,25.0,8.0,9.2,21.5,12.600000000000001,21.0,31.0,32.0,14.0,18.4,18.033333333333335,11.4,16.0,29.0,27.1,9.9,14.8,23.950000000000003,16.8,21.0,34.0,33.1,15.0,23.8,24.791666666666668,18.0,18.0,32.0,37.75,15.0,28.0,31.0,24.0,23.0,39.0,43.75,20.25,36.0,38.666666666666664,37.0,34.0,40.0,48.0,24.0,49.0,44.666666666666664,43.0,39.0,46.0,54.5,29.5,56.0,12.5,2.0,15.0,23.0,24.0,8.0,3.0,18.666666666666668,8.0,20.0,28.0,30.0,14.0,12.0,91.16666666666667,75.0,87.0,94.0,107.0,109.0,75.0,96.5,80.0,92.0,99.0,113.0,115.0,80.0,23.833333333333332,16.0,23.0,31.0,24.0,41.0,8.0,29.833333333333332,21.0,28.0,37.0,31.0,48.0,14.0,24.3,16.0,24.0,31.0,24.4,42.0,8.4,30.233333333333334,21.0,29.0,37.0,31.0,49.0,14.4,25.416666666666668,16.5,25.5,31.0,25.0,43.0,11.5,31.416666666666668,21.0,30.5,38.0,32.0,49.5,17.5,27.833333333333332,18.0,29.0,32.0,27.0,45.0,16.0,33.666666666666664,24.0,34.0,38.0,33.0,52.0,21.0,23.666666666666668,15.0,23.0,31.0,24.0,41.0,8.0,29.5,20.0,28.0,37.0,30.0,48.0,14.0,46.833333333333336,66.0,40.0,35.0,34.0,58.0,48.0,52.5,71.0,45.0,41.0,40.0,65.0,53.0,C_p25,16.8397,1.5093301345431729,E1,0.979827431605076,1.5142787579351176,1.8408879018034763,1.4845870175834486,2.5534896702435317,0.6829100280883863,0.0,1.6827343277469682,6.0,1,1,6,,False,False,False,1.390563173136497,E1,0.5344528052189504,0.9798301429014092,1.7815093507298347,1.306440190535212,3.028565896240719,0.7126037402919339,False
high/IMG_8577_jpg,IMG_8577_jpg,high/IMG_8577_jpg,high,test,0.0,2698,1799,True,oof,holdout,1.9475,2.873,1.916,1.341,1.149,2.778,1.628,E1,False,False,31.51666666666667,17.400000000000002,40.0,28.0,28.0,52.0,23.700000000000003,37.9,23.400000000000002,46.0,34.0,34.0,59.0,31.0,34.166666666666664,24.0,41.0,29.0,28.0,53.0,30.0,40.166666666666664,30.0,46.0,35.0,35.0,59.0,36.0,37.5,27.0,45.0,32.0,31.0,57.0,33.0,43.583333333333336,33.0,50.5,38.0,37.0,64.0,39.0,54.0,61.0,64.0,45.0,41.0,73.0,40.0,59.5,65.0,69.0,51.0,47.0,80.0,45.0,25.5,1.0,40.0,28.0,27.0,51.0,6.0,33.333333333333336,11.0,45.0,33.0,34.0,58.0,19.0,107.33333333333333,92.0,118.0,107.0,122.0,117.0,88.0,113.16666666666667,97.0,124.0,113.0,127.0,123.0,95.0,32.09166666666666,19.950000000000003,40.0,28.0,28.0,52.0,24.6,38.425,26.950000000000003,46.0,34.0,34.0,58.0,31.6,34.199999999999996,25.0,41.0,29.0,28.0,52.0,30.200000000000003,40.333333333333336,31.0,46.0,35.0,35.0,59.0,36.0,38.458333333333336,35.75,43.0,32.0,31.0,55.0,34.0,44.125,39.75,49.0,38.0,37.0,62.0,39.0,53.083333333333336,65.0,56.0,48.0,41.0,66.5,42.0,58.75,69.0,61.0,54.0,46.5,74.0,48.0,25.5,1.0,40.0,28.0,27.0,51.0,6.0,33.333333333333336,11.0,45.0,33.0,34.0,58.0,19.0,118.33333333333333,118.0,118.0,120.0,122.0,115.0,117.0,124.16666666666667,124.0,124.0,125.0,127.0,122.0,123.0,39.449999999999996,59.0,40.0,28.0,27.7,51.0,31.0,45.0,64.0,45.0,33.0,34.0,58.0,36.0,39.733333333333334,59.4,40.0,28.0,28.0,52.0,31.0,45.46666666666667,64.4,45.4,34.0,34.0,58.0,37.0,40.5,61.0,41.0,29.0,28.0,52.0,32.0,46.166666666666664,66.0,46.0,34.0,34.0,59.0,38.0,42.0,64.0,42.0,30.0,29.0,53.0,34.0,48.0,69.0,47.0,36.0,35.0,61.0,40.0,39.0,58.0,40.0,28.0,27.0,51.0,30.0,45.0,64.0,45.0,33.0,34.0,58.0,36.0,52.333333333333336,88.0,49.0,35.0,35.0,61.0,46.0,58.5,93.0,55.0,41.0,41.0,68.0,53.0,C_p25,16.8397,2.4050309684851867,E1,3.6223923229036146,2.4347227088368557,1.7221209403968003,1.6627374596934623,3.087940996573573,1.9002713825068143,0.0,2.2012513008317898,6.0,1,1,6,,False,False,False,2.3456474877818487,E1,3.681785991508325,2.0784275758514736,2.019043930827146,1.0689056104379009,2.9691822512163912,2.256578510924457,False
high/IMG_7350_jpg,IMG_7350_jpg,high/IMG_7350_jpg,high,train,4.0,2699,1799,True,oof,holdout,1.0953333333333333,2.641,1.351,0.0,0.0,1.413,1.167,E1,True,False,10.633333333333333,20.35,28.0,0.0,0.0,0.0,15.45,12.391666666666666,25.9,30.0,0.0,0.0,0.0,18.45,13.65,32.9,28.0,0.0,0.0,0.0,21.0,14.983333333333334,36.9,31.0,0.0,0.0,0.0,22.0,16.833333333333332,48.0,31.0,0.0,0.0,0.0,22.0,18.333333333333332,52.0,34.0,0.0,0.0,0.0,24.0,26.0,54.0,48.0,0.0,4.0,24.0,26.0,29.25,58.0,53.0,0.0,9.5,27.0,28.0,6.333333333333333,1.0,27.0,0.0,0.0,0.0,10.0,9.0,9.0,30.0,0.0,0.0,0.0,15.0,58.833333333333336,65.0,57.0,55.0,75.0,51.0,50.0,62.333333333333336,70.0,61.0,58.0,79.0,54.0,52.0,13.75,17.4,28.0,0.0,0.0,23.0,14.100000000000001,15.916666666666666,23.4,30.0,0.0,0.0,25.0,17.1,16.333333333333332,27.8,28.0,0.0,0.0,23.0,19.200000000000003,18.5,32.8,31.0,0.0,0.0,26.0,21.200000000000003,21.0,46.0,34.0,0.0,0.0,24.0,22.0,22.666666666666668,50.0,36.0,0.0,0.0,27.0,23.0,26.083333333333332,52.0,49.0,0.0,0.0,30.5,25.0,28.166666666666668,56.0,53.0,0.0,0.0,33.0,27.0,10.0,1.0,27.0,0.0,0.0,22.0,10.0,13.166666666666666,9.0,30.0,0.0,0.0,25.0,15.0,62.833333333333336,65.0,65.0,74.0,75.0,50.0,48.0,66.66666666666667,70.0,69.0,78.0,79.0,54.0,50.0,10.633333333333333,20.35,28.0,0.0,0.0,0.0,15.45,12.391666666666666,25.9,30.0,0.0,0.0,0.0,18.45,13.65,32.9,28.0,0.0,0.0,0.0,21.0,14.983333333333334,36.9,31.0,0.0,0.0,0.0,22.0,16.833333333333332,48.0,31.0,0.0,0.0,0.0,22.0,18.333333333333332,52.0,34.0,0.0,0.0,0.0,24.0,26.0,54.0,48.0,0.0,4.0,24.0,26.0,29.25,58.0,53.0,0.0,9.5,27.0,28.0,6.333333333333333,1.0,27.0,0.0,0.0,0.0,10.0,9.0,9.0,30.0,0.0,0.0,0.0,15.0,58.833333333333336,65.0,57.0,55.0,75.0,51.0,50.0,62.333333333333336,70.0,61.0,58.0,79.0,54.0,52.0,C_p25,16.8397,0.9996219251728553,E1,2.850407073760221,1.8408879018034763,0.0,0.0,0.0,1.3064365754734348,0.0,0.9881172505956033,3.0,3,1,0,"gingiva_multi_component,region_zero,zenith_detection_failed",True,False,False,0.9055980807259036,E1,2.1378112208758018,1.2470565455108842,0.0890754675364917,0.4750691601946226,0.2969182251216391,1.1876729004865565,False
high/IMG_8560_jpg,IMG_8560_jpg,high/IMG_8560_jpg,high,train,1.0,2699,1799,True,oof,dev,3.357,3.571,5.143,2.857,3.0,3.857,1.714,E1-E2,False,False,38.71666666666667,38.0,62.0,40.0,32.0,42.1,18.200000000000003,45.73333333333333,45.1,70.1,48.0,39.0,47.1,25.1,40.833333333333336,40.0,63.0,41.0,32.0,48.0,21.0,48.199999999999996,47.2,71.0,49.0,40.0,54.0,28.0,44.5,46.5,68.5,42.0,34.0,50.0,26.0,51.583333333333336,54.5,77.0,50.0,41.0,55.0,32.0,52.0,50.0,85.0,48.0,40.0,56.0,33.0,58.833333333333336,58.0,93.0,56.0,47.0,61.0,38.0,29.0,1.0,61.0,40.0,31.0,37.0,4.0,40.666666666666664,26.0,70.0,48.0,39.0,42.0,19.0,89.83333333333333,77.0,116.0,90.0,98.0,100.0,58.0,96.33333333333333,83.0,123.0,96.0,105.0,106.0,65.0,34.81666666666667,38.0,62.0,40.0,32.0,22.0,14.9,42.5,46.0,70.0,48.0,39.0,29.0,23.0,37.13333333333333,40.8,62.4,41.0,32.0,24.8,21.8,44.46666666666667,48.0,71.0,49.0,40.0,31.0,27.8,43.708333333333336,48.0,65.0,42.75,34.0,40.5,32.0,50.583333333333336,55.0,74.0,50.0,41.0,45.5,38.0,51.25,52.0,78.0,49.5,42.0,51.0,35.0,58.166666666666664,60.0,86.0,57.0,49.0,56.0,41.0,26.166666666666668,1.0,61.0,40.0,31.0,20.0,4.0,38.166666666666664,26.0,70.0,48.0,39.0,27.0,19.0,99.0,105.0,115.0,116.0,100.0,100.0,58.0,105.83333333333333,113.0,122.0,123.0,106.0,106.0,65.0,40.06666666666667,38.7,61.7,40.0,31.0,48.0,21.0,47.449999999999996,45.7,70.0,48.0,39.0,54.0,28.0,40.4,39.4,62.0,40.0,32.0,48.0,21.0,47.56666666666666,46.4,70.0,48.0,39.0,54.0,28.0,41.833333333333336,42.0,63.0,41.0,32.0,49.0,24.0,49.0,49.0,71.0,49.0,40.0,55.0,30.0,44.166666666666664,48.0,65.0,41.0,33.0,50.0,28.0,51.166666666666664,55.0,74.0,49.0,40.0,56.0,33.0,39.666666666666664,38.0,61.0,40.0,31.0,48.0,20.0,47.166666666666664,45.0,70.0,48.0,39.0,54.0,27.0,58.166666666666664,64.0,84.0,46.0,37.0,60.0,58.0,65.33333333333333,71.0,92.0,54.0,44.0,66.0,65.0,C_p25,16.8397,2.4842089427563043,E1,2.4941061895401937,3.7411592843102905,2.4347227088368557,1.9002713825068143,2.909790554463559,1.4252035368801106,0.0,2.6121515436537237,7.0,1,1,6,,False,False,False,2.3654419813496284,E1,2.3159621559487853,3.355175943874522,2.375345800973113,1.9002766407784903,2.73164767111908,1.5142829481203597,False
high/IMG_2969_jpg,IMG_2969_jpg,high/IMG_2969_jpg,high,train,1.0,2699,1799,True,oof,holdout,1.5231666666666668,1.406,3.187,1.734,0.75,1.781,0.281,E1,False,False,27.208333333333332,23.3,60.35,22.0,24.0,25.0,8.600000000000001,31.600000000000005,34.3,63.0,24.0,27.0,28.0,13.3,30.866666666666664,32.6,61.0,23.0,24.0,26.0,18.6,34.699999999999996,42.6,63.0,24.0,28.0,29.0,21.6,36.625,35.0,62.0,25.0,27.0,32.75,38.0,40.166666666666664,45.0,64.0,26.0,29.5,35.0,41.5,47.333333333333336,48.0,68.0,29.0,48.0,51.0,40.0,50.333333333333336,56.0,70.0,30.0,49.0,54.0,43.0,22.333333333333332,3.0,60.0,22.0,24.0,24.0,1.0,27.5,17.0,63.0,23.0,27.0,27.0,8.0,79.0,94.0,88.0,82.0,77.0,74.0,59.0,81.33333333333333,99.0,89.0,83.0,78.0,77.0,62.0,28.424999999999997,22.8,60.05,22.0,24.0,38.0,3.7,33.266666666666666,33.9,63.0,24.0,27.0,42.0,9.7,31.0,31.6,61.0,23.0,24.0,39.0,7.4,35.26666666666667,41.8,63.0,25.0,28.0,42.0,11.8,34.833333333333336,35.0,62.0,26.0,26.0,40.0,20.0,38.416666666666664,45.0,64.0,27.0,29.0,43.0,22.5,44.333333333333336,46.0,67.0,35.0,35.0,47.0,36.0,47.416666666666664,54.0,69.5,36.0,37.0,50.0,38.0,24.666666666666668,3.0,60.0,22.0,24.0,38.0,1.0,29.833333333333332,17.0,63.0,23.0,27.0,41.0,8.0,80.5,93.0,94.0,88.0,77.0,74.0,57.0,83.5,98.0,99.0,89.0,78.0,77.0,60.0,27.208333333333332,23.3,60.35,22.0,24.0,25.0,8.600000000000001,31.600000000000005,34.3,63.0,24.0,27.0,28.0,13.3,30.866666666666664,32.6,61.0,23.0,24.0,26.0,18.6,34.699999999999996,42.6,63.0,24.0,28.0,29.0,21.6,36.625,35.0,62.0,25.0,27.0,32.75,38.0,40.166666666666664,45.0,64.0,26.0,29.5,35.0,41.5,47.333333333333336,48.0,68.0,29.0,48.0,51.0,40.0,50.333333333333336,56.0,70.0,30.0,49.0,54.0,43.0,22.333333333333332,3.0,60.0,22.0,24.0,24.0,1.0,27.5,17.0,63.0,23.0,27.0,27.0,8.0,79.0,94.0,88.0,82.0,77.0,74.0,59.0,81.33333333333333,99.0,89.0,83.0,78.0,77.0,62.0,C_p25,16.8397,2.174919980759752,E1,2.0784218246168282,3.6817758036069526,1.4845870175834486,1.6033539789901246,1.9448089930343178,2.2565722667268417,0.0,2.149888770479048,3.0,1,1,0,zenith_detection_failed,True,False,False,1.791401667884028,E1,1.989352108314982,3.5927105239718333,0.653220095267606,1.306440190535212,2.375345800973113,0.8313710303405896,False
high/IMG_6868-_jpg,IMG_6868-_jpg,high/IMG_6868-_jpg,high,test,3.0,2697,1798,True,oof,holdout,3.032,3.143,2.286,1.81,3.048,4.381,3.524,E1-E2,False,False,46.400000000000006,21.8,46.0,35.0,57.0,89.0,29.6,52.43333333333334,26.8,54.0,40.0,64.0,95.0,34.8,50.300000000000004,31.6,46.0,35.0,57.0,89.0,43.2,56.300000000000004,35.6,54.0,41.0,64.0,95.0,48.2,59.333333333333336,54.0,50.0,38.0,59.0,92.0,63.0,65.16666666666667,58.0,58.0,45.0,66.0,97.0,67.0,72.16666666666667,69.0,72.0,49.0,67.0,104.0,72.0,78.66666666666667,76.0,80.0,55.0,74.0,110.0,77.0,38.0,10.0,45.0,34.0,56.0,79.0,4.0,46.0,18.0,53.0,40.0,63.0,86.0,16.0,123.83333333333333,106.0,118.0,110.0,144.0,147.0,118.0,130.0,112.0,125.0,117.0,149.0,154.0,123.0,43.708333333333336,17.2,65.8,46.0,35.0,57.0,41.25,50.041666666666664,23.2,72.8,54.0,40.0,64.0,46.25,46.65,22.4,66.0,46.0,35.0,57.0,53.5,52.81666666666666,27.4,73.0,54.0,41.0,64.0,57.5,54.0,38.0,69.0,48.0,39.0,59.0,71.0,60.166666666666664,42.0,76.0,56.0,45.0,66.0,76.0,68.5,58.0,80.0,61.0,52.0,70.0,90.0,74.5,62.0,87.0,68.0,58.0,77.0,95.0,35.666666666666664,10.0,65.0,45.0,34.0,56.0,4.0,43.666666666666664,18.0,72.0,53.0,40.0,63.0,16.0,128.0,106.0,108.0,117.0,144.0,147.0,146.0,134.5,112.0,115.0,124.0,149.0,154.0,153.0,60.06666666666666,65.0,45.7,34.0,56.0,89.0,70.7,66.5,72.0,53.0,40.0,64.0,95.0,75.0,60.56666666666666,66.0,46.0,34.4,57.0,89.0,71.0,66.89999999999999,73.0,53.4,40.0,64.0,95.0,76.0,61.0,67.0,46.0,35.0,57.0,90.0,71.0,67.33333333333333,74.0,54.0,41.0,64.0,95.0,76.0,62.5,70.0,47.0,36.0,58.0,91.0,73.0,69.0,77.0,55.0,42.0,65.0,97.0,78.0,59.833333333333336,65.0,45.0,34.0,56.0,89.0,70.0,66.16666666666667,72.0,53.0,40.0,63.0,94.0,75.0,78.0,98.0,56.0,44.0,61.0,101.0,108.0,84.66666666666667,104.0,63.0,51.0,69.0,108.0,113.0,C_p25,16.8397,3.6223923229036146,E1-E2,3.978693207123642,2.731640112353545,2.0784218246168282,3.3848584000902626,5.344513263300415,4.216227129936994,0.0,3.482868724871632,6.0,1,1,6,,False,False,False,3.523419855064718,E1-E2,4.067779684166456,2.909798606192063,2.8504149611677354,3.26610047633803,4.750691601946226,3.295792298850194,False
high/IMG_2675_jpg,IMG_2675_jpg,high/IMG_2675_jpg,high,train,0.0,2698,1799,True,oof,dev,1.6561666666666668,0.965,1.59,1.42,1.76,2.101,2.101,E1,False,False,23.658333333333335,11.8,36.0,20.0,28.0,32.6,13.55,27.7,17.200000000000003,39.0,23.0,32.0,36.0,19.0,26.2,20.200000000000003,37.0,20.0,29.0,33.0,18.0,29.716666666666665,24.200000000000003,40.0,23.0,33.0,37.0,21.1,29.833333333333332,27.0,39.0,23.0,30.0,38.0,22.0,33.333333333333336,31.0,42.0,26.0,33.0,42.0,26.0,37.166666666666664,34.0,47.0,28.0,35.0,51.0,28.0,40.5,38.0,50.0,31.0,38.0,54.0,32.0,19.0,2.0,32.0,19.0,28.0,32.0,1.0,23.833333333333332,10.0,35.0,23.0,32.0,35.0,8.0,73.0,67.0,71.0,71.0,71.0,82.0,76.0,76.66666666666667,70.0,74.0,74.0,75.0,87.0,80.0,23.700000000000003,12.55,36.0,20.0,28.0,32.0,13.65,27.78333333333333,17.700000000000003,39.0,23.0,32.0,36.0,19.0,26.28333333333333,20.700000000000003,37.0,20.0,29.0,33.0,18.0,29.86666666666667,24.700000000000003,40.0,24.0,33.0,36.2,21.3,29.5,27.0,39.0,24.0,30.0,35.0,22.0,33.166666666666664,31.0,42.0,27.0,34.0,39.0,26.0,37.333333333333336,35.0,44.0,33.0,38.0,46.0,28.0,41.0,39.0,47.0,36.0,42.0,50.0,32.0,19.666666666666668,2.0,36.0,19.0,28.0,32.0,1.0,24.5,10.0,39.0,23.0,32.0,35.0,8.0,75.33333333333333,68.0,71.0,71.0,82.0,82.0,78.0,79.33333333333333,72.0,74.0,74.0,87.0,87.0,82.0,27.28333333333333,26.0,36.0,19.7,28.0,32.0,22.0,30.833333333333332,30.0,39.0,23.0,32.0,35.0,26.0,27.400000000000002,26.0,36.4,20.0,28.0,32.0,22.0,31.066666666666666,30.0,39.4,23.0,32.0,36.0,26.0,28.0,27.0,37.0,20.0,29.0,33.0,22.0,31.666666666666668,31.0,40.0,23.0,33.0,37.0,26.0,30.0,31.0,39.0,21.0,29.0,36.0,24.0,33.5,34.0,42.0,24.0,33.0,40.0,28.0,27.166666666666668,26.0,36.0,19.0,28.0,32.0,22.0,30.666666666666668,30.0,39.0,23.0,32.0,35.0,25.0,42.666666666666664,41.0,57.0,27.0,36.0,62.0,33.0,46.666666666666664,45.0,61.0,29.0,41.0,66.0,38.0,C_p25,16.8397,1.6627374596934623,E1,1.6033539789901246,2.1971887860235038,1.1876696140667589,1.7221209403968003,1.959654863210152,1.3064365754734348,0.0,1.7512177015506238,4.0,1,1,6,,False,False,False,1.3955117965284416,E1,1.2767483680230485,1.1876729004865565,1.7221257057055068,1.4845911256081956,1.336132013047376,1.36582383555954,False
high/IMG_3684-_jpg,IMG_3684-_jpg,high/IMG_3684-_jpg,high,train,3.0,2698,1799,True,oof,holdout,1.8028333333333333,1.845,2.609,1.654,1.464,1.909,1.336,E1,False,False,16.133333333333333,0.0,60.0,0.0,16.8,20.0,0.0,17.641666666666666,0.0,66.85,0.0,18.0,21.0,0.0,16.783333333333335,0.0,61.7,0.0,17.0,22.0,0.0,18.616666666666667,0.0,69.0,0.0,19.0,23.700000000000003,0.0,23.708333333333332,11.0,69.0,0.0,19.0,29.0,14.25,27.875,20.25,75.0,0.0,21.0,31.0,20.0,40.083333333333336,40.0,79.0,0.0,42.0,36.0,43.5,43.166666666666664,46.0,84.0,0.0,44.0,38.0,47.0,15.5,0.0,58.0,0.0,16.0,19.0,0.0,16.666666666666668,0.0,62.0,0.0,18.0,20.0,0.0,78.33333333333333,78.0,108.0,57.0,92.0,56.0,79.0,81.83333333333333,84.0,112.0,61.0,94.0,59.0,81.0,5.733333333333333,10.5,0.0,0.0,17.0,0.0,6.9,8.991666666666667,20.0,0.0,0.0,19.0,0.0,14.95,7.233333333333333,15.5,0.0,0.0,18.0,0.0,9.9,10.066666666666666,23.5,0.0,0.0,20.0,0.0,16.9,12.333333333333334,29.5,0.0,0.0,25.0,0.0,19.5,14.666666666666666,36.5,0.0,0.0,27.0,0.0,24.5,42.916666666666664,48.5,52.0,50.0,37.0,31.0,39.0,47.75,55.5,58.0,53.0,39.0,37.0,44.0,3.6666666666666665,3.0,0.0,0.0,16.0,0.0,3.0,8.166666666666666,18.0,0.0,0.0,18.0,0.0,13.0,86.83333333333333,77.0,107.0,108.0,92.0,79.0,58.0,91.16666666666667,83.0,111.0,112.0,94.0,81.0,66.0,17.283333333333335,0.0,59.7,0.0,16.0,28.0,0.0,18.833333333333332,0.0,66.0,0.0,18.0,29.0,0.0,17.333333333333332,0.0,60.0,0.0,16.0,28.0,0.0,19.066666666666666,0.0,67.4,0.0,18.0,29.0,0.0,18.0,0.0,62.0,0.0,17.0,29.0,0.0,20.083333333333332,0.0,70.5,0.0,19.0,31.0,0.0,19.666666666666668,0.0,68.0,0.0,18.0,31.0,1.0,23.5,0.0,75.0,0.0,20.0,32.0,14.0,17.0,0.0,59.0,0.0,16.0,27.0,0.0,18.833333333333332,0.0,66.0,0.0,18.0,29.0,0.0,45.333333333333336,72.0,79.0,0.0,22.0,40.0,59.0,49.666666666666664,79.0,86.0,0.0,24.0,43.0,66.0,C_p25,16.8397,1.0689026526600829,E1,0.0,3.6817758036069526,0.0,1.0095191719567451,1.7221209403968003,0.0,0.0,1.3916799890814315,3.0,4,1,6,"gingiva_multi_component,region_zero",False,False,False,1.3361283158251038,E1,0.653220095267606,4.364697909288095,0.4453773376824587,0.3563018701459669,1.36582383555954,0.8313710303405896,False
high/IMG_3858-_jpg,IMG_3858-_jpg,high/IMG_3858-_jpg,high,train,3.0,2698,1799,True,oof,dev,1.789666666666667,1.994,2.071,1.074,1.841,3.298,0.46,E1,False,False,34.550000000000004,29.3,52.0,25.0,38.0,45.0,18.0,36.71666666666667,37.3,55.0,25.0,39.0,45.0,19.0,37.550000000000004,42.3,52.0,25.0,39.0,48.0,19.0,39.43333333333334,49.3,55.0,25.0,39.0,48.3,20.0,45.5,59.0,55.75,27.0,40.0,65.5,25.75,47.166666666666664,64.0,58.0,27.0,40.0,66.25,27.75,57.083333333333336,68.0,65.0,33.0,51.5,83.5,41.5,59.166666666666664,73.0,67.5,34.0,52.5,85.0,43.0,26.5,3.0,51.0,24.0,38.0,42.0,1.0,30.5,16.0,54.0,24.0,38.0,42.0,9.0,102.33333333333333,120.0,117.0,87.0,93.0,114.0,83.0,104.33333333333333,125.0,122.0,87.0,93.0,115.0,84.0,27.908333333333335,28.8,52.0,25.0,38.0,19.0,4.65,31.09166666666667,36.85,54.05,25.0,39.0,20.0,11.65,31.683333333333337,41.8,52.0,26.0,39.0,24.0,7.300000000000001,34.5,48.8,55.0,26.0,39.0,24.0,14.2,40.958333333333336,59.0,55.0,28.0,42.0,43.0,18.75,43.166666666666664,64.0,57.25,28.0,42.0,44.0,23.75,55.416666666666664,67.0,63.5,39.5,53.5,78.0,31.0,58.25,72.5,67.0,39.5,54.5,80.0,36.0,22.5,3.0,51.0,24.0,38.0,18.0,1.0,26.5,16.0,54.0,24.0,38.0,18.0,9.0,101.83333333333333,120.0,120.0,93.0,114.0,114.0,50.0,104.16666666666667,125.0,125.0,94.0,115.0,114.0,52.0,44.28333333333333,59.0,51.0,25.0,38.0,74.7,18.0,46.18333333333334,64.0,54.0,25.0,38.7,76.4,19.0,44.96666666666667,59.0,52.0,25.0,38.0,77.4,18.4,46.73333333333333,64.0,54.0,25.0,39.0,79.4,19.0,46.583333333333336,60.5,52.0,25.0,39.0,82.0,21.0,48.416666666666664,66.0,55.0,25.0,39.0,83.5,22.0,49.0,64.0,54.0,26.0,39.0,83.0,28.0,51.0,70.0,57.0,26.0,40.0,84.0,29.0,43.5,58.0,51.0,24.0,38.0,72.0,18.0,45.0,63.0,54.0,24.0,38.0,73.0,18.0,60.5,87.0,65.0,30.0,43.0,88.0,50.0,62.666666666666664,92.0,68.0,31.0,44.0,89.0,52.0,C_p25,16.8397,2.7662804760971595,E1,3.5927005825519456,3.087940996573573,1.4845870175834486,2.3159557474301797,4.869445417673711,1.2470530947700968,0.0,2.6708515783425715,1.0,1,1,6,,False,False,False,2.4347227088368557,E1,2.612880381070424,2.8504149611677354,1.4252074805838677,1.6627420606811791,4.869458891994881,1.1876729004865565,False
high/IMG_8606_jpg,IMG_8606_jpg,high/IMG_8606_jpg,high,valid,4.0,2638,1759,False,oof,dev,2.2833333333333337,0.0,2.6,2.7,3.0,4.9,0.5,E1,True,False,46.574999999999996,35.4,6.65,51.0,59.0,90.0,37.4,58.23333333333333,49.7,19.0,61.0,69.0,99.0,51.7,51.849999999999994,46.4,10.3,52.0,60.0,94.0,48.4,62.81666666666667,60.8,21.3,61.0,70.0,103.0,60.8,71.375,69.5,58.25,57.0,65.0,109.0,69.5,81.0,81.0,66.0,66.0,74.5,118.0,80.5,90.83333333333333,84.0,83.5,73.0,83.0,126.5,95.0,100.33333333333333,95.0,91.0,83.0,92.0,136.0,105.0,34.333333333333336,1.0,2.0,51.0,58.0,87.0,7.0,48.833333333333336,24.0,16.0,60.0,68.0,97.0,28.0,142.83333333333334,99.0,147.0,154.0,167.0,167.0,123.0,151.16666666666666,106.0,154.0,162.0,177.0,176.0,132.0,41.800000000000004,30.0,5.8500000000000005,58.0,51.0,59.0,46.95,53.074999999999996,46.5,18.0,66.0,61.0,69.0,57.95,47.15,40.0,9.0,60.0,52.0,60.0,61.900000000000006,57.65,54.0,20.0,68.0,61.0,70.0,72.9,63.875,60.5,42.75,69.0,57.0,65.0,89.0,73.45833333333333,74.0,50.75,76.0,66.0,75.0,99.0,89.25,78.0,94.0,99.0,73.0,86.0,105.5,98.33333333333333,89.0,102.0,106.0,82.0,96.0,115.0,29.333333333333332,1.0,2.0,57.0,51.0,58.0,7.0,43.5,24.0,16.0,65.0,60.0,68.0,28.0,150.16666666666666,99.0,147.0,154.0,167.0,167.0,167.0,158.5,106.0,154.0,161.0,177.0,177.0,176.0,51.6,3.0,58.0,51.0,58.6,88.0,51.0,61.666666666666664,17.0,66.0,60.0,68.0,98.0,61.0,53.333333333333336,5.2,58.2,51.0,59.0,89.0,57.6,63.333333333333336,18.0,66.2,61.0,69.0,98.2,67.6,57.666666666666664,9.0,61.0,52.0,60.0,92.0,72.0,67.33333333333333,21.0,69.0,61.0,70.0,102.0,81.0,68.33333333333333,33.0,71.0,54.0,62.0,100.0,90.0,77.16666666666667,41.0,78.0,63.0,72.0,109.0,100.0,49.5,2.0,57.0,51.0,58.0,87.0,42.0,59.666666666666664,16.0,65.0,60.0,68.0,97.0,52.0,101.16666666666667,94.0,136.0,62.0,71.0,124.0,120.0,110.16666666666667,102.0,143.0,72.0,82.0,133.0,129.0,C_p25,16.8397,3.4244473872258214,E1-E2,0.5344513263300414,3.6223923229036146,3.087940996573573,3.5630088422002766,5.46328022470709,4.2756106106403315,0.0,4.189714975916506,9.0,1,1,6,frame_uncertain,False,False,False,2.6821538784340966,E1,0.4750691601946226,2.8504149611677354,2.8504149611677354,3.028565896240719,5.878980857408455,1.009521965413573,False
high/IMG_7276_jpg,IMG_7276_jpg,high/IMG_7276_jpg,high,train,1.0,2517,1678,False,oof,dev,2.5748333333333333,2.512,2.791,3.07,2.512,2.517,2.047,E1,False,False,41.31666666666666,28.450000000000003,50.0,53.0,41.0,42.0,33.45,52.74166666666667,41.45,59.0,65.0,53.0,54.0,44.0,43.98333333333333,42.0,50.0,53.0,41.0,42.0,35.900000000000006,55.166666666666664,51.0,59.0,66.0,54.0,55.0,46.0,48.375,45.0,57.0,54.0,44.0,49.0,41.25,59.333333333333336,55.0,66.0,67.0,56.0,60.0,52.0,63.75,64.0,73.0,59.0,55.0,62.0,69.5,73.91666666666667,72.5,83.0,70.5,66.0,73.0,78.5,32.833333333333336,1.0,50.0,53.0,40.0,41.0,12.0,47.333333333333336,20.0,59.0,65.0,53.0,53.0,34.0,115.5,93.0,126.0,120.0,127.0,125.0,102.0,125.83333333333333,101.0,136.0,132.0,139.0,136.0,111.0,40.25833333333333,31.3,50.0,53.0,41.0,36.0,30.25,52.06666666666666,44.15,59.0,65.0,53.0,46.0,45.25,43.93333333333334,42.0,50.0,53.0,41.0,38.1,39.5,55.150000000000006,51.3,59.0,66.0,54.0,48.1,52.5,50.208333333333336,47.0,53.0,55.0,44.0,43.0,59.25,61.041666666666664,56.75,62.0,67.0,56.25,55.0,69.25,64.66666666666667,69.0,63.0,62.0,56.0,54.5,83.5,74.75,77.5,73.0,72.0,67.0,65.5,93.5,31.5,1.0,50.0,53.0,40.0,33.0,12.0,45.666666666666664,20.0,59.0,65.0,53.0,43.0,34.0,118.5,105.0,126.0,126.0,127.0,125.0,102.0,128.66666666666666,113.0,136.0,137.0,139.0,136.0,111.0,43.416666666666664,42.0,50.0,53.0,40.5,41.0,34.0,54.166666666666664,51.0,59.0,65.0,53.0,53.0,44.0,43.833333333333336,43.0,50.0,53.0,41.0,41.0,35.0,54.333333333333336,52.0,59.0,65.0,53.0,53.0,44.0,44.333333333333336,43.5,50.0,53.0,41.0,42.0,36.5,55.5,52.5,59.0,66.0,54.0,55.0,46.5,46.166666666666664,46.0,52.0,54.0,42.0,44.0,39.0,56.833333333333336,55.0,61.0,66.0,54.0,56.0,49.0,43.166666666666664,42.0,50.0,53.0,40.0,41.0,33.0,54.0,51.0,59.0,65.0,53.0,53.0,43.0,66.5,76.0,65.0,57.0,46.0,55.0,100.0,77.16666666666667,84.0,74.0,70.0,59.0,67.0,109.0,C_p25,16.8397,2.632667644514649,E1,2.5831814105952007,2.969174035166897,3.147324477276911,2.4347227088368557,2.4941061895401937,2.1674970456718348,0.0,2.839614178073009,10.0,1,1,6,frame_uncertain,False,False,False,2.781126346272994,E1,1.9002766407784903,2.672264026094752,3.2067168313137024,2.909798606192063,3.0879495412650466,2.909798606192063,False
high/IMG_3570_jpg,IMG_3570_jpg,high/IMG_3570_jpg,high,train,0.0,2699,1799,True,oof,dev,2.599333333333333,2.234,2.804,2.716,2.541,2.935,2.366,E1,False,False,44.03333333333333,21.8,49.0,54.0,59.0,57.0,23.400000000000002,51.375,26.8,55.0,62.0,68.0,65.85,30.6,49.583333333333336,32.2,52.0,54.0,59.0,61.7,38.6,56.849999999999994,36.2,59.7,63.0,68.0,70.0,44.2,55.833333333333336,46.0,57.0,56.0,60.0,65.0,51.0,63.833333333333336,51.0,66.0,64.0,69.0,73.0,60.0,65.16666666666667,55.0,72.0,64.0,66.0,74.0,60.0,72.0,59.0,79.0,72.0,74.0,82.0,66.0,36.166666666666664,4.0,47.0,53.0,59.0,53.0,1.0,46.5,18.0,52.0,62.0,67.0,62.0,18.0,104.66666666666667,79.0,111.0,105.0,113.0,123.0,97.0,111.33333333333333,84.0,118.0,111.0,121.0,130.0,104.0,43.21666666666667,25.0,53.0,54.0,59.0,51.0,17.3,51.69166666666666,30.0,64.0,62.0,68.0,60.0,26.15,47.81666666666666,40.0,54.0,54.0,59.0,52.0,27.900000000000002,55.81666666666667,44.0,65.0,63.0,68.0,60.3,34.6,55.666666666666664,48.0,58.25,56.0,61.0,62.0,48.75,63.166666666666664,53.0,68.25,64.0,69.0,70.0,54.75,65.5,57.0,73.5,65.0,67.0,69.0,61.5,72.58333333333333,61.0,80.5,73.0,75.5,77.5,68.0,36.333333333333336,4.0,50.0,53.0,59.0,51.0,1.0,47.666666666666664,18.0,62.0,62.0,67.0,59.0,18.0,112.0,109.0,111.0,110.0,122.0,123.0,97.0,119.5,117.0,118.0,118.0,130.0,130.0,104.0,53.949999999999996,45.0,52.0,53.7,59.0,63.0,51.0,62.61666666666667,51.0,63.7,62.0,67.0,72.0,60.0,54.4,45.4,53.0,54.0,59.0,64.0,51.0,62.833333333333336,51.0,64.0,62.0,68.0,72.0,60.0,55.25,46.5,56.0,54.0,59.0,64.0,52.0,63.5,52.0,66.5,62.0,68.0,72.5,60.0,58.0,49.0,63.0,55.0,60.0,67.0,54.0,65.66666666666667,54.0,72.0,63.0,68.0,75.0,62.0,53.5,45.0,50.0,53.0,59.0,63.0,51.0,62.0,51.0,62.0,62.0,67.0,71.0,59.0,74.66666666666667,64.0,111.0,59.0,63.0,88.0,63.0,82.33333333333333,69.0,118.0,68.0,71.0,96.0,72.0,C_p25,16.8397,3.2809373088594214,E1-E2,2.761331852705214,3.3254749193869246,3.206707957980249,3.5036253614969386,3.8005427650136285,3.087940996573573,0.0,3.277418603460665,7.0,1,1,6,,False,False,False,2.179868604151697,E1,1.7221257057055068,2.612880381070424,3.563018701459669,2.73164767111908,1.5588206818886057,0.8907546753649174,True
high/IMG_8633_jpg,IMG_8633_jpg,high/IMG_8633_jpg,high,test,4.0,2699,1799,True,oof,holdout,2.0415,4.269,5.134,1.423,0.632,0.0,0.791,E1,True,False,21.708333333333332,19.6,56.0,12.0,11.0,16.85,14.8,28.075000000000003,25.8,64.0,22.0,15.0,22.85,18.8,23.599999999999998,25.6,57.0,13.0,11.0,17.0,18.0,29.599999999999998,31.6,65.0,22.0,15.0,23.0,21.0,27.541666666666668,36.0,59.0,17.0,14.0,20.25,19.0,33.833333333333336,42.0,67.0,27.0,18.0,26.0,23.0,38.666666666666664,55.0,67.0,28.0,20.0,37.0,25.0,44.583333333333336,61.0,74.5,36.0,25.0,42.0,29.0,14.333333333333334,2.0,44.0,11.0,11.0,16.0,2.0,22.166666666666668,16.0,52.0,20.0,15.0,22.0,8.0,76.83333333333333,87.0,94.0,71.0,69.0,82.0,58.0,83.5,94.0,101.0,79.0,77.0,87.0,63.0,21.558333333333334,20.0,57.0,12.0,11.0,16.3,13.05,28.05,26.0,65.0,22.0,15.0,22.3,18.0,23.833333333333332,26.0,57.0,13.0,13.0,17.0,17.0,30.166666666666668,32.0,65.0,23.0,17.0,23.0,21.0,27.916666666666668,37.0,59.0,18.0,15.5,20.0,18.0,34.0,43.0,67.0,27.0,20.0,25.0,22.0,39.0,56.0,64.5,29.0,29.0,33.0,22.5,45.166666666666664,62.0,73.0,38.0,34.0,38.0,26.0,16.333333333333332,2.0,56.0,11.0,11.0,16.0,2.0,24.166666666666668,16.0,64.0,20.0,15.0,22.0,8.0,82.83333333333333,94.0,94.0,87.0,82.0,82.0,58.0,89.16666666666667,100.0,101.0,97.0,87.0,87.0,63.0,27.833333333333332,53.0,57.0,12.0,11.0,16.0,18.0,33.78333333333333,59.0,64.7,21.0,15.0,22.0,21.0,28.0,54.0,57.0,12.0,11.0,16.0,18.0,34.333333333333336,60.0,65.0,22.0,15.0,22.0,22.0,28.666666666666668,56.0,57.0,13.0,11.0,17.0,18.0,34.833333333333336,62.0,65.0,22.0,15.0,23.0,22.0,31.0,61.0,59.0,15.0,13.0,18.0,20.0,37.166666666666664,67.0,67.0,24.0,17.0,24.0,24.0,27.5,53.0,56.0,11.0,11.0,16.0,18.0,33.5,59.0,64.0,20.0,15.0,22.0,21.0,37.666666666666664,71.0,63.0,21.0,16.0,25.0,30.0,43.666666666666664,77.0,71.0,29.0,20.0,31.0,34.0,C_p25,16.8397,1.7023264468290211,E1,3.3254749193869246,3.3848584000902626,0.7719852491433933,0.6532182877367174,1.0095191719567451,1.0689026526600829,0.0,1.6166967887220145,6.0,1,1,6,,False,False,False,1.449946653839835,E1,3.741169636532653,2.642572203582588,0.326610047633803,0.1187672900486556,0.7719873853162617,1.0985974329500647,False
high/IMG_8593_jpg,IMG_8593_jpg,high/IMG_8593_jpg,high,train,0.0,2699,1799,True,oof,dev,1.5235,0.808,2.508,3.476,0.97,0.975,0.404,E1,False,False,20.525000000000002,21.15,30.0,39.0,8.0,11.0,14.0,26.525000000000002,27.15,36.0,45.0,14.0,18.0,19.0,21.766666666666666,24.3,30.3,39.0,9.0,13.0,15.0,27.666666666666668,30.0,36.0,46.0,15.0,19.0,20.0,28.583333333333332,34.0,35.75,42.0,14.0,23.0,22.75,34.583333333333336,40.75,41.0,48.0,20.0,28.75,29.0,43.25,43.0,52.0,51.5,27.0,46.0,40.0,49.166666666666664,50.0,57.5,58.0,32.0,51.5,46.0,15.833333333333334,8.0,30.0,39.0,7.0,9.0,2.0,24.5,22.0,35.0,45.0,13.0,17.0,15.0,78.5,69.0,80.0,100.0,92.0,65.0,65.0,84.16666666666667,74.0,85.0,107.0,99.0,70.0,70.0,15.691666666666668,21.65,30.0,8.0,10.25,14.0,10.25,22.708333333333332,27.65,36.0,14.0,18.0,19.0,21.6,18.366666666666667,25.0,32.0,9.0,12.0,15.0,17.200000000000003,25.066666666666666,30.3,38.0,15.0,19.0,20.6,27.5,28.166666666666668,35.0,40.0,16.0,18.25,25.0,34.75,34.625,42.0,46.0,22.0,24.25,31.0,42.5,42.5,44.0,49.0,35.0,33.0,44.0,50.0,48.5,50.0,55.0,41.0,38.5,50.0,56.5,11.5,8.0,30.0,7.0,9.0,13.0,2.0,20.0,22.0,35.0,13.0,17.0,18.0,15.0,79.0,79.0,100.0,100.0,65.0,65.0,65.0,84.66666666666667,84.0,107.0,107.0,70.0,70.0,70.0,19.833333333333332,21.0,30.0,39.0,7.0,9.0,13.0,25.900000000000002,26.7,35.7,45.0,13.0,17.0,18.0,20.566666666666666,22.0,30.0,39.0,8.0,10.4,14.0,26.400000000000002,27.0,36.0,45.0,13.4,18.0,19.0,21.916666666666668,25.5,30.0,39.0,9.0,13.0,15.0,27.833333333333332,30.5,36.0,46.0,15.0,19.0,20.5,25.666666666666668,32.0,32.0,40.0,11.0,19.0,20.0,31.833333333333332,38.0,38.0,47.0,17.0,25.0,26.0,19.666666666666668,20.0,30.0,39.0,7.0,9.0,13.0,25.5,25.0,35.0,45.0,13.0,17.0,18.0,42.0,51.0,45.0,47.0,22.0,43.0,44.0,47.333333333333336,56.0,50.0,53.0,27.0,48.0,50.0,C_p25,16.8397,1.30148795208149,E1,1.5142787579351176,1.7815044211001383,2.3159557474301797,0.5344513263300414,0.7719852491433933,0.8907522105500691,0.0,1.677842658189564,6.0,1,1,6,,False,False,False,0.9847760549970208,E1,0.8313710303405896,1.0689056104379009,2.197194865900129,0.1781509350729834,0.7126037402919339,0.9204464978770812,False
high/IMG_7309_jpg,IMG_7309_jpg,high/IMG_7309_jpg,high,valid,3.0,2697,1798,True,oof,dev,2.708333333333333,1.875,3.25,2.125,2.375,4.5,2.125,E1,False,False,35.800000000000004,22.4,54.0,26.0,20.0,67.0,25.4,41.425000000000004,30.4,58.0,29.0,25.75,73.0,32.4,39.233333333333334,34.0,54.0,26.0,21.0,68.0,32.4,44.4,40.0,59.0,30.0,26.0,73.0,38.4,43.0,37.0,58.5,27.5,23.0,71.0,41.0,48.083333333333336,43.0,63.0,31.5,29.0,76.0,46.0,52.75,43.0,75.0,35.0,33.5,83.0,47.0,57.833333333333336,49.0,79.0,40.0,39.0,88.0,52.0,28.0,1.0,53.0,25.0,20.0,67.0,2.0,34.833333333333336,13.0,58.0,29.0,25.0,72.0,12.0,90.5,70.0,106.0,80.0,83.0,109.0,95.0,95.5,74.0,112.0,87.0,87.0,114.0,99.0,36.541666666666664,25.549999999999997,54.0,26.0,20.0,67.0,26.7,42.125,33.55,58.0,29.0,26.0,72.85,33.35,39.4,34.7,54.0,26.0,21.0,67.0,33.7,44.5,40.0,59.0,30.0,26.0,73.0,39.0,43.041666666666664,39.25,56.0,28.0,24.0,69.0,42.0,47.833333333333336,44.0,61.0,32.0,30.0,74.0,46.0,52.25,45.5,66.0,38.0,37.0,77.5,49.5,57.333333333333336,51.0,71.0,43.0,43.0,82.0,54.0,28.0,1.0,53.0,25.0,20.0,67.0,2.0,34.833333333333336,13.0,58.0,29.0,25.0,72.0,12.0,105.0,96.0,104.0,106.0,109.0,108.0,107.0,110.0,100.0,110.0,112.0,114.0,113.0,111.0,40.166666666666664,34.0,54.0,25.0,20.0,67.0,41.0,44.78333333333333,39.7,58.0,29.0,25.0,72.0,45.0,40.4,34.4,54.0,26.0,20.0,67.0,41.0,44.96666666666667,40.0,58.0,29.0,25.0,72.4,45.4,41.0,35.0,54.0,26.0,21.0,68.0,42.0,46.0,41.0,59.0,30.0,26.0,73.0,47.0,43.0,38.0,56.0,27.0,22.0,69.0,46.0,47.333333333333336,43.0,60.0,30.0,27.0,74.0,50.0,39.833333333333336,34.0,53.0,25.0,20.0,67.0,40.0,44.5,39.0,58.0,29.0,25.0,72.0,44.0,56.5,58.0,72.0,31.0,31.0,77.0,70.0,61.166666666666664,64.0,76.0,34.0,36.0,82.0,75.0,C_p25,16.8397,2.4347227088368557,E1,2.0784218246168282,3.206707957980249,1.5439704982867866,1.2470530947700968,4.0380766878269805,2.4941061895401937,0.0,2.5241014916204523,5.0,1,1,6,,False,False,False,2.3802878515254626,E1,1.8408929957541624,3.4442514114110137,1.9596602858028185,1.009521965413573,3.5927105239718333,2.4347294459974407,False
high/IMG_3693-_jpg,IMG_3693-_jpg,high/IMG_3693-_jpg,high,test,0.0,2699,1799,True,oof,dev,1.955833333333333,2.743,2.068,1.619,2.023,2.158,1.124,E1,False,False,35.86666666666667,30.1,40.1,29.0,45.0,49.0,22.0,44.35,42.1,50.0,35.0,52.0,57.0,30.0,39.199999999999996,44.1,42.0,29.1,45.0,50.0,25.0,47.03333333333333,53.1,52.0,35.1,53.0,57.0,32.0,47.166666666666664,60.0,50.0,33.0,49.0,59.0,32.0,54.833333333333336,69.0,58.5,39.0,56.0,66.5,40.0,61.75,72.0,59.0,46.0,65.0,78.0,50.5,68.58333333333333,80.0,67.0,52.0,71.5,84.0,57.0,26.833333333333332,2.0,38.0,28.0,43.0,49.0,1.0,37.333333333333336,19.0,49.0,34.0,51.0,56.0,15.0,110.33333333333333,102.0,122.0,120.0,121.0,135.0,62.0,117.5,110.0,130.0,126.0,127.0,143.0,69.0,36.4,26.400000000000002,54.0,40.0,29.0,45.0,24.0,44.916666666666664,39.300000000000004,62.0,50.0,35.0,52.0,31.200000000000003,39.9,41.400000000000006,54.0,41.0,30.0,45.0,28.0,48.199999999999996,51.2,62.0,51.0,36.0,53.0,36.0,48.666666666666664,60.5,57.0,45.25,33.25,49.0,47.0,56.458333333333336,69.5,65.0,54.0,39.25,57.0,54.0,61.916666666666664,72.0,68.0,61.0,48.5,66.0,56.0,69.33333333333333,80.0,76.0,69.5,54.5,73.0,63.0,27.5,2.0,53.0,38.0,28.0,43.0,1.0,38.166666666666664,19.0,61.0,49.0,34.0,51.0,15.0,122.33333333333333,102.0,122.0,121.0,121.0,133.0,135.0,130.0,110.0,130.0,129.0,127.0,141.0,143.0,39.333333333333336,54.0,39.0,28.0,44.0,49.0,22.0,47.28333333333333,62.0,49.7,34.0,52.0,56.0,30.0,39.9,54.0,40.0,28.4,44.0,49.0,24.0,47.73333333333333,62.0,50.0,34.4,52.0,57.0,31.0,40.916666666666664,55.0,41.5,29.0,45.0,49.0,26.0,48.583333333333336,63.0,51.0,35.0,52.5,57.0,33.0,43.833333333333336,58.0,45.0,31.0,46.0,53.0,30.0,51.5,67.0,53.0,37.0,54.0,61.0,37.0,38.833333333333336,53.0,38.0,28.0,43.0,49.0,22.0,46.833333333333336,61.0,49.0,34.0,51.0,56.0,30.0,64.0,101.0,63.0,37.0,55.0,76.0,52.0,71.0,109.0,71.0,43.0,62.0,82.0,59.0,C_p25,16.8397,2.429774085444911,E1,3.266091438683587,2.4644144491885247,1.7221209403968003,2.6722566316502077,2.909790554463559,1.5439704982867866,0.0,2.768684969490651,7.0,1,1,6,,False,False,False,2.3060585006462904,E1,3.028565896240719,2.3159621559487853,2.1378112208758018,2.3159621559487853,2.73164767111908,1.306440190535212,False
high/IMG_7289_jpg,IMG_7289_jpg,high/IMG_7289_jpg,high,valid,3.0,2608,1739,False,oof,holdout,4.1001666666666665,3.686,4.054,3.868,5.252,5.437,2.304,E2-E3,False,False,65.575,34.300000000000004,80.0,72.0,91.0,93.0,23.15,76.36666666666666,49.2,88.0,79.0,98.0,100.0,44.0,68.7,49.2,81.0,72.0,91.0,94.0,25.0,79.89999999999999,67.4,89.0,80.0,98.0,101.0,44.0,75.04166666666667,66.0,84.75,74.0,92.0,100.5,33.0,85.54166666666667,83.0,92.75,81.0,99.0,107.5,50.0,88.58333333333333,72.0,97.5,78.0,111.0,116.0,57.0,99.41666666666667,88.0,105.0,84.5,118.0,125.0,76.0,57.333333333333336,4.0,80.0,72.0,90.0,93.0,5.0,69.66666666666667,24.0,88.0,79.0,98.0,100.0,29.0,125.0,118.0,121.0,101.0,133.0,157.0,120.0,133.5,128.0,131.0,107.0,139.0,164.0,132.0,67.65833333333333,35.2,80.0,72.0,91.0,105.3,22.45,78.925,49.8,88.0,79.0,98.0,115.3,43.45,71.13333333333334,49.8,81.0,73.0,91.0,107.0,25.0,82.68333333333334,68.6,88.9,80.0,98.0,116.6,44.0,76.375,66.0,82.75,75.0,93.0,109.5,32.0,87.33333333333333,83.0,90.0,82.0,100.0,120.0,49.0,86.75,73.0,92.0,84.0,104.0,118.0,49.5,97.41666666666667,89.0,99.0,90.0,111.0,129.0,66.5,59.333333333333336,4.0,80.0,72.0,90.0,105.0,5.0,72.16666666666667,24.0,88.0,79.0,98.0,115.0,29.0,134.83333333333334,121.0,121.0,133.0,157.0,157.0,120.0,143.5,131.0,131.0,139.0,164.0,164.0,132.0,70.76666666666667,55.6,80.0,72.0,90.0,105.0,22.0,82.55,73.6,88.0,79.0,98.0,115.0,41.7,71.73333333333333,59.2,80.0,72.0,91.0,106.2,22.0,83.36666666666666,76.2,88.0,79.0,98.0,116.0,43.0,73.66666666666667,65.0,81.0,72.0,91.0,108.0,25.0,85.5,83.0,89.0,80.0,98.0,119.0,44.0,76.33333333333333,67.0,83.0,73.0,92.0,113.0,30.0,87.58333333333333,84.0,91.0,80.0,99.0,124.0,47.5,67.16666666666667,51.0,80.0,72.0,90.0,105.0,5.0,79.83333333333333,70.0,88.0,79.0,98.0,115.0,29.0,87.33333333333333,74.0,96.0,76.0,102.0,135.0,41.0,98.33333333333333,90.0,105.0,83.0,109.0,144.0,59.0,C_p25,16.8397,4.374583078479229,E2-E3,3.8599262457169665,4.810061936970373,4.2756106106403315,5.403896744003752,6.413415915960498,1.4845870175834486,0.0,4.4049484364422815,8.0,1,1,6,frame_uncertain,False,False,False,4.265713363856442,E2-E3,3.1473331862893748,4.216238796727276,4.156855151702947,4.631924311897571,6.413433662627405,3.028565896240719,False
high/IMG_3800-_jpg,IMG_3800-_jpg,high/IMG_3800-_jpg,high,valid,2.0,2698,1799,True,oof,holdout,2.736833333333333,0.0,2.647,2.512,2.871,4.981,3.41,E1,True,False,48.30833333333334,22.25,45.0,56.0,59.0,69.0,38.6,56.23333333333334,29.25,53.3,64.0,68.0,78.25,44.6,54.949999999999996,33.0,48.0,56.0,60.0,75.5,57.2,62.63333333333333,39.0,56.6,64.0,68.0,86.0,62.2,69.58333333333333,51.0,64.5,59.0,63.0,109.0,71.0,79.125,58.0,81.0,66.0,71.25,121.0,77.5,92.33333333333333,91.0,91.0,71.0,78.0,123.0,100.0,101.41666666666667,98.5,103.0,80.0,85.5,134.5,107.0,36.833333333333336,2.0,39.0,55.0,58.0,64.0,3.0,48.0,17.0,49.0,63.0,67.0,74.0,18.0,153.16666666666666,154.0,170.0,141.0,123.0,167.0,164.0,161.66666666666666,163.0,179.0,150.0,131.0,175.0,172.0,43.88333333333333,20.1,42.7,61.5,57.0,64.1,17.9,53.78333333333334,27.1,52.0,81.0,65.0,72.0,25.6,51.333333333333336,30.1,45.0,68.5,59.0,66.2,39.2,60.46666666666667,36.1,54.0,86.5,67.0,74.0,45.2,65.95833333333333,51.0,52.0,88.75,64.0,73.0,67.0,74.08333333333333,57.0,61.0,102.0,72.0,80.5,72.0,98.5,88.0,93.0,114.0,88.0,109.0,99.0,106.75,96.0,103.0,124.0,96.5,116.0,105.0,35.666666666666664,2.0,39.0,52.0,55.0,63.0,3.0,49.166666666666664,17.0,49.0,77.0,63.0,71.0,18.0,161.33333333333334,154.0,169.0,170.0,167.0,165.0,143.0,169.16666666666666,163.0,177.0,179.0,175.0,173.0,148.0,64.18333333333334,41.7,56.4,55.0,59.0,109.0,64.0,75.16666666666667,51.0,78.0,64.0,67.0,120.0,71.0,65.2,43.4,58.8,56.0,59.0,109.0,65.0,76.26666666666667,52.4,80.4,64.0,67.4,121.0,72.4,68.66666666666667,47.0,68.5,56.0,60.0,112.0,68.5,78.91666666666667,55.0,86.5,64.0,68.0,124.0,76.0,75.66666666666667,57.0,82.0,57.0,61.0,117.0,80.0,85.5,66.0,98.0,65.0,70.0,128.0,86.0,62.5,39.0,52.0,55.0,58.0,108.0,63.0,74.33333333333333,49.0,77.0,63.0,67.0,119.0,71.0,116.16666666666667,159.0,116.0,63.0,69.0,144.0,146.0,124.33333333333333,167.0,125.0,71.0,77.0,153.0,153.0,C_p25,16.8397,4.077665674962539,E2-E3,2.791023593056883,4.067768428178649,3.3254749193869246,3.5630088422002766,6.650949838773849,4.067768428178649,0.0,4.0845440804323205,8.0,1,1,6,,False,False,False,4.000962012387394,E2-E3,4.869458891994881,3.681785991508325,2.73164767111908,3.2215627425697844,5.582062632286815,3.919320571605637,True
high/IMG_3595-_jpg,IMG_3595-_jpg,high/IMG_3595-_jpg,high,test,1.0,2698,1799,True,oof,holdout,3.0421666666666667,3.978,4.552,2.784,2.254,3.182,1.503,E1-E2,False,False,48.93333333333334,32.6,83.0,50.0,41.0,65.0,22.0,57.49166666666667,43.95,91.0,58.0,50.0,74.0,28.0,53.18333333333334,53.900000000000006,86.0,50.0,41.0,65.2,23.0,61.416666666666664,61.900000000000006,94.0,58.3,50.0,75.0,29.3,60.541666666666664,81.0,88.0,52.0,42.0,66.0,34.25,68.95833333333333,88.25,97.0,60.0,52.0,76.0,40.5,68.83333333333333,91.0,93.0,57.0,49.0,73.0,50.0,77.66666666666667,98.0,103.0,66.0,59.0,84.0,56.0,40.333333333333336,3.0,80.0,49.0,40.0,58.0,12.0,51.833333333333336,21.0,88.0,58.0,50.0,70.0,24.0,114.16666666666667,130.0,121.0,116.0,121.0,115.0,82.0,123.0,137.0,130.0,128.0,128.0,127.0,88.0,41.43333333333333,27.0,81.0,50.0,41.0,23.0,26.6,50.23333333333333,40.0,89.0,58.0,50.0,29.0,35.4,47.13333333333333,47.0,81.0,51.0,41.0,26.0,36.8,54.96666666666667,56.0,89.0,59.0,50.0,32.0,43.8,59.083333333333336,75.0,83.25,55.0,43.0,49.25,49.0,66.54166666666667,82.0,91.0,64.0,52.0,56.25,54.0,72.91666666666667,92.0,91.0,86.0,50.0,66.5,52.0,81.16666666666667,99.0,99.0,96.0,60.0,76.0,57.0,34.166666666666664,3.0,80.0,49.0,40.0,21.0,12.0,44.666666666666664,21.0,88.0,58.0,50.0,27.0,24.0,116.16666666666667,129.0,130.0,121.0,121.0,115.0,81.0,124.16666666666667,136.0,137.0,130.0,128.0,127.0,87.0,57.166666666666664,81.0,86.0,49.0,40.0,65.0,22.0,65.66666666666667,88.0,96.0,58.0,50.0,74.0,28.0,57.4,81.0,87.0,49.0,40.4,65.0,22.0,66.0,89.0,97.0,58.0,50.0,74.0,28.0,58.0,81.0,87.0,50.0,41.0,66.0,23.0,66.33333333333333,89.0,97.0,58.0,50.0,75.0,29.0,59.833333333333336,84.0,88.0,51.0,41.0,67.0,28.0,68.16666666666667,91.0,98.0,59.0,51.0,76.0,34.0,56.833333333333336,80.0,86.0,49.0,40.0,65.0,21.0,65.33333333333333,88.0,96.0,58.0,50.0,73.0,27.0,77.5,129.0,93.0,53.0,44.0,92.0,54.0,86.5,136.0,104.0,62.0,55.0,102.0,60.0,C_p25,16.8397,3.4442418807936006,E1-E2,4.810061936970373,5.166362821190401,2.969174035166897,2.4347227088368557,3.919309726420304,1.3658200561767726,0.0,3.553797933453989,9.0,1,1,6,,False,False,False,3.0483520094380148,E1-E2,5.225760762140848,4.810075246970554,2.0784275758514736,1.5439747706325233,3.384867766386686,1.2470565455108842,False
high/IMG_3792-_jpg,IMG_3792-_jpg,high/IMG_3792-_jpg,high,valid,1.0,2698,1799,True,oof,holdout,3.326166666666667,4.186,4.328,2.759,1.597,4.043,3.044,E1-E2,False,False,52.54999999999999,30.900000000000002,83.0,55.0,39.0,78.5,28.900000000000002,58.975,37.45,88.0,61.0,47.0,85.5,34.900000000000006,57.633333333333326,39.900000000000006,86.0,56.0,40.0,83.0,40.900000000000006,63.133333333333326,45.900000000000006,91.0,61.0,47.0,89.0,44.900000000000006,66.08333333333333,65.25,88.0,57.0,43.0,87.0,56.25,71.91666666666667,70.25,94.0,63.0,50.0,93.0,61.25,75.91666666666667,83.0,95.0,63.0,52.0,97.0,65.5,81.5,86.5,101.0,69.0,58.0,104.0,70.5,42.666666666666664,13.0,81.0,55.0,39.0,67.0,1.0,50.666666666666664,22.0,85.0,60.0,46.0,74.0,17.0,118.16666666666667,118.0,130.0,127.0,108.0,129.0,97.0,123.0,121.0,136.0,133.0,113.0,134.0,101.0,53.74166666666667,28.25,80.0,87.0,55.0,40.0,32.2,59.574999999999996,35.25,84.0,93.0,61.0,47.0,37.2,57.6,35.5,81.0,87.7,56.0,41.0,44.400000000000006,62.81666666666666,41.5,85.0,93.0,61.0,48.0,48.400000000000006,65.54166666666667,55.25,83.0,89.0,57.0,49.0,60.0,71.04166666666667,60.25,88.0,95.0,63.0,55.0,65.0,80.08333333333333,81.0,90.0,96.5,64.0,80.0,69.0,85.16666666666667,85.0,94.5,102.0,69.5,87.0,73.0,45.833333333333336,13.0,80.0,87.0,55.0,39.0,1.0,53.5,22.0,84.0,92.0,60.0,46.0,17.0,126.5,117.0,130.0,129.0,127.0,127.0,129.0,131.66666666666666,120.0,136.0,134.0,133.0,133.0,134.0,67.83333333333333,80.0,87.0,55.0,39.0,83.0,63.0,73.33333333333333,84.0,92.0,61.0,46.0,89.0,68.0,68.0,80.0,87.0,55.0,39.0,83.0,64.0,73.5,84.0,93.0,61.0,46.0,89.0,68.0,69.0,81.0,88.0,56.0,40.0,84.0,65.0,74.16666666666667,85.0,93.0,61.0,47.0,90.0,69.0,70.5,83.0,89.0,56.0,41.0,86.0,68.0,76.16666666666667,88.0,94.0,62.0,48.0,93.0,72.0,67.83333333333333,80.0,87.0,55.0,39.0,83.0,63.0,73.16666666666667,84.0,92.0,60.0,46.0,89.0,68.0,87.33333333333333,108.0,99.0,61.0,45.0,118.0,93.0,92.5,112.0,104.0,67.0,52.0,123.0,97.0,C_p25,16.8397,4.0974601685303185,E2-E3,4.810061936970373,5.225746301893739,3.3254749193869246,2.3753392281335177,4.988212379080387,3.8599262457169665,0.0,3.8790939590213536,5.5,1,1,6,,False,False,False,3.7411592843102905,E1-E2,5.106993472092193,5.285144407165176,3.384867766386686,1.6033584156568512,3.741169636532653,3.3254841213623583,False
high/IMG_3552_jpg,IMG_3552_jpg,high/IMG_3552_jpg,high,train,3.0,2698,1799,True,oof,holdout,1.030333333333333,0.751,2.914,0.751,0.177,1.236,0.353,E1,False,False,7.683333333333334,15.0,0.0,7.0,0.0,24.1,0.0,8.666666666666666,17.0,0.0,7.0,0.0,28.0,0.0,8.166666666666666,16.0,0.0,7.0,0.0,26.0,0.0,9.0,18.0,0.0,7.0,0.0,29.0,0.0,13.75,19.5,22.0,11.5,0.0,29.5,0.0,18.0,22.5,42.0,11.5,0.0,32.0,0.0,31.0,40.0,66.0,17.0,0.0,41.0,22.0,33.5,42.0,70.0,17.0,0.0,44.0,28.0,4.333333333333333,1.0,0.0,6.0,0.0,19.0,0.0,6.0,8.0,0.0,6.0,0.0,22.0,0.0,74.83333333333333,98.0,86.0,57.0,57.0,81.0,70.0,79.5,100.0,100.0,59.0,59.0,85.0,74.0,7.416666666666667,4.5,15.0,0.0,0.0,25.0,0.0,9.333333333333334,10.0,17.0,0.0,0.0,29.0,0.0,9.333333333333334,7.0,16.0,7.0,0.0,26.0,0.0,11.0,12.0,18.0,7.0,0.0,29.0,0.0,13.416666666666666,16.5,19.0,14.0,0.0,31.0,0.0,14.916666666666666,20.5,21.0,14.0,0.0,34.0,0.0,27.5,28.0,37.0,40.0,0.0,46.0,14.0,30.416666666666668,31.0,39.0,43.0,0.0,48.5,21.0,6.666666666666667,1.0,15.0,0.0,0.0,24.0,0.0,8.666666666666666,8.0,17.0,0.0,0.0,27.0,0.0,79.0,46.0,98.0,98.0,81.0,81.0,70.0,81.83333333333333,48.0,100.0,100.0,84.0,85.0,74.0,17.233333333333334,15.0,63.7,0.0,0.0,24.7,0.0,18.5,17.0,66.0,0.0,0.0,28.0,0.0,17.400000000000002,15.4,64.0,0.0,0.0,25.0,0.0,18.733333333333334,17.4,66.0,0.0,0.0,29.0,0.0,17.833333333333332,17.0,64.0,0.0,0.0,26.0,0.0,19.166666666666668,19.0,67.0,0.0,0.0,29.0,0.0,21.833333333333332,21.0,66.0,14.0,0.0,30.0,0.0,23.333333333333332,23.0,68.0,17.0,0.0,32.0,0.0,17.0,15.0,63.0,0.0,0.0,24.0,0.0,18.333333333333332,17.0,66.0,0.0,0.0,27.0,0.0,43.0,48.0,75.0,76.0,0.0,40.0,19.0,49.333333333333336,50.0,77.0,100.0,0.0,43.0,26.0,C_p25,16.8397,1.0590054058761933,E1,1.0095191719567451,3.8005427650136285,0.0,0.0,1.5439704982867866,0.0,0.0,0.8071254769716563,3.0,4,2,6,"gingiva_multi_component,region_zero",False,False,False,1.0985943930117519,E1,0.6235282727554421,4.216238796727276,0.1781509350729834,0.1187672900486556,0.7422955628040978,0.7126037402919339,False
high/IMG_6907_jpg,IMG_6907_jpg,high/IMG_6907_jpg,high,test,4.0,2696,1798,True,oof,dev,3.560666666666666,5.273,4.455,0.727,2.727,3.818,4.364,E1-E2,False,False,52.091666666666676,47.35000000000001,90.0,14.05,44.0,67.0,50.150000000000006,65.05,74.2,100.0,20.0,52.0,77.0,67.1,60.78333333333333,77.4,95.0,15.0,44.1,67.0,66.2,70.91666666666667,93.2,104.0,20.0,52.0,77.0,79.30000000000001,71.5,111.0,98.0,16.0,47.0,69.0,88.0,79.16666666666667,118.0,106.0,21.0,54.0,79.0,97.0,80.25,116.0,105.0,22.0,58.0,81.0,99.5,88.5,124.0,114.0,27.5,65.0,92.0,108.5,36.333333333333336,14.0,67.0,14.0,43.0,66.0,14.0,54.166666666666664,53.0,77.0,20.0,51.0,77.0,47.0,123.66666666666667,157.0,147.0,64.0,98.0,133.0,143.0,132.83333333333334,165.0,156.0,73.0,110.0,142.0,151.0,56.17499999999999,36.900000000000006,111.0,15.0,44.0,87.0,43.150000000000006,69.75,68.45,118.0,20.0,52.0,96.0,64.05,63.31666666666667,63.2,111.4,15.0,45.0,88.0,57.300000000000004,74.41666666666667,83.9,118.4,21.0,53.0,97.0,73.2,77.375,101.5,114.0,19.5,54.0,90.75,84.5,85.79166666666667,111.5,121.0,25.0,62.0,99.75,95.5,94.91666666666667,123.0,121.0,42.0,69.0,101.0,113.5,103.25,131.5,129.0,48.0,79.0,109.5,122.5,47.0,14.0,110.0,14.0,43.0,87.0,14.0,64.0,53.0,117.0,20.0,51.0,96.0,47.0,146.16666666666666,156.0,157.0,147.0,133.0,143.0,141.0,154.66666666666666,164.0,165.0,156.0,142.0,151.0,150.0,69.5,111.0,94.0,14.0,44.0,67.0,87.0,77.66666666666667,118.0,104.0,20.0,51.0,77.0,96.0,69.83333333333333,111.0,95.0,14.0,44.0,67.0,88.0,77.8,118.0,104.0,20.0,51.4,77.0,96.4,70.5,112.0,95.0,15.0,44.0,67.0,90.0,78.41666666666667,119.0,104.5,20.0,52.0,77.0,98.0,72.66666666666667,115.0,98.0,15.0,45.0,68.0,95.0,81.0,123.0,107.0,21.0,53.0,78.0,104.0,69.0,110.0,94.0,14.0,43.0,66.0,87.0,77.33333333333333,117.0,103.0,20.0,51.0,77.0,96.0,98.33333333333333,157.0,142.0,20.0,52.0,76.0,143.0,106.5,165.0,150.0,27.0,61.0,85.0,151.0,C_p25,16.8397,4.186535389585325,E2-E3,6.650949838773849,5.641430666817104,0.8907522105500691,2.6128731509468697,3.978693207123642,5.344513263300415,0.0,4.197052480252612,9.0,1,1,6,,False,False,False,3.5580602188083312,E1-E2,5.878980857408455,4.335006086775931,0.2969182251216391,2.612880381070424,3.741169636532653,4.483465199336751,False
high/IMG_2739-_jpg,IMG_2739-_jpg,high/IMG_2739-_jpg,high,train,1.0,2699,1799,True,oof,holdout,2.4341666666666666,0.0,2.683,2.684,3.739,4.751,0.748,E1,True,False,56.708333333333336,18.0,71.75,63.0,74.0,97.0,16.5,61.916666666666664,22.0,77.75,69.0,80.0,102.0,20.75,58.5,19.0,73.0,63.0,75.0,98.0,23.0,63.583333333333336,23.0,79.0,69.0,80.0,103.0,27.5,61.125,25.75,75.0,65.0,76.0,101.0,24.0,66.45833333333333,29.75,81.0,71.0,81.0,107.0,29.0,74.75,42.0,90.5,77.0,84.0,119.0,36.0,80.08333333333333,46.0,96.0,83.0,90.0,125.0,40.5,50.666666666666664,3.0,68.0,62.0,74.0,96.0,1.0,58.0,17.0,74.0,68.0,79.0,102.0,8.0,140.0,124.0,156.0,149.0,127.0,161.0,123.0,145.83333333333334,128.0,161.0,155.0,133.0,170.0,128.0,43.1,18.0,74.0,63.0,74.0,23.0,6.6000000000000005,48.6,22.0,80.0,69.0,80.0,28.0,12.600000000000001,44.9,19.0,74.0,63.0,75.0,24.200000000000003,14.200000000000001,50.23333333333333,23.0,80.0,70.0,80.0,29.200000000000003,19.200000000000003,53.291666666666664,22.5,77.0,66.75,78.0,51.0,24.5,58.333333333333336,26.5,83.0,73.0,83.0,56.0,28.5,72.41666666666667,39.0,91.0,79.5,89.0,100.0,36.0,77.75,43.0,96.0,85.5,96.0,106.0,40.0,39.333333333333336,3.0,73.0,62.0,74.0,23.0,1.0,46.5,17.0,79.0,68.0,79.0,28.0,8.0,137.33333333333334,123.0,155.0,156.0,161.0,160.0,69.0,143.33333333333334,127.0,160.0,161.0,170.0,169.0,73.0,58.0,18.0,73.0,63.0,74.0,97.0,23.0,63.166666666666664,22.0,79.0,69.0,79.0,102.0,28.0,58.23333333333333,19.0,73.4,63.0,74.0,97.0,23.0,63.4,22.0,79.4,69.0,80.0,102.0,28.0,58.583333333333336,20.0,74.0,63.0,74.0,97.5,23.0,64.0,24.0,80.0,69.0,80.0,103.0,28.0,60.666666666666664,24.0,76.0,64.0,75.0,99.0,26.0,65.83333333333333,28.0,82.0,70.0,80.0,104.0,31.0,57.666666666666664,18.0,73.0,62.0,74.0,96.0,23.0,63.0,22.0,79.0,68.0,79.0,102.0,28.0,75.66666666666667,42.0,89.0,67.0,79.0,108.0,69.0,81.16666666666667,46.0,95.0,73.0,85.0,115.0,73.0,C_p25,16.8397,3.4788822445372145,E1-E2,1.1876696140667589,4.3943775720470075,3.7411592843102905,4.3943775720470075,5.78988936857545,1.3658200561767726,0.0,3.588039620355817,6.0,1,1,6,,False,False,False,3.0829923731816278,E1-E2,0.8313710303405896,3.473943233923177,3.028565896240719,3.741169636532653,5.403911697213832,2.019043930827146,False
high/gummy30_JPG,gummy30_JPG,high/gummy30_JPG,high,train,2.0,2698,1799,True,oof,dev,1.1561666666666668,0.0,0.595,1.85,2.247,2.245,0.0,E1,True,False,18.683333333333334,0.0,0.0,26.0,37.05,36.0,13.05,22.183333333333334,0.0,0.0,30.0,41.05,42.0,20.05,20.916666666666668,0.0,0.30000000000000426,27.0,41.1,37.0,20.1,24.05,0.0,1.1000000000000156,31.0,45.1,42.0,25.1,25.916666666666668,0.0,14.0,29.0,48.25,38.0,26.25,30.083333333333332,0.0,20.0,33.0,53.25,44.0,30.25,31.916666666666668,0.0,16.0,37.0,62.5,41.5,34.5,35.916666666666664,0.0,21.0,42.0,67.5,47.0,38.0,16.0,0.0,0.0,26.0,33.0,36.0,1.0,20.5,0.0,0.0,30.0,37.0,41.0,15.0,80.0,17.0,94.0,93.0,102.0,86.0,88.0,84.83333333333333,21.0,99.0,98.0,107.0,91.0,93.0,18.683333333333334,0.0,0.0,26.0,37.05,36.0,13.05,22.183333333333334,0.0,0.0,30.0,41.05,42.0,20.05,20.916666666666668,0.0,0.30000000000000426,27.0,41.1,37.0,20.1,24.05,0.0,1.1000000000000156,31.0,45.1,42.0,25.1,25.916666666666668,0.0,14.0,29.0,48.25,38.0,26.25,30.083333333333332,0.0,20.0,33.0,53.25,44.0,30.25,31.916666666666668,0.0,16.0,37.0,62.5,41.5,34.5,35.916666666666664,0.0,21.0,42.0,67.5,47.0,38.0,16.0,0.0,0.0,26.0,33.0,36.0,1.0,20.5,0.0,0.0,30.0,37.0,41.0,15.0,80.0,17.0,94.0,93.0,102.0,86.0,88.0,84.83333333333333,21.0,99.0,98.0,107.0,91.0,93.0,18.683333333333334,0.0,0.0,26.0,37.05,36.0,13.05,22.183333333333334,0.0,0.0,30.0,41.05,42.0,20.05,20.916666666666668,0.0,0.30000000000000426,27.0,41.1,37.0,20.1,24.05,0.0,1.1000000000000156,31.0,45.1,42.0,25.1,25.916666666666668,0.0,14.0,29.0,48.25,38.0,26.25,30.083333333333332,0.0,20.0,33.0,53.25,44.0,30.25,31.916666666666668,0.0,16.0,37.0,62.5,41.5,34.5,35.916666666666664,0.0,21.0,42.0,67.5,47.0,38.0,16.0,0.0,0.0,26.0,33.0,36.0,1.0,20.5,0.0,0.0,30.0,37.0,41.0,15.0,80.0,17.0,94.0,93.0,102.0,86.0,88.0,84.83333333333333,21.0,99.0,98.0,107.0,91.0,93.0,C_p25,16.8397,1.5390218748948419,E1,0.0,0.8313687298467312,1.7221209403968003,2.865252943936056,2.2565722667268417,1.558816368462621,0.0,1.521309232352637,5.0,2,1,0,"gingiva_multi_component,region_zero,festoon_detection_failed,zenith_detection_failed",True,False,False,2.0586273310490486,E1,1.1876729004865565,1.6627420606811791,2.791031316143408,2.5534967360460965,3.1473331862893748,1.009521965413573,True
high/IMG_3866-_jpg,IMG_3866-_jpg,high/IMG_3866-_jpg,high,valid,1.0,2699,1799,True,oof,dev,0.6145,0.444,0.711,0.622,0.844,1.066,0.0,E1,True,False,11.5,10.0,20.0,14.0,10.0,15.0,0.0,15.975000000000001,16.0,23.0,18.0,16.9,21.95,0.0,11.833333333333334,10.0,20.0,15.0,10.0,16.0,0.0,16.333333333333332,16.0,23.0,19.0,17.0,23.0,0.0,14.25,12.5,24.0,17.0,13.0,19.0,0.0,18.166666666666668,18.0,27.0,20.0,19.0,25.0,0.0,24.25,23.0,38.5,22.0,24.0,29.0,9.0,29.416666666666668,27.0,41.5,26.0,29.0,35.0,18.0,9.5,1.0,19.0,14.0,9.0,14.0,0.0,14.666666666666666,12.0,22.0,18.0,16.0,20.0,0.0,89.5,86.0,104.0,71.0,102.0,96.0,78.0,92.83333333333333,89.0,107.0,75.0,106.0,99.0,81.0,11.566666666666668,10.0,20.0,14.4,10.0,15.0,0.0,15.833333333333334,16.0,23.0,18.0,17.0,21.0,0.0,12.0,10.0,20.0,15.0,11.0,16.0,0.0,16.333333333333332,16.0,23.0,19.0,17.0,23.0,0.0,14.458333333333334,12.0,23.0,18.0,14.75,19.0,0.0,18.458333333333332,17.0,26.0,22.0,20.75,25.0,0.0,23.75,19.0,33.0,30.0,27.0,29.0,4.5,28.916666666666668,24.0,36.0,34.0,31.0,35.0,13.5,9.5,1.0,19.0,14.0,9.0,14.0,0.0,14.666666666666666,12.0,22.0,18.0,16.0,20.0,0.0,95.0,86.0,104.0,104.0,102.0,96.0,78.0,98.16666666666667,89.0,107.0,107.0,106.0,99.0,81.0,11.166666666666666,10.0,19.0,14.0,10.0,14.0,0.0,15.5,16.0,22.0,18.0,16.0,21.0,0.0,11.299999999999999,10.0,19.4,14.0,10.0,14.4,0.0,15.566666666666668,16.0,22.4,18.0,16.0,21.0,0.0,12.0,11.0,20.0,15.0,10.0,16.0,0.0,16.333333333333332,16.0,23.0,19.0,17.0,23.0,0.0,13.333333333333334,12.0,22.0,16.0,11.0,19.0,0.0,17.5,17.0,25.0,20.0,18.0,25.0,0.0,10.833333333333334,9.0,19.0,14.0,9.0,14.0,0.0,15.333333333333334,16.0,22.0,18.0,16.0,20.0,0.0,21.666666666666668,20.0,37.0,21.0,18.0,27.0,7.0,27.166666666666668,26.0,40.0,25.0,24.0,32.0,16.0,C_p25,16.8397,0.7126017684400553,E1,0.6532182877367174,1.1876696140667589,0.8907522105500691,0.5938348070333794,0.9501356912534071,0.0,0.0,0.8364754943160801,4.0,2,1,6,"gingiva_multi_component,region_zero",False,False,False,0.9897246783889658,E1,0.3563018701459669,0.4156855151702948,1.36582383555954,1.306440190535212,2.256578510924457,0.2375345800973113,False
high/IMG_6488-_jpg,IMG_6488-_jpg,high/IMG_6488-_jpg,high,test,0.0,2697,1798,True,oof,holdout,4.627,2.183,4.471,6.135,5.199,5.927,3.847,E2-E3,False,False,68.83333333333333,21.8,87.0,98.0,83.0,89.8,33.400000000000006,78.2,33.6,96.0,105.0,93.0,100.0,41.6,73.13333333333334,31.6,87.0,98.0,83.0,92.0,47.2,82.3,40.6,97.0,105.0,94.0,103.0,54.2,81.5,44.0,91.0,99.0,85.0,99.0,71.0,90.5,53.0,100.0,106.0,96.0,110.0,78.0,92.83333333333333,50.0,109.0,103.0,110.0,107.0,78.0,101.5,58.0,119.0,110.0,117.0,118.0,87.0,59.333333333333336,2.0,87.0,98.0,82.0,86.0,1.0,71.83333333333333,19.0,96.0,105.0,93.0,97.0,21.0,144.0,106.0,158.0,163.0,153.0,151.0,133.0,153.0,116.0,167.0,171.0,160.0,162.0,142.0,69.78333333333333,22.8,87.0,98.0,83.0,99.0,28.900000000000002,79.21666666666665,34.4,96.0,105.0,93.0,109.0,37.900000000000006,73.83333333333333,33.6,87.0,98.0,83.0,99.2,42.2,82.93333333333334,41.8,97.0,105.0,94.0,110.0,49.800000000000004,81.08333333333333,44.0,91.0,100.0,86.0,101.5,64.0,89.58333333333333,53.0,100.0,106.0,96.0,112.0,70.5,91.91666666666667,50.0,109.0,107.5,97.0,111.0,77.0,101.33333333333333,59.0,119.0,114.0,107.0,123.0,86.0,61.333333333333336,2.0,87.0,98.0,82.0,98.0,1.0,73.83333333333333,19.0,96.0,105.0,93.0,109.0,21.0,150.33333333333334,139.0,163.0,163.0,153.0,151.0,133.0,159.16666666666666,148.0,171.0,171.0,161.0,162.0,142.0,68.83333333333333,21.8,87.0,98.0,83.0,89.8,33.400000000000006,78.2,33.6,96.0,105.0,93.0,100.0,41.6,73.13333333333334,31.6,87.0,98.0,83.0,92.0,47.2,82.3,40.6,97.0,105.0,94.0,103.0,54.2,81.5,44.0,91.0,99.0,85.0,99.0,71.0,90.5,53.0,100.0,106.0,96.0,110.0,78.0,92.83333333333333,50.0,109.0,103.0,110.0,107.0,78.0,101.5,58.0,119.0,110.0,117.0,118.0,87.0,59.333333333333336,2.0,87.0,98.0,82.0,86.0,1.0,71.83333333333333,19.0,96.0,105.0,93.0,97.0,21.0,144.0,106.0,158.0,163.0,153.0,151.0,133.0,153.0,116.0,167.0,171.0,160.0,162.0,142.0,C_p25,16.8397,4.839753677322042,E2-E3,2.6128731509468697,5.403896744003752,5.878964589630456,5.047595859783725,5.878964589630456,4.216227129936994,0.0,4.78405282714109,9.0,1,1,0,zenith_detection_failed,True,False,False,4.636860118252304,E2-E3,2.375345800973113,4.899150714507045,6.057131792481438,5.225760762140848,6.057131792481438,3.2067168313137024,False
high/IMG_2761-_jpg,IMG_2761-_jpg,high/IMG_2761-_jpg,high,train,0.0,2693,1796,False,oof,dev,3.2761666666666667,2.468,4.425,2.553,2.51,4.723,2.978,E1-E2,False,False,53.166666666666664,31.0,64.0,51.0,50.0,91.0,32.0,63.0,41.0,76.0,61.0,60.0,99.0,41.0,59.98333333333333,45.0,70.9,51.0,50.0,92.0,51.0,69.3,53.0,83.8,61.0,60.0,100.0,58.0,69.45833333333333,57.0,94.0,52.0,53.0,96.75,64.0,78.0,65.0,103.0,63.0,62.0,105.0,70.0,80.91666666666667,72.0,98.0,61.0,62.0,115.5,77.0,89.83333333333333,80.0,107.5,71.0,71.0,125.5,84.0,42.333333333333336,4.0,59.0,50.0,49.0,91.0,1.0,54.5,23.0,71.0,60.0,59.0,99.0,15.0,138.0,133.0,150.0,142.0,116.0,153.0,134.0,146.83333333333334,143.0,160.0,149.0,124.0,163.0,142.0,50.666666666666664,38.55,51.0,50.0,91.0,61.45,12.0,59.583333333333336,46.55,61.0,60.0,99.0,67.45,23.5,56.583333333333336,55.0,51.0,50.5,92.0,62.0,29.0,65.16666666666667,63.0,61.0,61.0,100.0,68.0,38.0,64.25,63.75,54.0,55.0,95.0,64.25,53.5,72.375,71.75,64.0,64.0,103.0,71.0,60.5,83.16666666666667,94.0,68.5,71.5,110.0,76.0,79.0,91.83333333333333,103.0,79.0,81.0,119.0,83.0,86.0,42.5,4.0,50.0,49.0,91.0,60.0,1.0,53.833333333333336,23.0,60.0,59.0,99.0,67.0,15.0,141.66666666666666,149.0,150.0,152.0,153.0,134.0,112.0,150.83333333333334,159.0,160.0,162.0,163.0,142.0,119.0,66.73333333333333,55.7,93.0,51.0,49.0,91.0,60.7,75.33333333333333,63.0,102.0,61.0,60.0,99.0,67.0,67.16666666666667,56.0,94.0,51.0,49.0,91.0,62.0,75.56666666666666,63.0,102.4,61.0,60.0,99.0,68.0,67.66666666666667,57.0,94.0,51.0,50.0,92.0,62.0,76.33333333333333,65.0,103.0,61.0,60.0,100.0,69.0,69.5,61.0,95.0,51.0,51.0,94.0,65.0,78.33333333333333,69.0,104.0,62.0,61.0,102.0,72.0,66.33333333333333,55.0,93.0,50.0,49.0,91.0,60.0,75.0,63.0,102.0,60.0,59.0,99.0,67.0,80.66666666666667,81.0,104.0,54.0,55.0,103.0,87.0,89.33333333333333,87.0,114.0,66.0,65.0,110.0,94.0,C_p25,16.8397,4.018282194259201,E2-E3,3.3848584000902626,5.582047186113766,3.028557515870235,2.969174035166897,5.46328022470709,3.6817758036069526,0.0,4.077206576096215,9.0,1,1,6,frame_uncertain,False,False,False,3.7461079077022355,E1-E2,3.0582577187528828,6.235282727554422,2.375345800973113,2.1378112208758018,5.641446277311143,3.028565896240719,False
high/IMG_6931_jpg,IMG_6931_jpg,high/IMG_6931_jpg,high,train,3.0,2699,1799,True,oof,dev,4.544333333333333,3.795,5.493,3.596,3.995,5.893,4.494,E2-E3,False,False,73.08333333333333,47.5,94.0,60.0,71.0,110.0,56.0,90.29166666666667,67.25,104.5,72.0,84.0,123.0,91.0,80.5,65.0,95.0,61.0,71.0,111.0,80.0,92.58333333333333,75.0,108.0,72.0,84.0,124.0,92.5,84.16666666666667,70.0,99.0,63.0,74.0,115.0,84.0,96.41666666666667,81.0,111.25,75.0,86.0,127.25,98.0,99.75,90.5,114.0,71.0,83.0,129.5,110.5,113.66666666666667,103.5,126.0,82.5,96.0,142.5,131.5,56.833333333333336,4.0,86.0,60.0,70.0,107.0,14.0,79.83333333333333,43.0,96.0,71.0,83.0,118.0,68.0,151.83333333333334,158.0,149.0,140.0,139.0,162.0,163.0,164.16666666666666,167.0,162.0,152.0,152.0,177.0,175.0,60.041666666666664,38.0,67.0,60.0,71.0,82.0,42.25,78.61666666666666,62.2,77.0,72.0,84.0,93.0,83.5,67.43333333333332,54.400000000000006,70.0,61.0,71.0,82.2,66.0,83.2,72.2,79.5,72.0,84.0,94.0,97.5,86.45833333333333,83.0,88.25,63.25,75.0,103.0,106.25,100.08333333333333,96.0,98.25,75.0,88.0,115.0,128.25,104.08333333333333,114.0,101.0,73.0,87.0,117.0,132.5,117.16666666666667,125.0,113.5,85.0,100.0,130.0,149.5,48.833333333333336,4.0,65.0,60.0,70.0,80.0,14.0,71.83333333333333,43.0,75.0,71.0,83.0,91.0,68.0,158.5,156.0,158.0,149.0,162.0,163.0,163.0,170.33333333333334,166.0,167.0,161.0,177.0,176.0,175.0,80.23333333333333,65.7,95.0,60.0,70.0,110.0,80.7,92.23333333333333,75.0,108.0,71.7,84.0,123.0,91.7,80.5,66.0,95.0,60.0,71.0,110.0,81.0,92.56666666666666,76.0,108.0,72.0,84.0,123.4,92.0,81.41666666666667,68.0,96.0,60.5,71.0,111.0,82.0,93.33333333333333,78.0,109.0,72.0,84.0,124.0,93.0,83.5,72.0,98.0,61.0,72.0,113.0,85.0,95.33333333333333,81.0,111.0,73.0,85.0,125.0,97.0,79.83333333333333,65.0,94.0,60.0,70.0,110.0,80.0,91.66666666666667,75.0,107.0,71.0,83.0,123.0,91.0,119.66666666666667,158.0,114.0,67.0,77.0,139.0,163.0,131.33333333333334,167.0,127.0,79.0,89.0,151.0,175.0,C_p25,16.8397,4.834805053930098,E2-E3,4.0380766878269805,5.700814147520442,3.5927005825519456,4.216227129936994,6.591566358070512,4.869445417673711,0.0,4.940586252978017,12.0,1,1,6,,False,False,False,4.720986715915367,E2-E3,3.830245104069145,6.2946663725787495,3.5036350564353413,3.41455958889885,6.8291191777977,4.453773376824587,False
high/IMG_6703_jpg,IMG_6703_jpg,high/IMG_6703_jpg,high,valid,3.0,2699,1799,True,oof,dev,2.729833333333333,3.471,3.362,2.278,1.844,2.495,2.929,E1,False,False,33.84166666666666,26.7,50.0,30.0,25.0,44.0,27.35,39.00833333333333,34.7,55.0,35.0,29.0,47.0,33.35,39.13333333333333,40.7,50.7,30.0,25.0,45.0,43.4,44.35,47.7,56.7,36.0,29.0,48.0,48.7,46.125,60.0,55.0,32.0,28.0,50.75,51.0,50.833333333333336,65.0,61.0,38.0,32.0,54.0,55.0,56.25,68.0,63.0,41.0,39.0,65.5,61.0,60.666666666666664,73.0,68.5,46.0,42.5,69.0,65.0,24.833333333333332,2.0,49.0,30.0,24.0,43.0,1.0,32.0,16.0,55.0,35.0,28.0,46.0,12.0,99.66666666666667,111.0,106.0,109.0,92.0,92.0,88.0,104.16666666666667,116.0,111.0,114.0,96.0,96.0,92.0,36.13333333333333,23.3,58.0,49.0,30.0,25.0,31.5,41.78333333333333,32.2,63.0,55.0,35.0,29.0,36.5,41.65,37.400000000000006,58.0,50.0,30.0,26.0,48.5,46.81666666666666,44.400000000000006,63.0,55.5,36.0,30.0,52.0,48.333333333333336,60.5,60.0,52.0,32.0,33.5,52.0,53.416666666666664,66.5,65.0,58.0,38.0,37.0,56.0,58.5,69.0,67.5,62.5,42.0,48.0,62.0,63.25,74.0,72.5,68.0,47.0,52.0,66.0,27.333333333333332,2.0,58.0,49.0,30.0,24.0,1.0,34.833333333333336,16.0,63.0,55.0,35.0,28.0,12.0,103.16666666666667,108.0,111.0,109.0,107.0,92.0,92.0,108.0,113.0,116.0,114.0,113.0,96.0,96.0,42.166666666666664,58.0,49.0,30.0,24.0,43.0,49.0,46.666666666666664,63.0,55.0,35.0,28.0,47.0,52.0,42.166666666666664,58.0,49.0,30.0,24.0,43.0,49.0,46.666666666666664,63.0,55.0,35.0,28.0,47.0,52.0,43.083333333333336,59.0,50.0,30.0,25.0,44.5,50.0,47.416666666666664,63.0,56.0,35.5,29.0,48.0,53.0,44.5,60.0,52.0,31.0,26.0,46.0,52.0,49.166666666666664,65.0,58.0,36.0,30.0,50.0,56.0,42.166666666666664,58.0,49.0,30.0,24.0,43.0,49.0,46.5,63.0,55.0,35.0,28.0,46.0,52.0,55.333333333333336,73.0,65.0,35.0,35.0,57.0,67.0,59.666666666666664,78.0,70.0,41.0,38.0,60.0,71.0,C_p25,16.8397,2.5584382936354766,E1,3.5036253614969386,2.969174035166897,1.7815044211001383,1.4845870175834486,2.6425648912985387,2.969174035166897,0.0,2.7075391000231015,5.0,1,1,6,,False,False,False,2.3901850983093524,E1,3.0582577187528828,2.8504149611677354,2.197194865900129,1.5439747706325233,2.019043930827146,2.672264026094752,False
high/IMG_8579_jpg,IMG_8579_jpg,high/IMG_8579_jpg,high,valid,4.0,2698,1799,True,oof,dev,7.141666666666667,5.515,8.485,6.93,5.94,8.202,7.778,E3,False,False,79.5,54.0,113.75,92.0,76.0,89.75,51.5,92.79166666666667,70.25,126.0,104.0,87.0,100.0,69.5,85.91666666666667,68.0,115.0,93.0,77.0,95.5,67.0,98.0,80.0,127.5,105.0,88.0,106.5,81.0,95.04166666666667,72.75,120.0,95.0,79.0,110.75,92.75,106.75,84.0,133.0,107.0,89.75,121.0,105.75,104.91666666666667,86.0,134.5,102.0,85.0,117.0,105.0,116.75,98.0,148.0,115.0,95.5,128.0,116.0,64.66666666666667,7.0,112.0,91.0,76.0,85.0,17.0,82.16666666666667,39.0,125.0,103.0,87.0,96.0,43.0,152.33333333333334,160.0,164.0,150.0,150.0,150.0,140.0,164.33333333333334,172.0,180.0,161.0,161.0,161.0,151.0,82.9,54.0,113.0,92.0,76.6,110.0,51.8,96.175,70.25,126.0,104.0,87.0,120.0,69.8,88.36666666666667,68.0,114.0,93.0,77.0,110.6,67.6,100.43333333333334,80.0,127.0,105.0,88.0,121.0,81.6,95.29166666666667,72.75,118.0,96.0,79.0,112.0,94.0,107.0,84.0,130.0,108.0,90.0,123.0,107.0,106.66666666666667,86.0,131.0,108.0,88.0,122.0,105.0,118.33333333333333,98.0,144.0,120.0,100.0,132.0,116.0,68.66666666666667,7.0,112.0,91.0,76.0,109.0,17.0,86.0,39.0,125.0,103.0,87.0,119.0,43.0,154.33333333333334,160.0,164.0,163.0,150.0,149.0,140.0,167.16666666666666,172.0,180.0,179.0,161.0,160.0,151.0,92.68333333333334,68.0,112.7,91.0,76.0,109.7,98.7,104.23333333333335,79.7,125.0,103.0,87.0,120.0,110.7,93.3,68.0,113.0,91.4,76.0,110.0,101.4,104.89999999999999,80.0,126.0,103.4,87.0,120.0,113.0,94.41666666666667,70.0,114.5,92.0,77.0,111.0,102.0,105.75,81.5,127.0,104.0,88.0,121.0,113.0,96.33333333333333,74.0,117.0,94.0,77.0,112.0,104.0,108.0,86.0,130.0,106.0,88.0,123.0,115.0,91.66666666666667,67.0,112.0,91.0,76.0,109.0,95.0,103.5,79.0,125.0,103.0,87.0,119.0,108.0,104.16666666666667,90.0,129.0,97.0,81.0,120.0,108.0,115.5,101.0,141.0,110.0,92.0,131.0,118.0,C_p25,16.8397,5.606790303073491,E2-E3,4.1568436492336565,6.799408540532195,5.46328022470709,4.5725280141570215,6.591566358070512,6.05711503174047,0.0,5.578949130219236,11.0,1,1,6,,False,False,False,5.413793990787644,E2-E3,3.741169636532653,7.066653757895011,5.582062632286815,4.453773376824587,6.591584597700388,5.047609827067865,True
high/IMG_6617-_jpg,IMG_6617-_jpg,high/IMG_6617-_jpg,high,train,2.0,2701,1800,False,oof,dev,3.7575,3.712,4.165,2.807,3.803,4.165,3.893,E1-E2,False,False,51.59166666666667,21.9,78.0,56.0,56.0,69.95,27.700000000000003,61.10833333333334,34.9,86.0,66.0,64.0,80.95,34.8,57.28333333333333,39.9,79.0,56.0,56.0,74.0,38.8,66.76666666666667,51.8,87.0,66.0,65.0,86.0,44.8,69.0,71.0,83.0,59.0,58.75,76.75,65.5,78.08333333333333,81.0,91.0,69.0,68.0,88.0,71.5,82.08333333333333,77.5,95.0,71.0,76.0,89.0,84.0,91.08333333333333,86.0,104.0,80.0,84.5,101.0,91.0,43.0,1.0,77.0,55.0,55.0,65.0,5.0,53.166666666666664,17.0,85.0,65.0,64.0,75.0,13.0,137.83333333333334,133.0,144.0,140.0,153.0,135.0,122.0,146.66666666666666,140.0,152.0,150.0,161.0,145.0,132.0,50.90833333333333,14.75,73.0,77.0,56.0,56.0,28.700000000000003,60.39166666666666,28.75,81.0,86.0,66.0,64.9,35.7,55.81666666666666,30.5,73.0,78.0,56.0,57.0,40.400000000000006,64.89999999999999,43.0,81.0,87.0,66.0,66.0,46.400000000000006,67.75,55.5,75.0,81.0,60.0,65.0,70.0,76.5,65.5,83.0,89.0,70.0,75.0,76.5,83.25,81.5,87.5,91.0,74.5,79.0,86.0,92.08333333333333,90.5,94.5,101.0,83.5,90.0,93.0,44.333333333333336,1.0,73.0,77.0,55.0,55.0,5.0,54.166666666666664,17.0,81.0,85.0,65.0,64.0,13.0,143.0,132.0,143.0,144.0,153.0,153.0,133.0,151.33333333333334,140.0,151.0,152.0,161.0,161.0,143.0,69.33333333333333,73.0,77.0,56.0,55.0,74.0,81.0,78.45,81.0,85.7,65.0,64.0,86.0,89.0,69.5,73.0,77.0,56.0,55.0,74.0,82.0,78.83333333333333,81.0,86.0,66.0,64.0,87.0,89.0,70.0,73.0,78.5,56.0,56.0,74.5,82.0,79.08333333333333,81.0,87.0,66.0,64.5,87.0,89.0,72.0,76.0,80.0,57.0,57.0,77.0,85.0,81.33333333333333,84.0,89.0,67.0,66.0,89.0,93.0,69.0,73.0,77.0,55.0,55.0,73.0,81.0,78.33333333333333,81.0,85.0,65.0,64.0,86.0,89.0,91.5,133.0,91.0,63.0,68.0,87.0,107.0,100.33333333333333,140.0,99.0,73.0,76.0,100.0,114.0,C_p25,16.8397,4.1568436492336565,E2-E3,4.3349940913436695,4.661603235212029,3.3254749193869246,3.3254749193869246,4.424069312398677,4.869445417673711,0.0,4.050302393530493,9.0,1,1,6,frame_uncertain,False,False,False,4.3349940913436695,E2-E3,4.394389731800259,4.869458891994881,3.563018701459669,3.741169636532653,5.0179180045557015,4.424081554312423,False
high/IMG_7280_jpg,IMG_7280_jpg,high/IMG_7280_jpg,high,test,4.0,2700,1800,True,oof,holdout,0.5625,0.0,1.598,0.499,0.599,0.679,0.0,E1,True,False,13.333333333333334,0.0,30.0,16.0,13.0,21.0,0.0,15.666666666666666,0.0,34.0,19.0,17.0,24.0,0.0,13.466666666666667,0.0,30.0,16.0,13.0,21.8,0.0,15.966666666666667,0.0,34.8,19.0,17.0,25.0,0.0,14.666666666666666,0.0,33.0,17.0,15.0,23.0,0.0,17.166666666666668,0.0,37.0,20.0,19.0,27.0,0.0,25.666666666666668,6.5,48.0,20.0,25.5,36.0,18.0,30.25,15.0,52.0,23.0,29.5,40.0,22.0,12.333333333333334,0.0,29.0,15.0,12.0,18.0,0.0,14.833333333333334,0.0,33.0,18.0,16.0,22.0,0.0,66.0,44.0,87.0,52.0,77.0,78.0,58.0,69.83333333333333,48.0,92.0,55.0,80.0,81.0,63.0,8.858333333333333,2.1500000000000004,0.0,16.0,13.0,22.0,0.0,11.858333333333334,9.15,0.0,19.0,17.0,26.0,0.0,9.15,3.900000000000001,0.0,16.0,13.0,22.0,0.0,12.1,10.600000000000001,0.0,19.0,17.0,26.0,0.0,11.708333333333334,12.25,0.0,17.0,17.0,24.0,0.0,14.458333333333334,17.5,0.0,20.25,21.0,28.0,0.0,25.25,22.0,32.0,23.5,28.0,35.0,11.0,29.666666666666668,27.0,36.0,26.5,31.5,39.0,18.0,8.166666666666666,1.0,0.0,15.0,12.0,21.0,0.0,11.166666666666666,8.0,0.0,18.0,16.0,25.0,0.0,69.66666666666667,32.0,87.0,87.0,77.0,78.0,57.0,73.83333333333333,37.0,92.0,92.0,80.0,81.0,61.0,13.116666666666667,0.0,29.0,15.7,13.0,21.0,0.0,15.450000000000001,0.0,33.0,18.7,16.0,25.0,0.0,13.5,0.0,30.0,16.0,13.0,22.0,0.0,15.9,0.0,34.0,19.0,16.4,26.0,0.0,13.5,0.0,30.0,16.0,13.0,22.0,0.0,16.083333333333332,0.0,34.5,19.0,17.0,26.0,0.0,14.5,0.0,32.0,16.0,15.0,24.0,0.0,16.833333333333332,0.0,36.0,19.0,18.0,28.0,0.0,12.833333333333334,0.0,29.0,15.0,12.0,21.0,0.0,15.333333333333334,0.0,33.0,18.0,16.0,25.0,0.0,21.833333333333332,0.0,40.0,18.0,19.0,40.0,14.0,25.666666666666668,0.0,44.0,22.0,22.0,45.0,21.0,C_p25,16.8397,0.8016769894950623,E1,0.0,1.7815044211001383,0.9501356912534071,0.7719852491433933,1.3064365754734348,0.0,0.0,0.8609338421031,4.0,3,1,6,"gingiva_multi_component,region_zero",False,False,False,0.4354788584911449,E1,0.2078427575851474,1.4845911256081956,0.2078427575851474,0.2969182251216391,0.2375345800973113,0.1781509350729834,False
high/IMG_2862_jpg,IMG_2862_jpg,high/IMG_2862_jpg,high,valid,4.0,2699,1799,True,oof,dev,3.3513333333333333,3.38,5.557,2.062,2.922,3.781,2.406,E1-E2,False,False,36.416666666666664,19.4,45.7,30.0,44.0,55.0,24.4,43.24166666666667,27.7,52.7,36.65,51.0,61.0,30.4,41.300000000000004,28.8,53.8,31.0,45.0,55.4,33.8,47.73333333333333,35.8,60.4,37.0,52.0,61.4,39.8,55.833333333333336,52.5,89.0,33.0,46.0,62.0,52.5,62.0,58.5,95.0,40.0,53.0,68.0,57.5,69.58333333333333,70.0,101.0,44.5,54.0,88.0,60.0,75.5,76.0,107.0,50.0,60.0,95.0,65.0,29.166666666666668,3.0,39.0,30.0,44.0,54.0,5.0,37.833333333333336,14.0,47.0,36.0,51.0,59.0,20.0,130.5,116.0,156.0,123.0,114.0,137.0,137.0,136.16666666666666,122.0,160.0,130.0,121.0,142.0,142.0,43.416666666666664,18.3,89.0,30.0,44.0,55.0,24.200000000000003,50.31666666666666,27.15,95.0,37.0,51.55,61.0,30.200000000000003,46.78333333333334,27.3,89.0,31.0,45.0,55.0,33.400000000000006,53.116666666666674,34.3,95.0,37.0,52.0,61.0,39.400000000000006,55.666666666666664,50.0,91.0,35.0,47.0,59.0,52.0,61.666666666666664,56.0,97.0,41.0,54.0,65.0,57.0,72.0,68.0,108.0,52.0,60.0,84.0,60.0,77.83333333333333,74.0,114.0,58.0,66.0,90.0,65.0,37.333333333333336,3.0,88.0,30.0,44.0,54.0,5.0,45.833333333333336,14.0,95.0,36.0,51.0,59.0,20.0,139.0,115.0,156.0,155.0,134.0,137.0,137.0,144.33333333333334,121.0,160.0,160.0,141.0,142.0,142.0,55.833333333333336,66.0,89.0,30.0,44.0,54.0,52.0,61.833333333333336,72.0,95.0,36.0,51.0,60.0,57.0,56.166666666666664,66.0,89.0,30.0,44.0,55.0,53.0,62.06666666666666,72.0,95.0,36.0,51.0,60.4,58.0,56.916666666666664,68.0,89.0,30.5,44.0,55.0,55.0,63.166666666666664,74.0,95.0,37.0,52.0,61.0,60.0,59.0,70.0,91.0,31.0,45.0,58.0,59.0,65.16666666666667,76.0,97.0,38.0,52.0,63.0,65.0,55.666666666666664,66.0,88.0,30.0,44.0,54.0,52.0,61.666666666666664,72.0,95.0,36.0,51.0,59.0,57.0,72.83333333333333,87.0,118.0,37.0,52.0,72.0,71.0,78.5,92.0,124.0,43.0,58.0,78.0,76.0,C_p25,16.8397,3.3799097766983177,E1-E2,4.0380766878269805,5.285129782597077,1.8111961614518073,2.6128731509468697,3.266091438683587,3.266091438683587,0.0,3.277418603460665,6.0,1,1,6,,False,False,False,3.068146503005793,E1-E2,3.9490123941178,5.492987164750324,1.8408929957541624,2.1378112208758018,3.741169636532653,1.2470565455108842,False
high/IMG_2773_jpg,IMG_2773_jpg,high/IMG_2773_jpg,high,train,3.0,2691,1794,False,oof,holdout,3.2426666666666666,2.855,4.743,2.42,2.178,4.598,2.662,E1-E2,False,False,56.38333333333333,29.3,77.0,49.0,38.0,93.0,52.0,63.050000000000004,35.3,82.0,58.0,46.0,100.0,57.0,60.800000000000004,44.6,85.2,49.0,39.0,94.0,53.0,67.3,50.6,90.2,58.0,46.0,101.0,58.0,67.29166666666667,64.0,91.0,51.0,42.75,98.0,57.0,74.25,69.0,98.0,60.0,50.0,106.0,62.5,78.66666666666667,66.0,101.0,61.0,57.0,114.0,73.0,86.08333333333333,71.0,107.0,69.0,65.0,123.5,81.0,43.5,10.0,71.0,48.0,37.0,82.0,13.0,53.166666666666664,22.0,77.0,57.0,45.0,91.0,27.0,131.0,109.0,142.0,152.0,129.0,150.0,104.0,138.33333333333334,114.0,150.0,159.0,137.0,160.0,110.0,52.93333333333333,45.4,49.0,38.0,93.0,52.0,40.2,60.449999999999996,51.4,58.0,46.0,100.65,57.0,49.65,59.21666666666667,64.0,49.0,39.0,94.0,53.0,56.3,65.86666666666666,68.0,58.0,46.0,101.0,58.0,64.2,64.04166666666667,66.0,52.0,43.0,96.25,54.0,73.0,70.66666666666667,71.0,60.0,50.0,104.0,59.0,80.0,77.41666666666667,90.0,63.0,61.5,110.0,65.0,75.0,84.83333333333333,97.0,72.0,69.5,118.5,70.0,82.0,42.0,10.0,48.0,37.0,92.0,52.0,13.0,51.333333333333336,22.0,57.0,45.0,100.0,57.0,27.0,142.33333333333334,151.0,152.0,149.0,149.0,150.0,103.0,150.33333333333334,159.0,159.0,160.0,160.0,155.0,109.0,64.11666666666666,64.0,89.7,48.0,38.0,93.0,52.0,70.73333333333333,68.7,96.7,57.0,45.0,100.0,57.0,64.39999999999999,64.0,90.0,49.0,38.0,93.0,52.4,70.96666666666665,69.0,97.0,57.0,45.0,100.4,57.4,64.83333333333333,64.5,90.5,49.0,38.0,94.0,53.0,71.66666666666667,69.5,97.0,58.0,46.0,101.5,58.0,66.83333333333333,67.0,92.0,50.0,40.0,96.0,56.0,73.66666666666667,72.0,99.0,59.0,47.0,104.0,61.0,63.666666666666664,64.0,89.0,48.0,37.0,92.0,52.0,70.5,68.0,96.0,57.0,45.0,100.0,57.0,86.16666666666667,104.0,100.0,54.0,46.0,109.0,104.0,93.0,109.0,107.0,62.0,53.0,117.0,110.0,C_p25,16.8397,3.8500289989330763,E1-E2,3.8302345053652975,5.374205003652084,2.909790554463559,2.2565722667268417,5.582047186113766,3.147324477276911,0.0,3.950023167603712,7.0,1,1,6,frame_uncertain,False,False,False,3.89456660946058,E1-E2,3.384867766386686,5.0179180045557015,2.5534967360460965,2.8504149611677354,5.819597212384126,3.741169636532653,False
high/IMG_8609_jpg,IMG_8609_jpg,high/IMG_8609_jpg,high,valid,4.0,2581,1721,False,oof,holdout,4.088666666666667,2.778,4.598,3.736,3.71,4.89,4.82,E2-E3,False,False,62.60833333333334,37.900000000000006,57.0,70.0,64.0,81.95,64.80000000000001,74.78333333333333,47.900000000000006,66.0,85.0,76.0,94.95,78.85000000000001,71.58333333333334,51.900000000000006,59.900000000000006,71.0,64.0,96.9,85.80000000000001,83.06666666666668,60.900000000000006,68.9,85.0,76.0,109.80000000000001,97.80000000000001,81.45833333333333,65.0,82.75,75.0,67.0,99.0,100.0,92.625,74.0,92.75,89.0,78.0,112.0,110.0,93.75,77.0,96.0,84.0,77.0,110.5,118.0,104.41666666666667,85.0,107.0,97.0,87.0,122.0,128.5,47.5,7.0,56.0,69.0,63.0,73.0,17.0,63.166666666666664,26.0,66.0,84.0,75.0,85.0,43.0,131.83333333333334,89.0,135.0,136.0,132.0,152.0,147.0,142.33333333333334,97.0,146.0,149.0,143.0,163.0,156.0,68.95833333333333,44.0,92.0,70.75,64.0,98.0,45.0,81.33333333333333,54.0,102.0,85.0,76.0,109.0,62.0,74.08333333333333,57.0,92.0,71.5,64.0,99.0,61.0,86.08333333333333,66.0,103.0,85.5,76.0,110.0,76.0,82.58333333333333,63.0,94.5,75.0,71.0,103.0,89.0,93.75,72.0,105.5,89.0,82.0,113.0,101.0,101.5,77.0,104.0,86.0,97.0,128.0,117.0,112.75,85.0,116.0,99.5,110.0,138.0,128.0,57.5,7.0,91.0,69.0,63.0,98.0,17.0,72.83333333333333,26.0,101.0,84.0,75.0,108.0,43.0,142.66666666666666,135.0,136.0,136.0,152.0,150.0,147.0,154.0,146.0,149.0,149.0,163.0,161.0,156.0,79.33333333333333,57.0,92.0,69.0,63.0,97.0,98.0,91.0,66.0,102.0,84.0,75.0,110.0,109.0,79.66666666666667,57.0,92.0,70.0,63.0,98.0,98.0,91.06666666666666,66.0,102.0,84.2,75.0,110.2,109.0,80.33333333333333,57.0,93.0,71.0,64.0,98.0,99.0,91.83333333333333,66.0,103.0,85.0,76.0,111.0,110.0,81.83333333333333,60.0,94.0,72.0,64.0,100.0,101.0,93.16666666666667,69.0,105.0,86.0,76.0,112.0,111.0,79.0,56.0,91.0,69.0,63.0,97.0,98.0,90.66666666666667,66.0,101.0,84.0,75.0,110.0,108.0,93.83333333333333,81.0,108.0,77.0,70.0,109.0,118.0,104.83333333333333,89.0,118.0,91.0,82.0,121.0,128.0,C_p25,16.8397,4.770472949834814,E2-E3,3.3848584000902626,5.522663705410428,4.216227129936994,3.8005427650136285,5.819581108927118,5.878964589630456,0.0,4.781606992362388,11.0,1,1,6,frame_uncertain,False,False,False,4.562630767373132,E2-E3,3.2067168313137024,5.285144407165176,4.09747150667862,3.622402346483997,5.700829922335471,5.46329534223816,False
high/IMG_7314_jpg,IMG_7314_jpg,high/IMG_7314_jpg,high,valid,2.0,2784,1856,False,oof,dev,3.5515000000000003,3.922,4.707,3.334,3.012,3.334,3.0,E1-E2,False,False,45.96666666666667,25.35,80.0,50.0,46.0,52.0,22.450000000000003,55.724999999999994,35.900000000000006,90.0,61.0,57.0,62.0,28.450000000000003,50.449999999999996,40.800000000000004,81.0,50.0,46.0,53.0,31.900000000000002,60.06666666666667,50.7,91.0,61.0,57.0,62.900000000000006,37.800000000000004,59.041666666666664,74.0,83.0,52.0,48.0,55.0,42.25,69.04166666666667,84.0,93.0,63.0,58.25,65.0,51.0,68.91666666666667,80.5,100.0,58.5,55.5,63.5,55.5,78.75,91.0,110.0,69.0,66.0,73.0,63.5,39.333333333333336,6.0,80.0,49.0,46.0,50.0,5.0,51.666666666666664,24.0,90.0,60.0,57.0,61.0,18.0,131.83333333333334,134.0,146.0,141.0,126.0,128.0,116.0,142.33333333333334,145.0,156.0,151.0,138.0,139.0,125.0,46.15833333333333,27.05,80.0,50.0,46.0,53.0,20.9,55.666666666666664,37.05,90.0,61.0,57.0,62.0,26.95,50.0,42.1,80.0,50.0,46.0,53.0,28.9,59.583333333333336,52.1,90.5,61.0,57.0,63.0,33.9,59.458333333333336,76.0,82.0,53.0,48.0,56.0,41.75,69.54166666666667,86.0,92.0,64.5,59.0,66.0,49.75,68.16666666666667,82.0,91.0,64.0,55.5,68.0,48.5,77.91666666666667,92.0,101.0,74.0,66.5,77.0,57.0,39.666666666666664,6.0,80.0,49.0,46.0,52.0,5.0,51.666666666666664,24.0,90.0,60.0,57.0,61.0,18.0,134.66666666666666,144.0,146.0,146.0,128.0,128.0,116.0,144.66666666666666,155.0,156.0,154.0,139.0,139.0,125.0,57.333333333333336,76.0,80.0,50.0,46.0,52.0,40.0,67.33333333333333,86.0,90.0,60.0,57.0,62.0,49.0,57.666666666666664,76.0,80.0,50.0,46.0,53.0,41.0,67.5,86.0,90.0,61.0,57.0,62.0,49.0,58.0,77.0,80.0,50.0,46.0,53.0,42.0,68.16666666666667,87.0,90.0,61.0,57.0,63.0,51.0,59.666666666666664,78.0,82.0,51.0,47.0,55.0,45.0,69.83333333333333,89.0,92.0,62.0,58.0,64.0,54.0,57.166666666666664,76.0,80.0,49.0,46.0,52.0,40.0,67.0,86.0,90.0,60.0,57.0,61.0,48.0,70.0,100.0,85.0,55.0,50.0,62.0,68.0,79.66666666666667,110.0,95.0,65.0,61.0,71.0,76.0,C_p25,16.8397,3.4442418807936006,E1-E2,4.5725280141570215,4.750678456267035,2.969174035166897,2.731640112353545,3.147324477276911,2.4941061895401937,0.0,3.4657478814207177,10.0,1,1,6,frame_uncertain,False,False,False,3.097838243357462,E1-E2,4.038087861654292,3.919320571605637,2.8504149611677354,2.256578510924457,2.791031316143408,2.73164767111908,False
high/IMG_6545-_jpg,IMG_6545-_jpg,high/IMG_6545-_jpg,high,train,1.0,2705,1804,False,oof,holdout,2.592166666666667,1.098,3.492,3.293,2.694,2.993,1.983,E1,False,False,42.625,18.25,59.0,60.0,43.0,56.0,19.5,49.78333333333333,26.25,65.0,67.2,52.0,63.0,25.25,44.583333333333336,22.0,60.0,60.0,44.0,57.0,24.5,51.833333333333336,29.5,66.5,68.0,52.0,64.5,30.5,49.958333333333336,26.25,67.25,62.0,46.0,61.25,37.0,57.041666666666664,33.25,74.0,69.0,54.0,69.0,43.0,62.666666666666664,44.0,88.0,67.0,52.0,78.5,46.5,69.83333333333333,51.0,94.5,75.0,60.0,85.5,53.0,37.333333333333336,6.0,58.0,60.0,43.0,55.0,2.0,45.666666666666664,21.0,64.0,67.0,51.0,62.0,9.0,124.0,106.0,133.0,131.0,136.0,134.0,104.0,130.66666666666666,111.0,140.0,138.0,143.0,142.0,110.0,42.84166666666667,18.3,59.0,60.0,43.65,56.0,20.1,49.975,26.3,65.0,68.0,52.0,63.0,25.55,44.583333333333336,22.0,59.4,61.0,44.0,56.0,25.1,51.78333333333334,29.6,66.0,68.0,52.0,64.0,31.1,49.25,26.5,63.0,63.0,47.0,59.0,37.0,56.166666666666664,33.5,69.0,70.5,55.0,66.0,43.0,61.916666666666664,44.0,79.0,74.0,56.0,70.5,48.0,69.16666666666667,51.0,85.0,82.0,64.0,78.5,54.5,37.333333333333336,6.0,58.0,60.0,43.0,55.0,2.0,45.666666666666664,21.0,64.0,67.0,51.0,62.0,9.0,125.0,106.0,132.0,135.0,136.0,134.0,107.0,131.66666666666666,111.0,139.0,142.0,143.0,142.0,113.0,45.78333333333333,22.0,58.7,60.0,43.0,55.0,36.0,52.833333333333336,29.0,65.0,67.0,51.0,62.0,43.0,46.23333333333333,23.0,59.0,60.0,43.0,56.0,36.4,53.23333333333333,30.0,65.0,67.0,51.4,63.0,43.0,47.083333333333336,24.5,60.0,60.0,44.0,57.0,37.0,54.166666666666664,31.0,66.0,68.0,52.0,64.0,44.0,50.0,28.0,64.0,61.0,45.0,59.0,43.0,57.0,35.0,70.0,69.0,53.0,66.0,49.0,45.5,21.0,58.0,60.0,43.0,55.0,36.0,52.5,28.0,64.0,67.0,51.0,62.0,43.0,66.83333333333333,63.0,92.0,65.0,49.0,73.0,59.0,73.5,70.0,98.0,72.0,56.0,79.0,66.0,C_p25,16.8397,2.795972216448828,E1,1.4548952772317796,3.5630088422002766,3.5630088422002766,2.6128731509468697,3.3848584000902626,2.1971887860235038,0.0,2.9325558996636847,7.0,1,1,6,frame_uncertain,False,False,False,2.6178217743388146,E1,1.306440190535212,3.8005532815569807,3.384867766386686,2.0784275758514736,2.701955848606916,2.4347294459974407,False
high/IMG_7036_jpg,IMG_7036_jpg,high/IMG_7036_jpg,high,train,0.0,2701,1800,False,oof,holdout,6.212,7.823,7.82,4.717,3.912,6.673,6.327,E3,False,False,71.375,54.6,130.0,71.0,53.0,64.95,54.7,82.74166666666667,81.6,138.0,76.0,60.0,72.95,67.9,79.36666666666666,81.6,130.0,71.8,53.0,71.0,68.8,88.60000000000001,98.8,138.0,77.0,61.0,79.0,77.8,95.0,119.5,133.75,74.5,55.0,95.75,91.5,102.25,130.0,142.0,80.0,62.0,103.0,96.5,111.91666666666667,126.0,146.0,83.0,96.0,109.5,111.0,118.75,133.0,154.0,89.0,102.0,117.5,117.0,53.166666666666664,1.0,129.0,70.0,52.0,60.0,7.0,71.66666666666667,50.0,137.0,76.0,60.0,68.0,39.0,167.33333333333334,165.0,199.0,170.0,147.0,170.0,153.0,174.66666666666666,173.0,208.0,177.0,152.0,178.0,160.0,77.86666666666667,64.80000000000001,129.0,71.0,53.0,95.0,54.400000000000006,88.78333333333332,87.9,138.0,77.0,60.0,102.0,67.8,85.39999999999999,92.80000000000001,130.0,72.0,53.0,96.0,68.6,94.06666666666666,107.80000000000001,138.0,77.0,61.0,103.0,77.6,96.125,123.0,131.0,76.25,55.0,100.5,91.0,103.16666666666667,131.0,139.0,82.0,63.0,108.0,96.0,111.25,132.5,137.5,94.5,75.0,118.0,110.0,118.5,141.0,146.0,99.5,82.5,125.0,117.0,58.666666666666664,1.0,129.0,70.0,52.0,93.0,7.0,77.0,50.0,137.0,76.0,60.0,100.0,39.0,176.5,197.0,199.0,171.0,169.0,170.0,153.0,184.66666666666666,206.0,208.0,179.0,177.0,178.0,160.0,96.23333333333333,122.7,129.0,71.0,52.0,94.0,108.7,103.28333333333335,130.0,137.0,76.0,60.0,101.7,115.0,96.56666666666666,123.0,129.0,71.0,52.4,95.0,109.0,103.5,130.0,138.0,76.0,60.0,102.0,115.0,97.25,123.0,130.0,71.0,53.0,96.5,110.0,104.33333333333333,131.0,138.0,77.0,60.0,104.0,116.0,99.33333333333333,125.0,131.0,73.0,54.0,101.0,112.0,106.5,132.0,140.0,78.0,61.0,109.0,119.0,95.66666666666667,122.0,129.0,70.0,52.0,93.0,108.0,102.83333333333333,130.0,137.0,76.0,60.0,100.0,114.0,109.83333333333333,132.0,141.0,78.0,62.0,126.0,120.0,117.5,140.0,150.0,83.0,70.0,134.0,128.0,C_p25,16.8397,5.775043498399615,E2-E3,7.304168126510567,7.719852491433933,4.216227129936994,3.147324477276911,5.730505887872112,6.532182877367174,0.0,5.576503295440534,7.0,1,1,6,frame_uncertain,False,False,False,5.082236223527339,E2-E3,6.8291191777977,7.36357198301665,2.909798606192063,3.0879495412650466,5.878980857408455,4.424081554312423,False
high/IMG_2736-_jpg,IMG_2736-_jpg,high/IMG_2736-_jpg,high,train,0.0,2694,1796,False,oof,holdout,1.9925,1.431,3.093,2.031,2.031,2.446,0.923,E1,False,False,35.541666666666664,17.25,66.0,35.0,40.0,43.0,12.0,42.666666666666664,22.0,72.0,44.0,47.0,49.0,22.0,38.4,27.5,66.4,36.0,41.0,44.0,15.5,44.833333333333336,32.0,73.0,44.0,47.0,51.0,22.0,41.541666666666664,32.0,70.0,37.0,42.0,51.0,17.25,48.166666666666664,37.0,76.0,46.0,48.0,57.0,25.0,57.333333333333336,43.5,91.0,43.5,54.5,65.0,46.5,63.166666666666664,48.0,97.0,52.0,61.5,71.0,49.5,30.666666666666668,1.0,65.0,35.0,40.0,42.0,1.0,38.5,9.0,71.0,44.0,46.0,48.0,13.0,101.66666666666667,96.0,128.0,85.0,113.0,107.0,81.0,107.83333333333333,102.0,134.0,92.0,120.0,113.0,86.0,32.025,6.449999999999999,30.0,66.0,35.0,40.7,14.0,38.88333333333333,13.3,35.0,72.0,44.0,47.0,22.0,33.766666666666666,12.6,31.0,66.0,36.0,41.0,16.0,40.38333333333333,18.6,36.0,72.7,45.0,47.0,23.0,38.791666666666664,20.75,34.0,68.0,38.0,42.0,30.0,44.791666666666664,25.75,39.0,74.0,47.0,49.0,34.0,54.083333333333336,42.0,49.0,79.0,50.5,51.0,53.0,59.75,45.0,54.0,85.5,59.0,57.0,58.0,28.333333333333332,1.0,28.0,65.0,35.0,40.0,1.0,36.0,9.0,33.0,71.0,44.0,46.0,13.0,106.83333333333333,69.0,98.0,127.0,128.0,113.0,106.0,112.66666666666667,73.0,104.0,133.0,134.0,120.0,112.0,38.166666666666664,29.0,65.0,35.0,40.0,48.0,12.0,45.28333333333333,34.0,71.0,44.0,47.0,54.0,21.7,38.666666666666664,30.0,66.0,35.0,40.0,48.0,13.0,45.73333333333333,35.0,72.0,44.0,47.0,54.4,22.0,39.833333333333336,31.0,66.0,36.0,41.0,49.0,16.0,46.25,36.0,73.0,44.0,47.0,55.5,22.0,41.333333333333336,34.0,68.0,36.0,41.0,52.0,17.0,47.833333333333336,38.0,74.0,45.0,48.0,58.0,24.0,37.833333333333336,28.0,65.0,35.0,40.0,48.0,11.0,44.833333333333336,33.0,71.0,44.0,46.0,54.0,21.0,56.833333333333336,67.0,86.0,41.0,44.0,71.0,32.0,62.666666666666664,72.0,92.0,50.0,50.0,77.0,35.0,C_p25,16.8397,2.3654419813496284,E1,1.8408879018034763,3.919309726420304,2.1378053053201658,2.4347227088368557,2.909790554463559,0.9501356912534071,0.0,2.4384972743658824,6.0,1,1,6,frame_uncertain,False,False,False,3.1126841135332968,E1-E2,2.8504149611677354,5.46329534223816,3.5927105239718333,2.0784275758514736,3.26610047633803,1.4252074805838677,False
high/IMG_2947_jpg,IMG_2947_jpg,high/IMG_2947_jpg,high,train,4.0,2699,1799,True,oof,dev,2.957333333333333,2.454,3.634,1.746,3.02,3.681,3.209,E1,False,False,47.25,28.6,70.0,35.0,51.0,70.0,28.900000000000002,57.366666666666674,46.6,79.0,43.0,59.0,77.0,39.6,51.300000000000004,37.6,71.0,36.0,51.0,71.0,41.2,60.366666666666674,53.6,80.0,43.0,59.0,78.0,48.6,60.0,52.5,77.5,40.0,54.0,76.5,59.5,67.5,60.0,86.5,47.0,62.0,83.5,66.0,74.16666666666667,61.0,97.0,53.0,68.0,101.0,65.0,81.83333333333333,69.0,106.0,60.0,76.0,108.0,72.0,37.833333333333336,3.0,69.0,34.0,50.0,69.0,2.0,50.5,31.0,77.0,42.0,58.0,76.0,19.0,137.5,121.0,137.0,145.0,144.0,152.0,126.0,145.0,129.0,144.0,153.0,152.0,159.0,133.0,47.25833333333333,28.900000000000002,69.7,35.0,51.0,69.0,29.950000000000003,57.48333333333334,46.900000000000006,78.7,43.0,59.0,77.0,40.3,51.43333333333334,37.900000000000006,70.4,36.0,51.0,71.0,42.3,60.400000000000006,53.900000000000006,79.0,43.2,59.0,78.0,49.3,59.708333333333336,53.0,75.0,41.0,55.0,74.0,60.25,67.08333333333333,60.0,84.0,48.0,63.0,81.25,66.25,74.41666666666667,61.0,92.0,60.0,75.0,93.5,65.0,82.33333333333333,69.0,102.0,67.0,83.5,100.5,72.0,37.833333333333336,3.0,69.0,34.0,50.0,69.0,2.0,50.5,31.0,77.0,42.0,58.0,76.0,19.0,140.83333333333334,124.0,136.0,145.0,151.0,152.0,137.0,148.16666666666666,132.0,144.0,152.0,158.0,159.0,144.0,56.333333333333336,53.0,69.0,35.0,50.0,69.0,62.0,63.78333333333333,60.0,77.7,42.0,58.0,76.0,69.0,56.56666666666666,53.4,69.0,35.0,51.0,69.0,62.0,64.13333333333334,60.0,78.0,42.4,58.4,77.0,69.0,57.666666666666664,55.0,70.5,35.5,51.0,71.0,63.0,65.16666666666667,62.0,79.0,43.0,59.0,78.0,70.0,59.333333333333336,58.0,73.0,37.0,52.0,72.0,64.0,67.0,65.0,81.0,44.0,60.0,80.0,72.0,56.0,53.0,69.0,34.0,50.0,69.0,61.0,63.333333333333336,59.0,77.0,42.0,58.0,76.0,68.0,68.66666666666667,71.0,83.0,43.0,57.0,84.0,74.0,76.33333333333333,79.0,93.0,50.0,64.0,91.0,81.0,C_p25,16.8397,3.4244473872258214,E1-E2,3.266091438683587,4.186535389585325,2.108113564968497,3.028557515870235,4.216227129936994,3.7411592843102905,0.0,3.5220020813308635,8.0,1,1,6,,False,False,False,3.6619813100391725,E1-E2,2.642572203582588,4.691307956921898,2.019043930827146,3.384867766386686,4.8397670694827175,4.394389731800259,False
high/IMG_2821_jpg,IMG_2821_jpg,high/IMG_2821_jpg,high,train,0.0,2699,1799,True,oof,dev,4.034333333333333,2.585,4.794,5.17,5.406,4.935,1.316,E2-E3,False,False,75.19166666666668,23.35,95.0,99.0,109.0,98.0,26.8,81.62499999999999,32.9,101.0,106.0,115.0,103.45,31.4,80.56666666666668,38.8,96.0,99.0,109.0,99.0,41.6,86.06666666666666,45.8,102.0,106.0,115.0,104.0,43.6,88.5,63.0,100.0,100.0,110.0,105.0,53.0,94.66666666666667,70.0,106.0,107.0,116.0,111.0,58.0,98.66666666666667,74.0,114.0,103.0,113.5,122.5,65.0,104.75,81.0,121.0,109.0,120.0,128.5,69.0,67.5,1.0,95.0,98.0,109.0,98.0,4.0,76.5,17.0,101.0,105.0,115.0,103.0,18.0,127.33333333333333,118.0,132.0,129.0,124.0,143.0,118.0,133.66666666666666,126.0,138.0,135.0,130.0,150.0,123.0,64.36666666666667,8.65,62.7,95.0,99.0,98.0,22.85,71.66666666666667,22.1,69.0,101.0,106.0,103.0,28.9,68.53333333333333,15.400000000000002,64.0,96.0,100.0,99.0,36.8,75.03333333333333,26.400000000000002,71.0,102.0,107.0,104.0,39.8,76.95833333333333,35.25,70.5,100.0,103.0,102.0,51.0,83.16666666666667,42.5,77.5,106.0,109.0,108.0,56.0,90.41666666666667,56.5,86.0,112.5,111.0,115.0,61.5,96.41666666666667,63.0,92.0,119.5,118.0,120.0,66.0,59.5,1.0,61.0,95.0,98.0,98.0,4.0,68.66666666666667,17.0,68.0,101.0,105.0,103.0,18.0,122.16666666666667,79.0,118.0,132.0,143.0,143.0,118.0,128.5,86.0,126.0,137.0,149.0,150.0,123.0,85.66666666666667,62.0,95.0,99.0,109.0,98.0,51.0,91.5,69.0,101.0,105.0,115.0,103.0,56.0,85.83333333333333,63.0,95.0,99.0,109.0,98.0,51.0,91.56666666666666,69.4,101.0,105.0,115.0,103.0,56.0,86.91666666666667,65.5,96.0,99.0,109.0,99.0,53.0,92.91666666666667,72.5,102.0,106.0,115.0,104.0,58.0,89.83333333333333,72.0,98.0,100.0,110.0,100.0,59.0,95.83333333333333,79.0,104.0,106.0,116.0,106.0,64.0,85.33333333333333,61.0,95.0,98.0,109.0,98.0,51.0,91.33333333333333,68.0,101.0,105.0,115.0,103.0,56.0,104.0,83.0,118.0,103.0,120.0,115.0,85.0,110.16666666666667,89.0,125.0,110.0,127.0,120.0,90.0,C_p25,16.8397,5.1614141977984564,E2-E3,3.8896179860686355,5.700814147520442,5.878964589630456,6.472799396663836,5.878964589630456,3.147324477276911,0.0,5.194953069963024,6.0,1,1,6,,False,False,False,5.077287600135394,E2-E3,2.5238049135339327,5.878980857408455,7.185421047943667,6.2946663725787495,6.53220095267606,2.04873575333931,False
high/IMG_7278_jpg,IMG_7278_jpg,high/IMG_7278_jpg,high,train,4.0,2699,1799,True,oof,holdout,3.279333333333333,3.807,4.528,2.906,2.264,3.293,2.878,E1-E2,False,False,45.666666666666664,34.2,72.0,45.0,39.6,47.6,35.6,54.900000000000006,46.2,79.0,56.0,48.0,55.6,44.6,50.86666666666667,47.2,76.0,45.0,40.0,53.0,44.0,59.6,57.2,83.4,56.0,48.0,61.0,52.0,55.166666666666664,63.0,78.0,47.0,42.0,55.0,46.0,64.16666666666667,71.0,89.0,58.0,50.0,63.0,54.0,67.16666666666667,65.0,85.0,56.0,73.0,65.0,59.0,75.83333333333333,73.0,95.0,66.0,82.0,73.0,66.0,34.833333333333336,12.0,67.0,44.0,39.0,44.0,3.0,46.333333333333336,27.0,74.0,55.0,47.0,53.0,22.0,111.5,89.0,115.0,120.0,125.0,129.0,91.0,120.5,97.0,125.0,133.0,133.0,136.0,99.0,48.48333333333334,40.6,77.0,45.0,40.0,54.0,34.3,57.96666666666667,50.8,88.0,56.0,48.0,61.7,43.3,52.93333333333334,56.6,77.0,45.0,40.0,55.0,44.0,62.1,66.2,88.4,56.0,49.0,62.0,51.0,55.75,64.0,79.0,47.0,42.75,56.5,45.25,64.875,72.0,90.0,58.5,51.0,64.5,53.25,66.75,67.0,86.0,61.0,58.5,73.0,55.0,75.58333333333333,75.0,97.0,71.0,66.5,81.0,63.0,38.0,12.0,76.0,44.0,39.0,54.0,3.0,49.833333333333336,27.0,87.0,55.0,47.0,61.0,22.0,118.0,114.0,120.0,125.0,129.0,129.0,91.0,126.5,123.0,132.0,133.0,136.0,136.0,99.0,53.5,63.0,76.0,45.0,39.0,54.0,44.0,62.449999999999996,70.0,87.7,56.0,48.0,61.0,52.0,53.666666666666664,63.0,77.0,45.0,39.0,54.0,44.0,62.73333333333333,71.0,88.0,56.0,48.0,61.4,52.0,54.5,64.0,78.0,45.0,40.0,55.0,45.0,63.166666666666664,71.0,89.0,56.0,48.0,62.5,52.5,55.833333333333336,66.0,79.0,46.0,41.0,56.0,47.0,64.83333333333333,73.0,91.0,57.0,49.0,64.0,55.0,53.333333333333336,63.0,76.0,44.0,39.0,54.0,44.0,61.833333333333336,70.0,87.0,55.0,47.0,61.0,51.0,71.16666666666667,86.0,93.0,52.0,49.0,73.0,74.0,80.0,94.0,103.0,62.0,58.0,81.0,82.0,C_p25,16.8397,3.236399698331918,E1-E2,3.8005427650136285,4.6319114948603595,2.6722566316502077,2.3753392281335177,3.266091438683587,2.6722566316502077,0.0,3.238285247001433,8.0,1,1,6,,False,False,False,3.068146503005793,E1-E2,3.028565896240719,4.216238796727276,2.9691822512163912,1.8408929957541624,3.3254841213623583,3.028565896240719,False
high/IMG_3785-_jpg,IMG_3785-_jpg,high/IMG_3785-_jpg,high,train,4.0,2698,1799,True,oof,dev,1.9571666666666667,2.872,2.359,0.667,0.718,2.461,2.666,E1,False,False,26.600000000000005,24.200000000000003,51.0,11.0,13.0,30.200000000000003,30.200000000000003,32.9,29.6,59.0,18.0,19.0,34.6,37.2,32.550000000000004,34.400000000000006,52.0,11.3,14.0,38.400000000000006,45.2,38.5,39.400000000000006,59.0,19.0,19.0,43.400000000000006,51.2,41.833333333333336,56.0,54.0,15.0,18.0,49.0,59.0,47.5,62.0,61.0,21.0,22.0,55.0,64.0,51.416666666666664,64.0,67.0,23.5,31.0,59.0,64.0,57.0,69.0,74.0,29.0,35.0,65.0,70.0,17.5,3.0,51.0,10.0,13.0,24.0,4.0,26.5,18.0,59.0,18.0,18.0,29.0,17.0,99.5,94.0,116.0,87.0,93.0,108.0,99.0,105.66666666666667,99.0,125.0,93.0,98.0,114.0,105.0,29.01666666666667,15.5,56.0,11.4,13.0,47.15,31.05,36.00833333333333,24.0,62.0,19.0,19.0,54.0,38.05,33.68333333333333,23.0,57.0,14.0,14.0,48.0,46.1,39.516666666666666,29.0,63.0,20.0,19.0,54.0,52.1,41.833333333333336,38.0,61.0,24.0,18.0,51.0,59.0,47.291666666666664,43.0,66.75,29.0,23.0,57.0,65.0,56.583333333333336,59.0,75.5,52.0,28.0,60.5,64.5,62.416666666666664,63.0,81.0,60.0,33.0,67.0,70.5,22.166666666666668,3.0,56.0,10.0,13.0,47.0,4.0,30.833333333333332,18.0,61.0,18.0,18.0,53.0,17.0,106.16666666666667,94.0,116.0,116.0,97.0,108.0,106.0,112.83333333333333,99.0,124.0,125.0,103.0,114.0,112.0,39.333333333333336,56.0,51.0,10.0,13.0,47.0,59.0,45.666666666666664,61.0,59.0,18.0,18.0,53.0,65.0,39.56666666666667,56.0,51.0,11.0,13.0,47.4,59.0,46.06666666666666,62.0,59.0,18.0,18.0,54.0,65.4,40.583333333333336,57.0,52.0,11.0,14.0,49.0,60.5,46.916666666666664,63.0,59.0,19.0,19.0,55.0,66.5,42.5,61.0,52.0,13.0,15.0,51.0,63.0,48.833333333333336,66.0,60.0,20.0,20.0,58.0,69.0,39.166666666666664,56.0,51.0,10.0,13.0,47.0,58.0,45.5,61.0,59.0,18.0,18.0,53.0,64.0,53.5,76.0,63.0,21.0,21.0,67.0,73.0,59.5,81.0,71.0,26.0,26.0,74.0,79.0,C_p25,16.8397,2.4099795918771316,E1,3.3848584000902626,3.087940996573573,0.6532182877367174,0.8313687298467312,2.909790554463559,3.5927005825519456,0.0,2.4556181178167966,6.0,1,1,6,,False,False,False,2.815766710016607,E1,3.859936926581309,3.3254841213623583,1.1876729004865565,1.36582383555954,3.028565896240719,4.127163329190783,False
high/IMG_7352_jpg,IMG_7352_jpg,high/IMG_7352_jpg,high,test,3.0,2697,1798,True,oof,holdout,2.9721666666666664,1.833,3.25,1.583,1.917,5.0,4.25,E1,False,False,23.983333333333334,21.0,23.0,24.0,26.0,25.0,24.9,28.483333333333334,26.0,28.0,28.0,30.0,30.0,28.9,27.75,22.0,25.9,24.0,26.0,25.9,42.7,32.416666666666664,27.0,29.9,29.0,31.0,30.9,46.7,37.458333333333336,30.75,36.75,26.0,30.0,41.5,59.75,41.833333333333336,36.75,40.75,30.0,34.0,46.5,63.0,51.75,51.0,43.0,47.0,44.0,61.5,64.0,56.833333333333336,58.5,48.0,51.5,49.0,66.0,68.0,16.666666666666668,3.0,22.0,24.0,25.0,25.0,1.0,23.166666666666668,18.0,27.0,28.0,30.0,30.0,6.0,85.0,60.0,84.0,90.0,90.0,86.0,100.0,90.16666666666667,67.0,88.0,95.0,96.0,91.0,104.0,25.766666666666666,21.5,22.0,39.0,24.0,25.0,23.1,30.683333333333334,29.75,26.0,43.25,28.0,30.0,27.1,29.96666666666667,29.0,22.9,40.0,24.6,26.0,37.300000000000004,34.550000000000004,35.0,27.0,44.0,29.0,31.0,41.300000000000004,37.958333333333336,42.0,25.0,42.0,26.0,34.75,58.0,42.75,48.75,29.75,47.0,30.0,39.75,61.25,50.583333333333336,52.0,36.5,54.5,36.0,61.0,63.5,55.416666666666664,60.0,40.5,59.0,41.0,65.0,67.0,18.666666666666668,3.0,21.0,38.0,24.0,25.0,1.0,25.166666666666668,18.0,26.0,43.0,28.0,30.0,6.0,87.16666666666667,60.0,84.0,90.0,90.0,100.0,99.0,92.33333333333333,67.0,88.0,95.0,96.0,104.0,104.0,38.0,21.0,38.0,24.0,25.0,59.0,61.0,42.5,26.0,43.0,28.0,30.0,63.0,65.0,38.333333333333336,22.0,39.0,24.0,25.0,59.0,61.0,42.73333333333333,26.0,43.4,28.0,30.0,64.0,65.0,39.166666666666664,23.0,40.0,24.0,25.0,60.0,63.0,43.583333333333336,27.0,44.0,29.0,30.0,64.5,67.0,40.5,24.0,42.0,25.0,26.0,62.0,64.0,45.166666666666664,29.0,47.0,29.0,31.0,67.0,68.0,37.666666666666664,21.0,38.0,24.0,25.0,58.0,60.0,42.333333333333336,26.0,43.0,28.0,30.0,63.0,64.0,54.833333333333336,54.0,55.0,29.0,37.0,76.0,78.0,59.833333333333336,60.0,60.0,34.0,42.0,81.0,82.0,C_p25,16.8397,2.325852994214069,E1,1.3658200561767726,2.3753392281335177,1.4252035368801106,1.4845870175834486,3.5630088422002766,3.7411592843102905,0.0,2.198805466053088,5.0,1,1,6,,False,False,False,1.667686083085407,E1,0.7719873853162617,2.0784275758514736,1.009521965413573,1.1282892554622286,3.0879495412650466,1.9299684632906544,False
high/IMG_6748_jpg,IMG_6748_jpg,high/IMG_6748_jpg,high,train,2.0,2698,1799,True,oof,dev,1.876666666666667,3.535,3.781,0.575,1.069,0.574,1.726,E1,False,False,30.058333333333337,30.55,77.0,15.0,16.0,14.0,27.8,38.39166666666667,42.550000000000004,88.0,22.0,22.0,20.0,35.8,35.43333333333333,52.1,78.0,15.0,16.0,15.700000000000001,35.8,43.6,62.400000000000006,89.0,23.0,22.700000000000003,21.700000000000003,42.8,44.625,77.25,82.5,17.0,18.0,24.0,49.0,52.166666666666664,86.0,92.5,25.0,25.0,30.0,54.5,57.666666666666664,85.0,89.0,31.0,28.0,46.0,67.0,64.66666666666667,93.0,99.0,38.0,35.0,51.0,72.0,20.333333333333332,4.0,76.0,14.0,15.0,12.0,1.0,32.333333333333336,25.0,87.0,21.0,21.0,19.0,21.0,96.83333333333333,122.0,111.0,75.0,88.0,85.0,100.0,104.33333333333333,131.0,120.0,85.0,94.0,90.0,106.0,23.150000000000002,24.200000000000003,15.0,16.0,14.0,45.0,24.700000000000003,30.775000000000002,36.8,23.0,22.0,20.0,50.0,32.85,27.03333333333333,38.400000000000006,17.0,16.0,14.8,45.0,31.0,34.583333333333336,50.2,25.0,22.8,20.8,50.0,38.7,40.208333333333336,69.0,36.75,18.0,20.0,46.25,51.25,46.541666666666664,77.0,43.75,25.0,25.0,51.25,57.25,59.416666666666664,87.0,78.0,28.0,38.0,57.0,68.5,66.66666666666667,97.0,88.0,35.0,44.0,62.0,74.0,15.166666666666666,4.0,14.0,15.0,12.0,45.0,1.0,26.166666666666668,25.0,21.0,21.0,19.0,50.0,21.0,103.0,122.0,122.0,88.0,87.0,99.0,100.0,109.83333333333333,130.0,131.0,94.0,94.0,104.0,106.0,40.166666666666664,77.0,77.0,14.0,15.0,13.0,45.0,47.666666666666664,86.0,87.0,22.0,22.0,19.0,50.0,40.666666666666664,78.0,77.0,14.0,16.0,14.0,45.0,48.06666666666666,87.0,87.4,22.0,22.0,20.0,50.0,41.333333333333336,79.0,78.0,15.0,16.0,15.0,45.0,48.583333333333336,88.0,88.5,22.0,22.0,21.0,50.0,43.833333333333336,81.0,81.0,16.0,17.0,19.0,49.0,51.166666666666664,91.0,91.0,24.0,23.0,24.0,54.0,39.833333333333336,77.0,76.0,14.0,15.0,12.0,45.0,47.333333333333336,86.0,87.0,21.0,21.0,19.0,50.0,62.333333333333336,117.0,108.0,22.0,22.0,38.0,67.0,69.83333333333333,125.0,118.0,31.0,29.0,44.0,72.0,C_p25,16.8397,2.4545172024046353,E1,4.6912949755636975,4.6319114948603595,0.8907522105500691,0.9501356912534071,0.8907522105500691,2.6722566316502077,0.0,2.6194890479898296,7.0,1,1,6,,False,False,False,2.3308016176060145,E1,4.572540666873242,4.691307956921898,0.68291191777977,0.653220095267606,0.7126037402919339,2.672264026094752,False
high/IMG_3160_jpg,IMG_3160_jpg,high/IMG_3160_jpg,high,train,3.0,2698,1799,True,oof,dev,0.7408333333333333,0.889,0.938,1.137,0.197,0.938,0.346,E1,False,False,17.416666666666668,20.7,21.0,28.0,21.0,7.800000000000001,6.0,21.091666666666665,24.7,23.0,28.0,21.0,14.0,15.85,21.05,29.0,22.0,28.0,21.0,11.600000000000001,14.7,23.5,30.0,24.0,29.0,21.0,15.0,22.0,28.708333333333332,37.0,28.0,31.0,24.0,20.0,32.25,29.833333333333332,39.0,29.0,31.0,24.0,20.0,36.0,42.166666666666664,49.0,43.0,43.0,34.0,32.0,52.0,43.666666666666664,51.0,44.0,43.0,34.0,33.0,57.0,12.333333333333334,1.0,20.0,27.0,20.0,4.0,2.0,17.5,12.0,22.0,27.0,20.0,13.0,11.0,82.66666666666667,84.0,84.0,79.0,86.0,87.0,76.0,84.16666666666667,86.0,86.0,79.0,86.0,87.0,81.0,17.341666666666665,20.3,21.75,21.0,18.0,4.0,19.0,20.883333333333333,24.3,23.0,21.0,18.0,14.0,25.0,20.566666666666666,29.0,24.0,21.0,19.0,6.0,24.4,23.083333333333332,30.0,25.5,21.0,19.0,14.0,29.0,27.25,36.25,30.0,24.0,24.25,11.0,38.0,28.875,38.25,30.0,24.0,25.0,16.0,40.0,42.166666666666664,49.0,40.0,34.0,42.0,36.0,52.0,43.833333333333336,51.0,40.5,34.0,42.5,38.0,57.0,10.333333333333334,1.0,20.0,20.0,17.0,2.0,2.0,15.833333333333334,12.0,22.0,20.0,17.0,13.0,11.0,83.83333333333333,84.0,84.0,86.0,87.0,86.0,76.0,85.16666666666667,85.0,86.0,86.0,87.0,86.0,81.0,19.5,29.0,21.0,27.0,20.0,18.0,2.0,21.666666666666668,30.0,22.0,27.0,20.0,18.0,13.0,20.066666666666666,30.0,21.0,27.0,20.4,18.0,4.0,22.233333333333334,31.0,22.0,28.0,20.4,18.0,14.0,21.333333333333332,32.5,21.0,28.0,21.0,19.0,6.5,23.166666666666668,34.0,23.0,28.0,21.0,19.0,14.0,24.333333333333332,40.0,23.0,29.0,22.0,22.0,10.0,26.166666666666668,42.0,25.0,30.0,22.0,22.0,16.0,19.0,28.0,20.0,27.0,20.0,17.0,2.0,21.333333333333332,29.0,22.0,27.0,20.0,17.0,13.0,47.666666666666664,83.0,34.0,32.0,26.0,37.0,74.0,49.0,84.0,35.0,33.0,26.0,37.0,79.0,C_p25,16.8397,1.266847588337876,E1,1.9299631228584833,1.2470530947700968,1.6627374596934623,1.2470530947700968,1.1282861333634209,0.38599262457169664,0.0,1.6851801625256702,1.0,1,1,6,,False,False,False,0.8759063403742346,E1,1.2173647229987203,0.9501383203892452,0.8313710303405896,0.1187672900486556,0.8016792078284256,1.336132013047376,False
high/IMG_6726_jpg,IMG_6726_jpg,high/IMG_6726_jpg,high,valid,0.0,2698,1799,True,oof,holdout,1.4891666666666663,3.259,1.787,0.0,0.42,1.472,1.997,E1,True,False,13.966666666666669,13.0,33.0,0.0,0.0,20.200000000000003,17.6,16.566666666666666,17.6,36.0,0.0,0.0,24.200000000000003,21.6,17.400000000000002,15.200000000000001,34.0,0.0,0.0,32.0,23.200000000000003,19.400000000000002,20.0,36.0,0.0,0.0,34.2,26.200000000000003,22.333333333333332,22.0,37.0,0.0,0.0,35.0,40.0,24.0,25.0,39.0,0.0,0.0,38.0,42.0,28.666666666666668,34.0,46.0,7.0,0.0,42.0,43.0,31.666666666666668,38.0,49.0,12.0,0.0,45.0,46.0,6.0,2.0,33.0,0.0,0.0,0.0,1.0,9.0,13.0,35.0,0.0,0.0,0.0,6.0,64.16666666666667,68.0,84.0,55.0,50.0,61.0,67.0,66.83333333333333,72.0,87.0,57.0,53.0,64.0,68.0,15.5,13.0,33.0,0.0,0.0,33.0,14.0,18.0,19.0,36.0,0.0,0.0,35.0,18.0,17.066666666666666,16.900000000000002,33.0,0.0,0.0,34.0,18.5,19.333333333333332,21.0,36.0,0.0,0.0,37.0,22.0,21.375,25.0,35.0,0.0,0.0,40.0,28.25,23.25,28.25,38.0,0.0,0.0,42.0,31.25,32.25,56.5,41.0,10.0,0.0,43.0,43.0,34.916666666666664,60.5,43.0,14.0,0.0,46.0,46.0,11.333333333333334,2.0,33.0,0.0,0.0,32.0,1.0,14.666666666666666,13.0,35.0,0.0,0.0,34.0,6.0,69.16666666666667,84.0,84.0,55.0,59.0,67.0,66.0,71.66666666666667,87.0,87.0,57.0,63.0,68.0,68.0,27.333333333333332,59.0,33.0,0.0,0.0,32.0,40.0,29.166666666666668,63.0,35.0,0.0,0.0,35.0,42.0,27.5,60.0,33.0,0.0,0.0,32.0,40.0,29.5,64.0,36.0,0.0,0.0,35.0,42.0,28.0,60.0,34.0,0.0,0.0,33.0,41.0,29.833333333333332,64.0,36.0,0.0,0.0,36.0,43.0,29.333333333333332,62.0,35.0,0.0,0.0,36.0,43.0,31.0,66.0,37.0,0.0,0.0,38.0,45.0,27.333333333333332,59.0,33.0,0.0,0.0,32.0,40.0,29.0,63.0,35.0,0.0,0.0,34.0,42.0,35.0,68.0,40.0,0.0,0.0,51.0,51.0,37.0,72.0,43.0,0.0,0.0,54.0,53.0,C_p25,16.8397,1.6627374596934623,E1,3.5630088422002766,2.0190383439134902,0.0,0.0,1.959654863210152,2.4347227088368557,0.0,1.3109674413842658,3.0,3,1,6,"gingiva_multi_component,region_zero",False,False,False,0.7521907555756139,E1,1.7221257057055068,0.9501383203892452,0.0593836450243278,0.2969182251216391,0.1781509350729834,1.306440190535212,False
high/IMG_7291_jpg,IMG_7291_jpg,high/IMG_7291_jpg,high,train,0.0,2698,1799,True,oof,dev,5.9665,8.918,5.708,4.519,8.806,6.183,1.665,E2-E3,False,False,68.89166666666667,38.900000000000006,116.0,79.0,64.0,111.0,4.450000000000001,88.64166666666667,66.9,130.5,91.0,76.0,120.0,47.45,75.76666666666667,53.800000000000004,117.0,79.9,64.0,112.0,27.900000000000002,91.64999999999999,79.9,132.0,91.0,76.0,121.0,50.0,89.45833333333333,93.5,123.5,82.25,67.0,114.0,56.5,103.66666666666667,118.25,141.0,95.25,78.0,124.0,65.5,107.0,111.0,151.0,97.5,75.0,126.0,81.5,119.58333333333333,127.0,163.0,111.5,86.0,137.0,93.0,61.166666666666664,7.0,114.0,78.0,63.0,105.0,0.0,75.0,39.0,129.0,90.0,76.0,116.0,0.0,152.16666666666666,141.0,178.0,167.0,140.0,153.0,134.0,164.66666666666666,159.0,190.0,180.0,148.0,168.0,143.0,63.26666666666667,42.6,115.0,79.0,64.0,78.0,1.0,83.5,70.3,130.0,91.0,76.0,90.0,43.7,66.98333333333333,58.2,116.0,80.0,64.0,79.0,4.700000000000001,87.14999999999999,85.2,131.0,92.0,76.0,91.0,47.7,84.29166666666667,108.0,120.0,83.0,68.0,92.0,34.75,98.16666666666667,125.0,135.5,96.0,78.5,103.0,51.0,100.58333333333333,115.0,136.0,101.0,78.0,114.0,59.5,113.33333333333333,132.0,152.0,114.0,90.0,124.0,68.0,56.5,7.0,114.0,78.0,63.0,77.0,0.0,70.5,39.0,129.0,90.0,76.0,89.0,0.0,161.0,177.0,178.0,172.0,152.0,153.0,134.0,173.66666666666666,189.0,190.0,186.0,166.0,168.0,143.0,92.16666666666667,108.0,115.0,79.0,63.0,111.0,77.0,104.83333333333333,125.0,129.0,90.0,76.0,120.0,89.0,92.39999999999999,108.0,115.0,79.0,64.0,111.0,77.4,105.23333333333333,125.0,130.0,91.0,76.0,120.0,89.4,93.08333333333333,109.0,116.5,79.0,64.0,112.0,78.0,105.91666666666667,126.0,131.0,91.0,76.0,121.5,90.0,94.66666666666667,111.0,119.0,80.0,65.0,113.0,80.0,107.33333333333333,126.0,134.0,93.0,76.0,123.0,92.0,91.83333333333333,108.0,114.0,78.0,63.0,111.0,77.0,104.66666666666667,124.0,129.0,90.0,76.0,120.0,89.0,111.16666666666667,138.0,138.0,87.0,70.0,123.0,111.0,124.33333333333333,159.0,150.0,98.0,83.0,135.0,121.0,C_p25,16.8397,5.527612328802373,E2-E3,6.472799396663836,6.918175501938871,4.6912949755636975,3.8005427650136285,6.650949838773849,4.6319114948603595,0.0,5.251207269873169,12.5,2,3,6,gingiva_multi_component,False,False,False,5.775043498399615,E2-E3,8.58093670601537,7.957408433259928,5.641446277311143,3.5036350564353413,7.36357198301665,1.6033584156568512,False
high/gummy15_JPG,gummy15_JPG,high/gummy15_JPG,high,train,4.0,2698,1799,True,oof,holdout,3.583333333333333,5.6,4.7,3.3,2.1,2.8,3.0,E1-E2,False,False,49.56666666666666,46.5,88.0,48.0,37.0,56.0,21.900000000000002,59.475,60.25,96.0,58.0,46.0,64.0,32.6,53.75,56.5,89.0,49.0,37.0,57.0,34.0,63.26666666666667,69.0,97.0,59.0,47.0,65.0,42.6,61.416666666666664,74.0,93.0,55.0,40.0,61.0,45.5,70.83333333333333,84.0,101.0,65.0,50.0,70.0,55.0,76.08333333333333,80.0,110.0,80.0,52.0,78.5,56.0,85.33333333333333,89.0,119.0,91.0,61.5,86.5,65.0,38.166666666666664,2.0,88.0,47.0,36.0,55.0,1.0,50.666666666666664,24.0,96.0,56.0,46.0,63.0,19.0,132.16666666666666,120.0,162.0,166.0,134.0,119.0,92.0,141.0,128.0,170.0,177.0,144.0,127.0,100.0,50.791666666666664,51.05,88.0,48.0,37.0,56.0,24.7,60.400000000000006,64.05,96.0,58.0,46.0,64.0,34.35,54.51666666666667,61.1,89.0,49.0,37.0,56.0,35.0,64.01666666666667,73.1,97.0,59.0,47.0,64.0,44.0,61.625,76.0,90.0,57.0,40.75,58.0,48.0,70.91666666666667,85.0,98.0,67.0,50.75,67.0,57.75,76.91666666666667,90.0,104.0,86.0,55.5,69.0,57.0,86.08333333333333,99.5,112.0,96.5,65.5,77.0,66.0,38.166666666666664,2.0,88.0,47.0,36.0,55.0,1.0,50.666666666666664,24.0,96.0,56.0,46.0,63.0,19.0,143.16666666666666,161.0,165.0,166.0,134.0,119.0,114.0,152.33333333333334,168.0,176.0,177.0,144.0,127.0,122.0,59.61666666666667,74.0,88.0,47.0,37.0,55.7,56.0,68.45,84.0,96.0,57.0,46.0,63.7,64.0,60.0,75.0,88.0,48.0,37.0,56.0,56.0,68.66666666666667,84.0,96.0,58.0,46.0,64.0,64.0,60.583333333333336,76.0,89.0,49.0,37.0,56.5,56.0,69.5,85.0,97.0,58.5,47.0,65.0,64.5,62.5,79.0,90.0,51.0,38.0,58.0,59.0,71.33333333333333,88.0,98.0,61.0,47.0,67.0,67.0,59.333333333333336,74.0,88.0,47.0,36.0,55.0,56.0,68.16666666666667,84.0,96.0,56.0,46.0,63.0,64.0,81.0,89.0,100.0,78.0,42.0,85.0,92.0,90.16666666666667,99.0,107.0,90.0,52.0,93.0,100.0,C_p25,16.8397,3.5976492059438905,E1-E2,4.5131445334536835,5.285129782597077,2.909790554463559,2.1971887860235038,3.3551666597385936,3.3254749193869246,0.0,3.605160463806731,9.0,1,1,6,,False,False,False,3.4788822445372145,E1-E2,4.216238796727276,4.810075246970554,2.9691822512163912,2.197194865900129,3.5036350564353413,3.1770250088015386,False
high/IMG_2910_jpg,IMG_2910_jpg,high/IMG_2910_jpg,high,train,4.0,2698,1799,True,oof,dev,1.7566666666666666,0.324,2.108,2.838,2.27,1.703,1.297,E1,False,False,41.666666666666664,18.0,60.0,60.0,56.0,45.0,11.0,47.833333333333336,23.0,67.0,66.0,61.0,50.0,20.0,45.166666666666664,23.0,64.0,61.0,56.0,48.0,19.0,50.666666666666664,27.0,71.0,67.0,61.0,53.0,25.0,55.333333333333336,44.0,76.0,62.0,58.0,61.0,31.0,60.666666666666664,47.0,84.0,68.0,63.0,66.0,36.0,65.66666666666667,55.0,91.0,67.0,69.0,72.0,40.0,71.16666666666667,61.0,98.0,74.0,73.0,77.0,44.0,36.333333333333336,2.0,57.0,60.0,55.0,42.0,2.0,44.333333333333336,15.0,63.0,66.0,60.0,47.0,15.0,97.83333333333333,80.0,116.0,118.0,123.0,100.0,50.0,102.66666666666667,85.0,124.0,122.0,127.0,105.0,53.0,38.88333333333333,14.2,54.0,61.0,56.0,39.0,9.1,44.74166666666667,20.2,59.0,66.0,61.0,43.7,18.55,40.75,18.4,54.0,61.0,57.0,40.0,14.1,46.4,23.4,60.0,67.0,62.0,44.0,22.0,46.708333333333336,30.0,59.0,64.0,60.0,42.5,24.75,51.458333333333336,33.0,64.0,70.0,65.0,47.0,29.75,59.166666666666664,51.0,73.0,76.0,70.0,50.0,35.0,64.66666666666667,55.0,80.0,83.0,75.0,55.0,40.0,34.833333333333336,2.0,52.0,60.0,55.0,38.0,2.0,42.666666666666664,15.0,57.0,66.0,60.0,43.0,15.0,98.5,80.0,116.0,122.0,123.0,100.0,50.0,103.16666666666667,85.0,123.0,126.0,127.0,105.0,53.0,41.666666666666664,18.0,60.0,60.0,56.0,45.0,11.0,47.833333333333336,23.0,67.0,66.0,61.0,50.0,20.0,45.166666666666664,23.0,64.0,61.0,56.0,48.0,19.0,50.666666666666664,27.0,71.0,67.0,61.0,53.0,25.0,55.333333333333336,44.0,76.0,62.0,58.0,61.0,31.0,60.666666666666664,47.0,84.0,68.0,63.0,66.0,36.0,65.66666666666667,55.0,91.0,67.0,69.0,72.0,40.0,71.16666666666667,61.0,98.0,74.0,73.0,77.0,44.0,36.333333333333336,2.0,57.0,60.0,55.0,42.0,2.0,44.333333333333336,15.0,63.0,66.0,60.0,47.0,15.0,97.83333333333333,80.0,116.0,118.0,123.0,100.0,50.0,102.66666666666667,85.0,124.0,122.0,127.0,105.0,53.0,C_p25,16.8397,3.2858859322513663,E1-E2,2.6128731509468697,4.5131445334536835,3.6817758036069526,3.4442418807936006,3.6223923229036146,1.8408879018034763,0.0,3.248068586116241,5.0,1,1,0,zenith_detection_failed,True,False,False,3.2858859322513663,E1-E2,2.4941130910217684,4.810075246970554,3.741169636532653,3.0879495412650466,3.1473331862893748,2.4347294459974407,True
high/IMG_2711-_jpg,IMG_2711-_jpg,high/IMG_2711-_jpg,high,train,0.0,2699,1799,True,oof,dev,1.4118333333333333,0.684,2.265,2.521,1.996,1.005,0.0,E1,True,False,40.71666666666667,20.0,50.0,50.0,53.65,48.0,22.65,45.65833333333333,23.65,55.0,56.0,58.65,53.0,27.65,42.38333333333333,21.3,50.0,51.0,56.0,48.0,28.0,46.88333333333333,24.3,55.0,57.0,60.0,53.0,32.0,45.041666666666664,25.0,54.0,52.0,62.0,48.0,29.25,49.791666666666664,28.25,59.0,58.0,66.25,53.0,34.25,56.75,40.5,72.0,56.0,76.0,56.0,40.0,61.5,44.0,77.0,62.0,81.0,61.0,44.0,35.5,1.0,50.0,50.0,51.0,48.0,13.0,41.166666666666664,8.0,55.0,56.0,56.0,52.0,20.0,105.0,90.0,142.0,125.0,106.0,98.0,69.0,110.33333333333333,95.0,148.0,131.0,111.0,104.0,73.0,35.53333333333333,20.0,50.0,51.0,48.0,28.0,16.2,40.40833333333333,23.05,55.0,56.2,53.0,33.0,22.2,36.06666666666667,21.0,50.0,51.0,48.0,28.0,18.4,41.06666666666667,24.0,55.0,57.0,53.0,33.0,24.4,40.291666666666664,24.0,54.0,54.0,50.0,32.75,27.0,45.291666666666664,28.0,59.0,60.0,55.0,37.75,32.0,52.75,37.5,71.0,60.0,60.0,47.0,41.0,57.166666666666664,41.0,76.0,66.0,64.0,51.0,45.0,31.5,1.0,50.0,50.0,48.0,27.0,13.0,37.166666666666664,8.0,55.0,56.0,52.0,32.0,20.0,106.0,90.0,142.0,141.0,105.0,98.0,60.0,111.33333333333333,95.0,148.0,147.0,110.0,104.0,64.0,40.71666666666667,20.0,50.0,50.0,53.65,48.0,22.65,45.65833333333333,23.65,55.0,56.0,58.65,53.0,27.65,42.38333333333333,21.3,50.0,51.0,56.0,48.0,28.0,46.88333333333333,24.3,55.0,57.0,60.0,53.0,32.0,45.041666666666664,25.0,54.0,52.0,62.0,48.0,29.25,49.791666666666664,28.25,59.0,58.0,66.25,53.0,34.25,56.75,40.5,72.0,56.0,76.0,56.0,40.0,61.5,44.0,77.0,62.0,81.0,61.0,44.0,35.5,1.0,50.0,50.0,51.0,48.0,13.0,41.166666666666664,8.0,55.0,56.0,56.0,52.0,20.0,105.0,90.0,142.0,125.0,106.0,98.0,69.0,110.33333333333333,95.0,148.0,131.0,111.0,104.0,73.0,C_p25,16.8397,2.6747309433461797,E1,1.4845870175834486,3.206707957980249,3.087940996573573,3.6817758036069526,2.850407073760221,1.7369668105726348,0.0,2.6439473957768493,5.0,1,1,0,zenith_detection_failed,True,False,False,3.068146503005793,E1-E2,1.5439747706325233,4.335006086775931,3.384867766386686,3.622402346483997,3.1473331862893748,2.375345800973113,True
high/IMG_2456_jpeg,IMG_2456_jpeg,high/IMG_2456_jpeg,high,test,2.0,2698,1799,True,oof,holdout,2.718,4.231,4.077,1.077,0.538,3.231,3.154,E1,False,False,33.6,0.0,58.0,69.0,42.3,27.0,5.300000000000001,40.150000000000006,0.0,66.3,78.0,48.3,35.0,13.3,36.266666666666666,1.2000000000000028,58.0,69.0,47.6,27.0,14.800000000000004,43.53333333333333,5.400000000000013,67.0,78.0,53.6,35.0,22.200000000000003,46.583333333333336,13.5,62.0,70.0,61.0,29.0,44.0,54.083333333333336,20.5,71.0,78.0,68.0,36.0,51.0,56.833333333333336,31.0,76.0,70.0,75.0,37.0,52.0,64.16666666666667,36.0,84.0,79.0,83.0,44.0,59.0,32.0,0.0,57.0,69.0,38.0,27.0,1.0,38.333333333333336,0.0,66.0,77.0,44.0,34.0,9.0,92.16666666666667,91.0,109.0,80.0,101.0,88.0,84.0,99.66666666666667,98.0,117.0,88.0,109.0,95.0,91.0,22.966666666666665,5.6,0.0,58.0,28.0,44.0,2.2,29.766666666666666,15.6,0.0,66.0,35.0,51.0,11.0,24.266666666666666,8.2,0.0,58.0,31.0,45.0,3.4000000000000004,31.166666666666668,17.6,0.0,67.0,38.0,52.0,12.4,32.25,15.0,7.5,61.0,51.0,48.0,11.0,39.5,21.5,15.0,69.0,57.5,55.0,19.0,46.833333333333336,23.0,28.0,69.0,70.0,57.0,34.0,53.666666666666664,28.0,34.0,77.0,79.0,64.0,40.0,21.666666666666668,2.0,0.0,57.0,27.0,43.0,1.0,28.833333333333332,14.0,0.0,66.0,34.0,50.0,9.0,85.83333333333333,43.0,91.0,109.0,108.0,88.0,76.0,93.0,48.0,98.0,117.0,117.0,95.0,83.0,33.6,0.0,58.0,69.0,42.3,27.0,5.300000000000001,40.150000000000006,0.0,66.3,78.0,48.3,35.0,13.3,36.266666666666666,1.2000000000000028,58.0,69.0,47.6,27.0,14.800000000000004,43.53333333333333,5.400000000000013,67.0,78.0,53.6,35.0,22.200000000000003,46.583333333333336,13.5,62.0,70.0,61.0,29.0,44.0,54.083333333333336,20.5,71.0,78.0,68.0,36.0,51.0,56.833333333333336,31.0,76.0,70.0,75.0,37.0,52.0,64.16666666666667,36.0,84.0,79.0,83.0,44.0,59.0,32.0,0.0,57.0,69.0,38.0,27.0,1.0,38.333333333333336,0.0,66.0,77.0,44.0,34.0,9.0,92.16666666666667,91.0,109.0,80.0,101.0,88.0,84.0,99.66666666666667,98.0,117.0,88.0,109.0,95.0,91.0,C_p25,16.8397,2.7662804760971595,E1,0.8016769894950623,3.6817758036069526,4.1568436492336565,3.6223923229036146,1.7221209403968003,2.6128731509468697,0.0,2.734443282588823,8.0,2,1,0,"gingiva_multi_component,zenith_detection_failed",True,False,False,2.6227703977307586,E1,0.7719873853162617,3.5036350564353413,3.919320571605637,2.5238049135339327,4.186546974215111,0.8313710303405896,False
high/IMG_6399-_jpg,IMG_6399-_jpg,high/IMG_6399-_jpg,high,train,3.0,2699,1799,True,oof,dev,7.533333333333334,5.676,8.62,8.935,7.253,8.199,6.517,E3,False,False,101.59166666666668,25.3,150.0,151.0,113.0,132.3,37.95,115.04166666666667,45.3,162.0,162.0,123.0,141.65,56.3,107.75,38.6,150.0,151.3,114.0,143.0,49.6,120.81666666666666,57.3,162.0,162.0,123.0,153.3,67.3,118.5,63.0,155.0,153.0,117.0,145.0,78.0,131.41666666666666,81.25,167.0,164.0,127.25,156.0,93.0,136.5,93.0,170.0,158.5,128.5,155.0,114.0,148.58333333333334,109.5,181.5,169.5,139.0,166.0,126.0,91.16666666666667,1.0,149.0,151.0,113.0,124.0,9.0,106.66666666666667,28.0,161.0,161.0,122.0,134.0,34.0,191.16666666666666,179.0,214.0,194.0,210.0,199.0,151.0,202.33333333333334,192.0,225.0,204.0,221.0,208.0,164.0,98.58333333333333,35.85,151.0,113.6,144.0,114.0,33.050000000000004,111.95833333333333,54.7,162.0,123.0,155.0,126.0,51.050000000000004,103.14999999999999,52.0,151.5,114.0,144.0,114.0,43.400000000000006,116.28333333333335,70.0,162.0,123.0,155.0,126.0,61.7,114.20833333333333,88.0,153.0,118.0,146.25,116.5,63.5,127.125,105.25,164.0,128.0,158.0,128.0,79.5,136.91666666666666,149.0,159.0,133.0,156.5,129.0,95.0,148.41666666666666,161.0,170.0,143.0,168.0,140.0,108.5,88.5,1.0,151.0,113.0,143.0,114.0,9.0,104.16666666666667,28.0,161.0,122.0,154.0,126.0,34.0,199.5,214.0,214.0,210.0,210.0,199.0,150.0,210.5,225.0,225.0,221.0,221.0,208.0,163.0,101.59166666666668,25.3,150.0,151.0,113.0,132.3,37.95,115.04166666666667,45.3,162.0,162.0,123.0,141.65,56.3,107.75,38.6,150.0,151.3,114.0,143.0,49.6,120.81666666666666,57.3,162.0,162.0,123.0,153.3,67.3,118.5,63.0,155.0,153.0,117.0,145.0,78.0,131.41666666666666,81.25,167.0,164.0,127.25,156.0,93.0,136.5,93.0,170.0,158.5,128.5,155.0,114.0,148.58333333333334,109.5,181.5,169.5,139.0,166.0,126.0,91.16666666666667,1.0,149.0,151.0,113.0,124.0,9.0,106.66666666666667,28.0,161.0,161.0,122.0,134.0,34.0,191.16666666666666,179.0,214.0,194.0,210.0,199.0,151.0,202.33333333333334,192.0,225.0,204.0,221.0,208.0,164.0,C_p25,16.8397,7.036942463345547,E3,3.7411592843102905,9.204439509017382,9.085672547610706,6.947867242290539,8.610604701984002,4.6319114948603595,0.0,6.955954110628456,11.0,1,1,0,zenith_detection_failed,True,False,False,7.457575451660856,E3,4.988226182043537,8.81847128611268,9.085697688722156,6.621276420212552,8.551244883503207,6.68066006523688,False
high/IMG_6764_jpg,IMG_6764_jpg,high/IMG_6764_jpg,high,train,3.0,2699,1799,True,oof,dev,1.2785,1.994,2.148,0.844,0.0,1.074,1.611,E1,True,False,31.208333333333332,54.75,43.0,16.0,0.0,29.0,44.5,36.625,62.0,50.0,21.0,0.0,34.0,52.75,33.666666666666664,62.0,44.0,17.0,0.0,30.0,49.0,38.916666666666664,73.5,50.0,22.0,0.0,34.0,54.0,43.208333333333336,101.75,48.0,19.0,0.75,37.0,52.75,49.0,110.75,53.0,23.0,8.25,41.0,58.0,57.75,113.0,53.0,31.5,17.5,63.0,68.5,63.333333333333336,120.5,59.0,36.5,22.0,67.0,75.0,18.666666666666668,19.0,42.0,16.0,0.0,28.0,7.0,30.166666666666668,56.0,48.0,21.0,0.0,33.0,23.0,112.16666666666667,144.0,126.0,104.0,89.0,110.0,100.0,117.16666666666667,150.0,131.0,110.0,93.0,114.0,105.0,31.641666666666666,48.35,48.0,17.0,0.0,29.0,47.5,39.291666666666664,74.2,53.55,21.0,0.0,34.0,53.0,35.1,65.60000000000001,49.0,18.0,0.0,29.0,49.0,41.26666666666667,83.3,54.0,22.3,0.0,34.0,54.0,43.208333333333336,91.25,56.0,25.0,0.0,32.0,55.0,48.041666666666664,100.25,61.0,30.0,0.0,37.0,60.0,66.16666666666667,109.5,107.5,47.0,16.0,45.0,72.0,71.91666666666667,117.5,114.0,53.0,20.0,49.0,78.0,19.666666666666668,19.0,48.0,16.0,0.0,28.0,7.0,32.0,62.0,53.0,21.0,0.0,33.0,23.0,121.33333333333333,143.0,144.0,126.0,96.0,110.0,109.0,126.5,149.0,150.0,131.0,101.0,114.0,114.0,30.45,48.0,42.0,16.0,0.0,28.7,48.0,34.666666666666664,53.0,48.0,21.0,0.0,33.0,53.0,30.666666666666668,48.0,42.0,16.0,0.0,29.0,49.0,35.06666666666667,53.0,49.0,21.0,0.0,33.4,54.0,31.25,48.5,44.0,17.0,0.0,29.0,49.0,35.5,54.0,50.0,21.0,0.0,34.0,54.0,32.666666666666664,50.0,45.0,18.0,0.0,31.0,52.0,37.0,55.0,52.0,22.0,0.0,36.0,57.0,30.333333333333332,48.0,42.0,16.0,0.0,28.0,48.0,34.666666666666664,53.0,48.0,21.0,0.0,33.0,53.0,45.666666666666664,65.0,56.0,22.0,6.0,43.0,82.0,51.166666666666664,70.0,62.0,27.0,14.0,47.0,87.0,C_p25,16.8397,1.8557337719793108,E1,2.88009881411189,2.6128731509468697,1.0095191719567451,0.0,1.7221209403968003,2.909790554463559,0.0,2.536330665513962,5.0,2,1,6,gingiva_multi_component,False,False,False,1.7171723170048556,E1,3.0879495412650466,2.256578510924457,0.8313710303405896,0.1187672900486556,1.4252074805838677,2.5831885585582604,False
high/IMG_8554_jpg,IMG_8554_jpg,high/IMG_8554_jpg,high,valid,0.0,2699,1799,True,oof,dev,3.903333333333333,4.644,4.145,2.097,2.147,4.544,5.843,E1-E2,False,False,59.51666666666667,63.05,70.0,38.0,46.0,71.0,69.05,72.45833333333333,87.05,79.0,46.0,54.0,81.0,87.7,68.60000000000001,85.1,70.0,38.0,46.0,80.4,92.1,80.01666666666667,104.0,79.0,46.0,55.0,89.7,106.4,75.58333333333333,96.75,74.0,42.0,48.0,83.75,109.0,84.83333333333333,106.0,84.0,49.0,57.0,95.0,118.0,89.0,112.5,96.5,52.0,57.0,95.0,121.0,98.75,126.5,105.5,59.5,66.0,105.0,130.0,41.833333333333336,18.0,69.0,38.0,46.0,63.0,17.0,61.0,59.0,79.0,45.0,54.0,74.0,55.0,134.16666666666666,137.0,145.0,125.0,114.0,137.0,147.0,143.33333333333334,147.0,154.0,135.0,121.0,148.0,155.0,58.449999999999996,68.95,69.5,38.0,46.0,82.0,46.25,72.95,92.95,79.0,46.0,54.0,94.0,71.75,65.93333333333334,95.3,70.0,39.0,46.0,83.3,62.0,76.91666666666667,104.0,79.0,46.0,55.0,95.0,82.5,74.25,98.0,72.0,42.0,49.0,93.75,90.75,84.75,108.0,82.0,50.0,58.0,105.0,105.5,89.58333333333333,112.0,82.0,55.0,60.0,111.0,117.5,99.33333333333333,123.5,92.0,63.0,70.0,120.0,127.5,44.833333333333336,18.0,69.0,38.0,46.0,81.0,17.0,64.0,59.0,79.0,45.0,54.0,92.0,55.0,140.66666666666666,144.0,145.0,125.0,137.0,147.0,146.0,150.0,153.0,154.0,135.0,148.0,155.0,155.0,72.66666666666667,96.0,69.0,38.0,46.0,81.0,106.0,81.83333333333333,104.0,79.0,46.0,54.0,93.0,115.0,72.89999999999999,96.0,69.0,38.0,46.0,82.0,106.4,81.83333333333333,104.0,79.0,46.0,54.0,93.0,115.0,73.41666666666667,96.0,70.0,38.0,46.0,82.5,108.0,82.66666666666667,105.0,79.0,46.0,55.0,94.0,117.0,75.16666666666667,98.0,71.0,40.0,47.0,84.0,111.0,84.16666666666667,106.0,81.0,47.0,55.0,96.0,120.0,72.66666666666667,96.0,69.0,38.0,46.0,81.0,106.0,81.5,104.0,79.0,45.0,54.0,92.0,115.0,84.16666666666667,104.0,79.0,45.0,52.0,93.0,132.0,93.16666666666667,113.0,88.0,53.0,59.0,105.0,141.0,C_p25,16.8397,4.359737208303394,E2-E3,5.700814147520442,4.1568436492336565,2.2565722667268417,2.731640112353545,4.89913715802538,6.413415915960498,0.0,4.436744288565407,9.0,1,1,6,,False,False,False,4.255816117072553,E2-E3,5.344528052189504,4.216238796727276,2.375345800973113,2.5534967360460965,4.869458891994881,6.175899082530093,False
high/IMG_7285_jpg,IMG_7285_jpg,high/IMG_7285_jpg,high,train,1.0,2697,1798,True,oof,dev,3.535,3.743,3.618,2.745,2.246,3.618,5.24,E1-E2,False,False,43.65,36.4,52.0,39.0,33.0,54.0,47.5,56.291666666666664,58.0,62.0,46.0,42.0,61.0,68.75,49.0,50.0,53.0,39.0,34.0,55.0,63.0,58.0,59.0,62.0,46.0,43.0,62.0,76.0,52.166666666666664,53.0,57.0,40.0,35.0,59.0,69.0,60.833333333333336,62.0,66.0,47.0,44.0,66.0,80.0,60.666666666666664,62.0,67.0,45.0,40.0,76.0,74.0,69.75,75.0,75.0,52.5,48.0,84.0,84.0,31.166666666666668,4.0,52.0,38.0,33.0,51.0,9.0,47.666666666666664,36.0,61.0,45.0,42.0,59.0,43.0,93.0,86.0,95.0,87.0,90.0,100.0,100.0,101.16666666666667,95.0,104.0,95.0,97.0,108.0,108.0,40.583333333333336,28.7,51.0,39.0,33.0,55.0,36.800000000000004,53.81666666666666,52.7,59.0,46.0,42.0,62.0,61.2,45.20000000000001,40.8,51.0,39.0,34.0,55.0,51.400000000000006,57.800000000000004,62.8,59.8,47.0,43.0,62.0,72.2,54.416666666666664,61.5,53.0,44.0,36.0,66.0,66.0,63.666666666666664,74.0,61.0,51.25,45.0,73.75,77.0,61.666666666666664,66.0,58.0,56.0,42.0,76.0,72.0,71.08333333333333,78.0,66.0,64.5,51.0,84.0,83.0,31.333333333333332,4.0,50.0,38.0,33.0,54.0,9.0,47.5,36.0,58.0,45.0,42.0,61.0,43.0,95.83333333333333,85.0,95.0,95.0,100.0,100.0,100.0,104.33333333333333,94.0,104.0,104.0,108.0,108.0,108.0,49.833333333333336,50.0,52.0,38.0,33.0,54.0,72.0,57.833333333333336,59.0,61.0,45.0,42.0,61.0,79.0,50.23333333333333,51.0,52.0,38.4,33.0,55.0,72.0,58.23333333333333,59.0,62.0,45.4,42.0,61.0,80.0,50.916666666666664,51.5,53.0,39.0,34.0,55.0,73.0,59.0,60.0,62.0,46.0,43.0,62.0,81.0,52.166666666666664,54.0,54.0,39.0,34.0,57.0,75.0,60.333333333333336,62.0,64.0,46.0,43.0,64.0,83.0,49.666666666666664,50.0,52.0,38.0,33.0,54.0,71.0,57.666666666666664,58.0,61.0,45.0,42.0,61.0,79.0,62.166666666666664,63.0,67.0,43.0,38.0,74.0,88.0,70.33333333333333,71.0,77.0,51.0,46.0,82.0,95.0,C_p25,16.8397,3.0236088924782902,E1-E2,3.058249256221904,3.147324477276911,2.3159557474301797,2.0190383439134902,3.266091438683587,4.3349940913436695,0.0,3.0621851429348896,8.0,1,1,6,,False,False,False,2.998865775518566,E1,2.701955848606916,3.1770250088015386,2.612880381070424,2.256578510924457,2.8504149611677354,4.394389731800259,False
